ISO-10303-21;
HEADER;
FILE_DESCRIPTION(('KiCad electronic assembly'),'2;1');
FILE_NAME('Light_Commander_panel.step','2026-09-29T23:19:33',('Pcbnew'),
  ('Kicad'),'Open CASCADE STEP processor 7.9','KiCad to STEP converter',
  'Unknown');
FILE_SCHEMA(('AUTOMOTIVE_DESIGN { 1 0 10303 214 1 1 1 1 }'));
ENDSEC;
DATA;
#1 = APPLICATION_PROTOCOL_DEFINITION('international standard',
  'automotive_design',2000,#2);
#2 = APPLICATION_CONTEXT(
  'core data for automotive mechanical design processes');
#3 = SHAPE_DEFINITION_REPRESENTATION(#4,#10);
#4 = PRODUCT_DEFINITION_SHAPE('','',#5);
#5 = PRODUCT_DEFINITION('design','',#6,#9);
#6 = PRODUCT_DEFINITION_FORMATION('','',#7);
#7 = PRODUCT('Light_Commander_panel 1','Light_Commander_panel 1','',(#8)
  );
#8 = PRODUCT_CONTEXT('',#2,'mechanical');
#9 = PRODUCT_DEFINITION_CONTEXT('part definition',#2,'design');
#10 = SHAPE_REPRESENTATION('',(#11,#15,#19,#23,#27,#31),#35);
#11 = AXIS2_PLACEMENT_3D('',#12,#13,#14);
#12 = CARTESIAN_POINT('',(0.,0.,0.));
#13 = DIRECTION('',(0.,0.,1.));
#14 = DIRECTION('',(1.,0.,-0.));
#15 = AXIS2_PLACEMENT_3D('',#16,#17,#18);
#16 = CARTESIAN_POINT('',(0.,0.,0.));
#17 = DIRECTION('',(0.,0.,1.));
#18 = DIRECTION('',(1.,0.,-0.));
#19 = AXIS2_PLACEMENT_3D('',#20,#21,#22);
#20 = CARTESIAN_POINT('',(0.,0.,0.));
#21 = DIRECTION('',(0.,0.,1.));
#22 = DIRECTION('',(1.,0.,-0.));
#23 = AXIS2_PLACEMENT_3D('',#24,#25,#26);
#24 = CARTESIAN_POINT('',(0.,0.,0.));
#25 = DIRECTION('',(0.,0.,1.));
#26 = DIRECTION('',(1.,0.,-0.));
#27 = AXIS2_PLACEMENT_3D('',#28,#29,#30);
#28 = CARTESIAN_POINT('',(0.,0.,0.));
#29 = DIRECTION('',(0.,0.,1.));
#30 = DIRECTION('',(1.,0.,-0.));
#31 = AXIS2_PLACEMENT_3D('',#32,#33,#34);
#32 = CARTESIAN_POINT('',(0.,0.,0.));
#33 = DIRECTION('',(0.,0.,1.));
#34 = DIRECTION('',(1.,0.,-0.));
#35 = ( GEOMETRIC_REPRESENTATION_CONTEXT(3) 
GLOBAL_UNCERTAINTY_ASSIGNED_CONTEXT((#39)) GLOBAL_UNIT_ASSIGNED_CONTEXT(
(#36,#37,#38)) REPRESENTATION_CONTEXT('Context #1',
  '3D Context with UNIT and UNCERTAINTY') );
#36 = ( LENGTH_UNIT() NAMED_UNIT(*) SI_UNIT(.MILLI.,.METRE.) );
#37 = ( NAMED_UNIT(*) PLANE_ANGLE_UNIT() SI_UNIT($,.RADIAN.) );
#38 = ( NAMED_UNIT(*) SI_UNIT($,.STERADIAN.) SOLID_ANGLE_UNIT() );
#39 = UNCERTAINTY_MEASURE_WITH_UNIT(LENGTH_MEASURE(1.E-07),#36,
  'distance_accuracy_value','confusion accuracy');
#40 = PRODUCT_RELATED_PRODUCT_CATEGORY('part',$,(#7));
#41 = SHAPE_DEFINITION_REPRESENTATION(#42,#48);
#42 = PRODUCT_DEFINITION_SHAPE('','',#43);
#43 = PRODUCT_DEFINITION('design','',#44,#47);
#44 = PRODUCT_DEFINITION_FORMATION('','',#45);
#45 = PRODUCT('Light_Commander_panel_copper',
  'Light_Commander_panel_copper','',(#46));
#46 = PRODUCT_CONTEXT('',#2,'mechanical');
#47 = PRODUCT_DEFINITION_CONTEXT('part definition',#2,'design');
#48 = ADVANCED_BREP_SHAPE_REPRESENTATION('',(#11,#49),#2249);
#49 = MANIFOLD_SOLID_BREP('',#50);
#50 = CLOSED_SHELL('',(#51,#93,#124,#157,#188,#221,#252,#285,#316,#349,
    #380,#413,#444,#477,#508,#541,#572,#605,#636,#669,#700,#733,#764,
    #797,#828,#861,#892,#925,#956,#989,#1020,#1053,#1084,#1117,#1148,
    #1181,#1212,#1245,#1276,#1309,#1331,#1364,#1397,#1430,#1463,#1496,
    #1529,#1562,#1595,#1628,#1661,#1694,#1727,#1760,#1793,#1835,#1866,
    #1899,#1930,#1963,#1994,#2027,#2049,#2149));
#51 = ADVANCED_FACE('',(#52),#88,.T.);
#52 = FACE_BOUND('',#53,.T.);
#53 = EDGE_LOOP('',(#54,#64,#73,#81));
#54 = ORIENTED_EDGE('',*,*,#55,.T.);
#55 = EDGE_CURVE('',#56,#58,#60,.T.);
#56 = VERTEX_POINT('',#57);
#57 = CARTESIAN_POINT('',(65.1005,-36.3745,1.51));
#58 = VERTEX_POINT('',#59);
#59 = CARTESIAN_POINT('',(65.1005,-36.3745,1.545));
#60 = LINE('',#61,#62);
#61 = CARTESIAN_POINT('',(65.1005,-36.3745,1.51));
#62 = VECTOR('',#63,1.);
#63 = DIRECTION('',(0.,0.,1.));
#64 = ORIENTED_EDGE('',*,*,#65,.T.);
#65 = EDGE_CURVE('',#58,#66,#68,.T.);
#66 = VERTEX_POINT('',#67);
#67 = CARTESIAN_POINT('',(65.2245,-36.2505,1.545));
#68 = CIRCLE('',#69,0.124001618184);
#69 = AXIS2_PLACEMENT_3D('',#70,#71,#72);
#70 = CARTESIAN_POINT('',(65.224501618174,-36.37450161817,1.545));
#71 = DIRECTION('',(0.,0.,-1.));
#72 = DIRECTION('',(-0.999999999915,1.304961828004E-05,0.));
#73 = ORIENTED_EDGE('',*,*,#74,.F.);
#74 = EDGE_CURVE('',#75,#66,#77,.T.);
#75 = VERTEX_POINT('',#76);
#76 = CARTESIAN_POINT('',(65.2245,-36.2505,1.51));
#77 = LINE('',#78,#79);
#78 = CARTESIAN_POINT('',(65.2245,-36.2505,1.51));
#79 = VECTOR('',#80,1.);
#80 = DIRECTION('',(0.,0.,1.));
#81 = ORIENTED_EDGE('',*,*,#82,.F.);
#82 = EDGE_CURVE('',#56,#75,#83,.T.);
#83 = CIRCLE('',#84,0.124001618184);
#84 = AXIS2_PLACEMENT_3D('',#85,#86,#87);
#85 = CARTESIAN_POINT('',(65.224501618174,-36.37450161817,1.51));
#86 = DIRECTION('',(0.,0.,-1.));
#87 = DIRECTION('',(-0.999999999915,1.304961828004E-05,0.));
#88 = CYLINDRICAL_SURFACE('',#89,0.124001618184);
#89 = AXIS2_PLACEMENT_3D('',#90,#91,#92);
#90 = CARTESIAN_POINT('',(65.224501618174,-36.37450161817,1.51));
#91 = DIRECTION('',(0.,0.,-1.));
#92 = DIRECTION('',(-0.999999999915,1.304961828004E-05,0.));
#93 = ADVANCED_FACE('',(#94),#119,.T.);
#94 = FACE_BOUND('',#95,.T.);
#95 = EDGE_LOOP('',(#96,#97,#105,#113));
#96 = ORIENTED_EDGE('',*,*,#74,.T.);
#97 = ORIENTED_EDGE('',*,*,#98,.T.);
#98 = EDGE_CURVE('',#66,#99,#101,.T.);
#99 = VERTEX_POINT('',#100);
#100 = CARTESIAN_POINT('',(72.13392,-36.2505,1.545));
#101 = LINE('',#102,#103);
#102 = CARTESIAN_POINT('',(65.2245,-36.2505,1.545));
#103 = VECTOR('',#104,1.);
#104 = DIRECTION('',(1.,0.,0.));
#105 = ORIENTED_EDGE('',*,*,#106,.F.);
#106 = EDGE_CURVE('',#107,#99,#109,.T.);
#107 = VERTEX_POINT('',#108);
#108 = CARTESIAN_POINT('',(72.13392,-36.2505,1.51));
#109 = LINE('',#110,#111);
#110 = CARTESIAN_POINT('',(72.13392,-36.2505,1.51));
#111 = VECTOR('',#112,1.);
#112 = DIRECTION('',(0.,0.,1.));
#113 = ORIENTED_EDGE('',*,*,#114,.F.);
#114 = EDGE_CURVE('',#75,#107,#115,.T.);
#115 = LINE('',#116,#117);
#116 = CARTESIAN_POINT('',(65.2245,-36.2505,1.51));
#117 = VECTOR('',#118,1.);
#118 = DIRECTION('',(1.,0.,0.));
#119 = PLANE('',#120);
#120 = AXIS2_PLACEMENT_3D('',#121,#122,#123);
#121 = CARTESIAN_POINT('',(65.2245,-36.2505,1.51));
#122 = DIRECTION('',(0.,1.,0.));
#123 = DIRECTION('',(1.,0.,0.));
#124 = ADVANCED_FACE('',(#125),#152,.T.);
#125 = FACE_BOUND('',#126,.T.);
#126 = EDGE_LOOP('',(#127,#128,#137,#145));
#127 = ORIENTED_EDGE('',*,*,#106,.T.);
#128 = ORIENTED_EDGE('',*,*,#129,.T.);
#129 = EDGE_CURVE('',#99,#130,#132,.T.);
#130 = VERTEX_POINT('',#131);
#131 = CARTESIAN_POINT('',(72.187721,-36.48622,1.545));
#132 = CIRCLE('',#133,0.123999921004);
#133 = AXIS2_PLACEMENT_3D('',#134,#135,#136);
#134 = CARTESIAN_POINT('',(72.133919472534,-36.374499921,1.545));
#135 = DIRECTION('',(0.,0.,-1.));
#136 = DIRECTION('',(4.253764783697E-06,0.999999999991,0.));
#137 = ORIENTED_EDGE('',*,*,#138,.F.);
#138 = EDGE_CURVE('',#139,#130,#141,.T.);
#139 = VERTEX_POINT('',#140);
#140 = CARTESIAN_POINT('',(72.187721,-36.48622,1.51));
#141 = LINE('',#142,#143);
#142 = CARTESIAN_POINT('',(72.187721,-36.48622,1.51));
#143 = VECTOR('',#144,1.);
#144 = DIRECTION('',(0.,0.,1.));
#145 = ORIENTED_EDGE('',*,*,#146,.F.);
#146 = EDGE_CURVE('',#107,#139,#147,.T.);
#147 = CIRCLE('',#148,0.123999921004);
#148 = AXIS2_PLACEMENT_3D('',#149,#150,#151);
#149 = CARTESIAN_POINT('',(72.133919472534,-36.374499921,1.51));
#150 = DIRECTION('',(0.,0.,-1.));
#151 = DIRECTION('',(4.253764783697E-06,0.999999999991,0.));
#152 = CYLINDRICAL_SURFACE('',#153,0.123999921004);
#153 = AXIS2_PLACEMENT_3D('',#154,#155,#156);
#154 = CARTESIAN_POINT('',(72.133919472534,-36.374499921,1.51));
#155 = DIRECTION('',(0.,0.,-1.));
#156 = DIRECTION('',(4.253764783697E-06,0.999999999991,0.));
#157 = ADVANCED_FACE('',(#158),#183,.T.);
#158 = FACE_BOUND('',#159,.T.);
#159 = EDGE_LOOP('',(#160,#161,#169,#177));
#160 = ORIENTED_EDGE('',*,*,#138,.T.);
#161 = ORIENTED_EDGE('',*,*,#162,.T.);
#162 = EDGE_CURVE('',#130,#163,#165,.T.);
#163 = VERTEX_POINT('',#164);
#164 = CARTESIAN_POINT('',(72.03856,-36.558051,1.545));
#165 = LINE('',#166,#167);
#166 = CARTESIAN_POINT('',(72.187721,-36.48622,1.545));
#167 = VECTOR('',#168,1.);
#168 = DIRECTION('',(-0.900971587355,-0.43387809207,0.));
#169 = ORIENTED_EDGE('',*,*,#170,.F.);
#170 = EDGE_CURVE('',#171,#163,#173,.T.);
#171 = VERTEX_POINT('',#172);
#172 = CARTESIAN_POINT('',(72.03856,-36.558051,1.51));
#173 = LINE('',#174,#175);
#174 = CARTESIAN_POINT('',(72.03856,-36.558051,1.51));
#175 = VECTOR('',#176,1.);
#176 = DIRECTION('',(0.,0.,1.));
#177 = ORIENTED_EDGE('',*,*,#178,.F.);
#178 = EDGE_CURVE('',#139,#171,#179,.T.);
#179 = LINE('',#180,#181);
#180 = CARTESIAN_POINT('',(72.187721,-36.48622,1.51));
#181 = VECTOR('',#182,1.);
#182 = DIRECTION('',(-0.900971587355,-0.43387809207,0.));
#183 = PLANE('',#184);
#184 = AXIS2_PLACEMENT_3D('',#185,#186,#187);
#185 = CARTESIAN_POINT('',(72.187721,-36.48622,1.51));
#186 = DIRECTION('',(0.43387809207,-0.900971587355,0.));
#187 = DIRECTION('',(-0.900971587355,-0.43387809207,0.));
#188 = ADVANCED_FACE('',(#189),#216,.F.);
#189 = FACE_BOUND('',#190,.T.);
#190 = EDGE_LOOP('',(#191,#192,#201,#209));
#191 = ORIENTED_EDGE('',*,*,#170,.T.);
#192 = ORIENTED_EDGE('',*,*,#193,.T.);
#193 = EDGE_CURVE('',#163,#194,#196,.T.);
#194 = VERTEX_POINT('',#195);
#195 = CARTESIAN_POINT('',(73.109575,-41.2505,1.545));
#196 = CIRCLE('',#197,2.504440780321);
#197 = AXIS2_PLACEMENT_3D('',#198,#199,#200);
#198 = CARTESIAN_POINT('',(73.250000001585,-38.74999916195,1.545));
#199 = DIRECTION('',(0.,0.,1.));
#200 = DIRECTION('',(-0.483716768671,0.875224592723,0.));
#201 = ORIENTED_EDGE('',*,*,#202,.F.);
#202 = EDGE_CURVE('',#203,#194,#205,.T.);
#203 = VERTEX_POINT('',#204);
#204 = CARTESIAN_POINT('',(73.109575,-41.2505,1.51));
#205 = LINE('',#206,#207);
#206 = CARTESIAN_POINT('',(73.109575,-41.2505,1.51));
#207 = VECTOR('',#208,1.);
#208 = DIRECTION('',(0.,0.,1.));
#209 = ORIENTED_EDGE('',*,*,#210,.F.);
#210 = EDGE_CURVE('',#171,#203,#211,.T.);
#211 = CIRCLE('',#212,2.504440780321);
#212 = AXIS2_PLACEMENT_3D('',#213,#214,#215);
#213 = CARTESIAN_POINT('',(73.250000001585,-38.74999916195,1.51));
#214 = DIRECTION('',(0.,0.,1.));
#215 = DIRECTION('',(-0.483716768671,0.875224592723,0.));
#216 = CYLINDRICAL_SURFACE('',#217,2.504440780321);
#217 = AXIS2_PLACEMENT_3D('',#218,#219,#220);
#218 = CARTESIAN_POINT('',(73.250000001585,-38.74999916195,1.51));
#219 = DIRECTION('',(-0.,-0.,-1.));
#220 = DIRECTION('',(-0.483716768671,0.875224592723,0.));
#221 = ADVANCED_FACE('',(#222),#247,.T.);
#222 = FACE_BOUND('',#223,.T.);
#223 = EDGE_LOOP('',(#224,#225,#233,#241));
#224 = ORIENTED_EDGE('',*,*,#202,.T.);
#225 = ORIENTED_EDGE('',*,*,#226,.T.);
#226 = EDGE_CURVE('',#194,#227,#229,.T.);
#227 = VERTEX_POINT('',#228);
#228 = CARTESIAN_POINT('',(76.090429,-41.250499,1.545));
#229 = LINE('',#230,#231);
#230 = CARTESIAN_POINT('',(73.109575,-41.2505,1.545));
#231 = VECTOR('',#232,1.);
#232 = DIRECTION('',(1.,3.354743320473E-07,0.));
#233 = ORIENTED_EDGE('',*,*,#234,.F.);
#234 = EDGE_CURVE('',#235,#227,#237,.T.);
#235 = VERTEX_POINT('',#236);
#236 = CARTESIAN_POINT('',(76.090429,-41.250499,1.51));
#237 = LINE('',#238,#239);
#238 = CARTESIAN_POINT('',(76.090429,-41.250499,1.51));
#239 = VECTOR('',#240,1.);
#240 = DIRECTION('',(0.,0.,1.));
#241 = ORIENTED_EDGE('',*,*,#242,.F.);
#242 = EDGE_CURVE('',#203,#235,#243,.T.);
#243 = LINE('',#244,#245);
#244 = CARTESIAN_POINT('',(73.109575,-41.2505,1.51));
#245 = VECTOR('',#246,1.);
#246 = DIRECTION('',(1.,3.354743320473E-07,0.));
#247 = PLANE('',#248);
#248 = AXIS2_PLACEMENT_3D('',#249,#250,#251);
#249 = CARTESIAN_POINT('',(73.109575,-41.2505,1.51));
#250 = DIRECTION('',(-3.354743320473E-07,1.,0.));
#251 = DIRECTION('',(1.,3.354743320473E-07,0.));
#252 = ADVANCED_FACE('',(#253),#280,.F.);
#253 = FACE_BOUND('',#254,.T.);
#254 = EDGE_LOOP('',(#255,#256,#265,#273));
#255 = ORIENTED_EDGE('',*,*,#234,.T.);
#256 = ORIENTED_EDGE('',*,*,#257,.T.);
#257 = EDGE_CURVE('',#227,#258,#260,.T.);
#258 = VERTEX_POINT('',#259);
#259 = CARTESIAN_POINT('',(77.161446,-36.558055,1.545));
#260 = CIRCLE('',#261,2.5044399489);
#261 = AXIS2_PLACEMENT_3D('',#262,#263,#264);
#262 = CARTESIAN_POINT('',(75.950000529585,-38.74999918949,1.545));
#263 = DIRECTION('',(0.,-0.,1.));
#264 = DIRECTION('',(5.607180578491E-02,-0.998426738722,-0.));
#265 = ORIENTED_EDGE('',*,*,#266,.F.);
#266 = EDGE_CURVE('',#267,#258,#269,.T.);
#267 = VERTEX_POINT('',#268);
#268 = CARTESIAN_POINT('',(77.161446,-36.558055,1.51));
#269 = LINE('',#270,#271);
#270 = CARTESIAN_POINT('',(77.161446,-36.558055,1.51));
#271 = VECTOR('',#272,1.);
#272 = DIRECTION('',(0.,0.,1.));
#273 = ORIENTED_EDGE('',*,*,#274,.F.);
#274 = EDGE_CURVE('',#235,#267,#275,.T.);
#275 = CIRCLE('',#276,2.5044399489);
#276 = AXIS2_PLACEMENT_3D('',#277,#278,#279);
#277 = CARTESIAN_POINT('',(75.950000529585,-38.74999918949,1.51));
#278 = DIRECTION('',(0.,-0.,1.));
#279 = DIRECTION('',(5.607180578491E-02,-0.998426738722,-0.));
#280 = CYLINDRICAL_SURFACE('',#281,2.5044399489);
#281 = AXIS2_PLACEMENT_3D('',#282,#283,#284);
#282 = CARTESIAN_POINT('',(75.950000529585,-38.74999918949,1.51));
#283 = DIRECTION('',(-0.,0.,-1.));
#284 = DIRECTION('',(5.607180578491E-02,-0.998426738722,-0.));
#285 = ADVANCED_FACE('',(#286),#311,.T.);
#286 = FACE_BOUND('',#287,.T.);
#287 = EDGE_LOOP('',(#288,#289,#297,#305));
#288 = ORIENTED_EDGE('',*,*,#266,.T.);
#289 = ORIENTED_EDGE('',*,*,#290,.T.);
#290 = EDGE_CURVE('',#258,#291,#293,.T.);
#291 = VERTEX_POINT('',#292);
#292 = CARTESIAN_POINT('',(77.012279,-36.48622,1.545));
#293 = LINE('',#294,#295);
#294 = CARTESIAN_POINT('',(77.161446,-36.558055,1.545));
#295 = VECTOR('',#296,1.);
#296 = DIRECTION('',(-0.900968965095,0.433883537295,0.));
#297 = ORIENTED_EDGE('',*,*,#298,.F.);
#298 = EDGE_CURVE('',#299,#291,#301,.T.);
#299 = VERTEX_POINT('',#300);
#300 = CARTESIAN_POINT('',(77.012279,-36.48622,1.51));
#301 = LINE('',#302,#303);
#302 = CARTESIAN_POINT('',(77.012279,-36.48622,1.51));
#303 = VECTOR('',#304,1.);
#304 = DIRECTION('',(0.,0.,1.));
#305 = ORIENTED_EDGE('',*,*,#306,.F.);
#306 = EDGE_CURVE('',#267,#299,#307,.T.);
#307 = LINE('',#308,#309);
#308 = CARTESIAN_POINT('',(77.161446,-36.558055,1.51));
#309 = VECTOR('',#310,1.);
#310 = DIRECTION('',(-0.900968965095,0.433883537295,0.));
#311 = PLANE('',#312);
#312 = AXIS2_PLACEMENT_3D('',#313,#314,#315);
#313 = CARTESIAN_POINT('',(77.161446,-36.558055,1.51));
#314 = DIRECTION('',(-0.433883537295,-0.900968965095,0.));
#315 = DIRECTION('',(-0.900968965095,0.433883537295,0.));
#316 = ADVANCED_FACE('',(#317),#344,.T.);
#317 = FACE_BOUND('',#318,.T.);
#318 = EDGE_LOOP('',(#319,#320,#329,#337));
#319 = ORIENTED_EDGE('',*,*,#298,.T.);
#320 = ORIENTED_EDGE('',*,*,#321,.T.);
#321 = EDGE_CURVE('',#291,#322,#324,.T.);
#322 = VERTEX_POINT('',#323);
#323 = CARTESIAN_POINT('',(77.06608,-36.2505,1.545));
#324 = CIRCLE('',#325,0.123999804222);
#325 = AXIS2_PLACEMENT_3D('',#326,#327,#328);
#326 = CARTESIAN_POINT('',(77.066080015811,-36.37449980422,1.545));
#327 = DIRECTION('',(0.,0.,-1.));
#328 = DIRECTION('',(-0.433879844798,-0.900970743298,-0.));
#329 = ORIENTED_EDGE('',*,*,#330,.F.);
#330 = EDGE_CURVE('',#331,#322,#333,.T.);
#331 = VERTEX_POINT('',#332);
#332 = CARTESIAN_POINT('',(77.06608,-36.2505,1.51));
#333 = LINE('',#334,#335);
#334 = CARTESIAN_POINT('',(77.06608,-36.2505,1.51));
#335 = VECTOR('',#336,1.);
#336 = DIRECTION('',(0.,0.,1.));
#337 = ORIENTED_EDGE('',*,*,#338,.F.);
#338 = EDGE_CURVE('',#299,#331,#339,.T.);
#339 = CIRCLE('',#340,0.123999804222);
#340 = AXIS2_PLACEMENT_3D('',#341,#342,#343);
#341 = CARTESIAN_POINT('',(77.066080015811,-36.37449980422,1.51));
#342 = DIRECTION('',(0.,0.,-1.));
#343 = DIRECTION('',(-0.433879844798,-0.900970743298,-0.));
#344 = CYLINDRICAL_SURFACE('',#345,0.123999804222);
#345 = AXIS2_PLACEMENT_3D('',#346,#347,#348);
#346 = CARTESIAN_POINT('',(77.066080015811,-36.37449980422,1.51));
#347 = DIRECTION('',(0.,0.,-1.));
#348 = DIRECTION('',(-0.433879844798,-0.900970743298,-0.));
#349 = ADVANCED_FACE('',(#350),#375,.T.);
#350 = FACE_BOUND('',#351,.T.);
#351 = EDGE_LOOP('',(#352,#353,#361,#369));
#352 = ORIENTED_EDGE('',*,*,#330,.T.);
#353 = ORIENTED_EDGE('',*,*,#354,.T.);
#354 = EDGE_CURVE('',#322,#355,#357,.T.);
#355 = VERTEX_POINT('',#356);
#356 = CARTESIAN_POINT('',(122.93392,-36.2505,1.545));
#357 = LINE('',#358,#359);
#358 = CARTESIAN_POINT('',(77.06608,-36.2505,1.545));
#359 = VECTOR('',#360,1.);
#360 = DIRECTION('',(1.,0.,0.));
#361 = ORIENTED_EDGE('',*,*,#362,.F.);
#362 = EDGE_CURVE('',#363,#355,#365,.T.);
#363 = VERTEX_POINT('',#364);
#364 = CARTESIAN_POINT('',(122.93392,-36.2505,1.51));
#365 = LINE('',#366,#367);
#366 = CARTESIAN_POINT('',(122.93392,-36.2505,1.51));
#367 = VECTOR('',#368,1.);
#368 = DIRECTION('',(0.,0.,1.));
#369 = ORIENTED_EDGE('',*,*,#370,.F.);
#370 = EDGE_CURVE('',#331,#363,#371,.T.);
#371 = LINE('',#372,#373);
#372 = CARTESIAN_POINT('',(77.06608,-36.2505,1.51));
#373 = VECTOR('',#374,1.);
#374 = DIRECTION('',(1.,0.,0.));
#375 = PLANE('',#376);
#376 = AXIS2_PLACEMENT_3D('',#377,#378,#379);
#377 = CARTESIAN_POINT('',(77.06608,-36.2505,1.51));
#378 = DIRECTION('',(0.,1.,0.));
#379 = DIRECTION('',(1.,0.,0.));
#380 = ADVANCED_FACE('',(#381),#408,.T.);
#381 = FACE_BOUND('',#382,.T.);
#382 = EDGE_LOOP('',(#383,#384,#393,#401));
#383 = ORIENTED_EDGE('',*,*,#362,.T.);
#384 = ORIENTED_EDGE('',*,*,#385,.T.);
#385 = EDGE_CURVE('',#355,#386,#388,.T.);
#386 = VERTEX_POINT('',#387);
#387 = CARTESIAN_POINT('',(122.987721,-36.48622,1.545));
#388 = CIRCLE('',#389,0.123999921004);
#389 = AXIS2_PLACEMENT_3D('',#390,#391,#392);
#390 = CARTESIAN_POINT('',(122.93391947253,-36.374499921,1.545));
#391 = DIRECTION('',(0.,0.,-1.));
#392 = DIRECTION('',(4.253764783696E-06,0.999999999991,0.));
#393 = ORIENTED_EDGE('',*,*,#394,.F.);
#394 = EDGE_CURVE('',#395,#386,#397,.T.);
#395 = VERTEX_POINT('',#396);
#396 = CARTESIAN_POINT('',(122.987721,-36.48622,1.51));
#397 = LINE('',#398,#399);
#398 = CARTESIAN_POINT('',(122.987721,-36.48622,1.51));
#399 = VECTOR('',#400,1.);
#400 = DIRECTION('',(0.,0.,1.));
#401 = ORIENTED_EDGE('',*,*,#402,.F.);
#402 = EDGE_CURVE('',#363,#395,#403,.T.);
#403 = CIRCLE('',#404,0.123999921004);
#404 = AXIS2_PLACEMENT_3D('',#405,#406,#407);
#405 = CARTESIAN_POINT('',(122.93391947253,-36.374499921,1.51));
#406 = DIRECTION('',(0.,0.,-1.));
#407 = DIRECTION('',(4.253764783696E-06,0.999999999991,0.));
#408 = CYLINDRICAL_SURFACE('',#409,0.123999921004);
#409 = AXIS2_PLACEMENT_3D('',#410,#411,#412);
#410 = CARTESIAN_POINT('',(122.93391947253,-36.374499921,1.51));
#411 = DIRECTION('',(0.,0.,-1.));
#412 = DIRECTION('',(4.253764783696E-06,0.999999999991,0.));
#413 = ADVANCED_FACE('',(#414),#439,.T.);
#414 = FACE_BOUND('',#415,.T.);
#415 = EDGE_LOOP('',(#416,#417,#425,#433));
#416 = ORIENTED_EDGE('',*,*,#394,.T.);
#417 = ORIENTED_EDGE('',*,*,#418,.T.);
#418 = EDGE_CURVE('',#386,#419,#421,.T.);
#419 = VERTEX_POINT('',#420);
#420 = CARTESIAN_POINT('',(122.83856,-36.558051,1.545));
#421 = LINE('',#422,#423);
#422 = CARTESIAN_POINT('',(122.987721,-36.48622,1.545));
#423 = VECTOR('',#424,1.);
#424 = DIRECTION('',(-0.900971587355,-0.43387809207,0.));
#425 = ORIENTED_EDGE('',*,*,#426,.F.);
#426 = EDGE_CURVE('',#427,#419,#429,.T.);
#427 = VERTEX_POINT('',#428);
#428 = CARTESIAN_POINT('',(122.83856,-36.558051,1.51));
#429 = LINE('',#430,#431);
#430 = CARTESIAN_POINT('',(122.83856,-36.558051,1.51));
#431 = VECTOR('',#432,1.);
#432 = DIRECTION('',(0.,0.,1.));
#433 = ORIENTED_EDGE('',*,*,#434,.F.);
#434 = EDGE_CURVE('',#395,#427,#435,.T.);
#435 = LINE('',#436,#437);
#436 = CARTESIAN_POINT('',(122.987721,-36.48622,1.51));
#437 = VECTOR('',#438,1.);
#438 = DIRECTION('',(-0.900971587355,-0.43387809207,0.));
#439 = PLANE('',#440);
#440 = AXIS2_PLACEMENT_3D('',#441,#442,#443);
#441 = CARTESIAN_POINT('',(122.987721,-36.48622,1.51));
#442 = DIRECTION('',(0.43387809207,-0.900971587355,0.));
#443 = DIRECTION('',(-0.900971587355,-0.43387809207,0.));
#444 = ADVANCED_FACE('',(#445),#472,.F.);
#445 = FACE_BOUND('',#446,.T.);
#446 = EDGE_LOOP('',(#447,#448,#457,#465));
#447 = ORIENTED_EDGE('',*,*,#426,.T.);
#448 = ORIENTED_EDGE('',*,*,#449,.T.);
#449 = EDGE_CURVE('',#419,#450,#452,.T.);
#450 = VERTEX_POINT('',#451);
#451 = CARTESIAN_POINT('',(123.909575,-41.2505,1.545));
#452 = CIRCLE('',#453,2.504440780321);
#453 = AXIS2_PLACEMENT_3D('',#454,#455,#456);
#454 = CARTESIAN_POINT('',(124.05000000158,-38.74999916195,1.545));
#455 = DIRECTION('',(0.,0.,1.));
#456 = DIRECTION('',(-0.483716768671,0.875224592723,0.));
#457 = ORIENTED_EDGE('',*,*,#458,.F.);
#458 = EDGE_CURVE('',#459,#450,#461,.T.);
#459 = VERTEX_POINT('',#460);
#460 = CARTESIAN_POINT('',(123.909575,-41.2505,1.51));
#461 = LINE('',#462,#463);
#462 = CARTESIAN_POINT('',(123.909575,-41.2505,1.51));
#463 = VECTOR('',#464,1.);
#464 = DIRECTION('',(0.,0.,1.));
#465 = ORIENTED_EDGE('',*,*,#466,.F.);
#466 = EDGE_CURVE('',#427,#459,#467,.T.);
#467 = CIRCLE('',#468,2.504440780321);
#468 = AXIS2_PLACEMENT_3D('',#469,#470,#471);
#469 = CARTESIAN_POINT('',(124.05000000158,-38.74999916195,1.51));
#470 = DIRECTION('',(0.,0.,1.));
#471 = DIRECTION('',(-0.483716768671,0.875224592723,0.));
#472 = CYLINDRICAL_SURFACE('',#473,2.504440780321);
#473 = AXIS2_PLACEMENT_3D('',#474,#475,#476);
#474 = CARTESIAN_POINT('',(124.05000000158,-38.74999916195,1.51));
#475 = DIRECTION('',(-0.,-0.,-1.));
#476 = DIRECTION('',(-0.483716768671,0.875224592723,0.));
#477 = ADVANCED_FACE('',(#478),#503,.T.);
#478 = FACE_BOUND('',#479,.T.);
#479 = EDGE_LOOP('',(#480,#481,#489,#497));
#480 = ORIENTED_EDGE('',*,*,#458,.T.);
#481 = ORIENTED_EDGE('',*,*,#482,.T.);
#482 = EDGE_CURVE('',#450,#483,#485,.T.);
#483 = VERTEX_POINT('',#484);
#484 = CARTESIAN_POINT('',(126.890429,-41.250499,1.545));
#485 = LINE('',#486,#487);
#486 = CARTESIAN_POINT('',(123.909575,-41.2505,1.545));
#487 = VECTOR('',#488,1.);
#488 = DIRECTION('',(1.,3.354743320473E-07,0.));
#489 = ORIENTED_EDGE('',*,*,#490,.F.);
#490 = EDGE_CURVE('',#491,#483,#493,.T.);
#491 = VERTEX_POINT('',#492);
#492 = CARTESIAN_POINT('',(126.890429,-41.250499,1.51));
#493 = LINE('',#494,#495);
#494 = CARTESIAN_POINT('',(126.890429,-41.250499,1.51));
#495 = VECTOR('',#496,1.);
#496 = DIRECTION('',(0.,0.,1.));
#497 = ORIENTED_EDGE('',*,*,#498,.F.);
#498 = EDGE_CURVE('',#459,#491,#499,.T.);
#499 = LINE('',#500,#501);
#500 = CARTESIAN_POINT('',(123.909575,-41.2505,1.51));
#501 = VECTOR('',#502,1.);
#502 = DIRECTION('',(1.,3.354743320473E-07,0.));
#503 = PLANE('',#504);
#504 = AXIS2_PLACEMENT_3D('',#505,#506,#507);
#505 = CARTESIAN_POINT('',(123.909575,-41.2505,1.51));
#506 = DIRECTION('',(-3.354743320473E-07,1.,0.));
#507 = DIRECTION('',(1.,3.354743320473E-07,0.));
#508 = ADVANCED_FACE('',(#509),#536,.F.);
#509 = FACE_BOUND('',#510,.T.);
#510 = EDGE_LOOP('',(#511,#512,#521,#529));
#511 = ORIENTED_EDGE('',*,*,#490,.T.);
#512 = ORIENTED_EDGE('',*,*,#513,.T.);
#513 = EDGE_CURVE('',#483,#514,#516,.T.);
#514 = VERTEX_POINT('',#515);
#515 = CARTESIAN_POINT('',(127.961446,-36.558055,1.545));
#516 = CIRCLE('',#517,2.5044399489);
#517 = AXIS2_PLACEMENT_3D('',#518,#519,#520);
#518 = CARTESIAN_POINT('',(126.75000052958,-38.74999918949,1.545));
#519 = DIRECTION('',(0.,-0.,1.));
#520 = DIRECTION('',(5.60718057849E-02,-0.998426738722,-0.));
#521 = ORIENTED_EDGE('',*,*,#522,.F.);
#522 = EDGE_CURVE('',#523,#514,#525,.T.);
#523 = VERTEX_POINT('',#524);
#524 = CARTESIAN_POINT('',(127.961446,-36.558055,1.51));
#525 = LINE('',#526,#527);
#526 = CARTESIAN_POINT('',(127.961446,-36.558055,1.51));
#527 = VECTOR('',#528,1.);
#528 = DIRECTION('',(0.,0.,1.));
#529 = ORIENTED_EDGE('',*,*,#530,.F.);
#530 = EDGE_CURVE('',#491,#523,#531,.T.);
#531 = CIRCLE('',#532,2.5044399489);
#532 = AXIS2_PLACEMENT_3D('',#533,#534,#535);
#533 = CARTESIAN_POINT('',(126.75000052958,-38.74999918949,1.51));
#534 = DIRECTION('',(0.,-0.,1.));
#535 = DIRECTION('',(5.60718057849E-02,-0.998426738722,-0.));
#536 = CYLINDRICAL_SURFACE('',#537,2.5044399489);
#537 = AXIS2_PLACEMENT_3D('',#538,#539,#540);
#538 = CARTESIAN_POINT('',(126.75000052958,-38.74999918949,1.51));
#539 = DIRECTION('',(-0.,0.,-1.));
#540 = DIRECTION('',(5.60718057849E-02,-0.998426738722,-0.));
#541 = ADVANCED_FACE('',(#542),#567,.T.);
#542 = FACE_BOUND('',#543,.T.);
#543 = EDGE_LOOP('',(#544,#545,#553,#561));
#544 = ORIENTED_EDGE('',*,*,#522,.T.);
#545 = ORIENTED_EDGE('',*,*,#546,.T.);
#546 = EDGE_CURVE('',#514,#547,#549,.T.);
#547 = VERTEX_POINT('',#548);
#548 = CARTESIAN_POINT('',(127.812279,-36.48622,1.545));
#549 = LINE('',#550,#551);
#550 = CARTESIAN_POINT('',(127.961446,-36.558055,1.545));
#551 = VECTOR('',#552,1.);
#552 = DIRECTION('',(-0.900968965095,0.433883537295,0.));
#553 = ORIENTED_EDGE('',*,*,#554,.F.);
#554 = EDGE_CURVE('',#555,#547,#557,.T.);
#555 = VERTEX_POINT('',#556);
#556 = CARTESIAN_POINT('',(127.812279,-36.48622,1.51));
#557 = LINE('',#558,#559);
#558 = CARTESIAN_POINT('',(127.812279,-36.48622,1.51));
#559 = VECTOR('',#560,1.);
#560 = DIRECTION('',(0.,0.,1.));
#561 = ORIENTED_EDGE('',*,*,#562,.F.);
#562 = EDGE_CURVE('',#523,#555,#563,.T.);
#563 = LINE('',#564,#565);
#564 = CARTESIAN_POINT('',(127.961446,-36.558055,1.51));
#565 = VECTOR('',#566,1.);
#566 = DIRECTION('',(-0.900968965095,0.433883537295,0.));
#567 = PLANE('',#568);
#568 = AXIS2_PLACEMENT_3D('',#569,#570,#571);
#569 = CARTESIAN_POINT('',(127.961446,-36.558055,1.51));
#570 = DIRECTION('',(-0.433883537295,-0.900968965095,0.));
#571 = DIRECTION('',(-0.900968965095,0.433883537295,0.));
#572 = ADVANCED_FACE('',(#573),#600,.T.);
#573 = FACE_BOUND('',#574,.T.);
#574 = EDGE_LOOP('',(#575,#576,#585,#593));
#575 = ORIENTED_EDGE('',*,*,#554,.T.);
#576 = ORIENTED_EDGE('',*,*,#577,.T.);
#577 = EDGE_CURVE('',#547,#578,#580,.T.);
#578 = VERTEX_POINT('',#579);
#579 = CARTESIAN_POINT('',(127.86608,-36.2505,1.545));
#580 = CIRCLE('',#581,0.123999804222);
#581 = AXIS2_PLACEMENT_3D('',#582,#583,#584);
#582 = CARTESIAN_POINT('',(127.86608001581,-36.37449980422,1.545));
#583 = DIRECTION('',(0.,0.,-1.));
#584 = DIRECTION('',(-0.433879844798,-0.900970743298,-0.));
#585 = ORIENTED_EDGE('',*,*,#586,.F.);
#586 = EDGE_CURVE('',#587,#578,#589,.T.);
#587 = VERTEX_POINT('',#588);
#588 = CARTESIAN_POINT('',(127.86608,-36.2505,1.51));
#589 = LINE('',#590,#591);
#590 = CARTESIAN_POINT('',(127.86608,-36.2505,1.51));
#591 = VECTOR('',#592,1.);
#592 = DIRECTION('',(0.,0.,1.));
#593 = ORIENTED_EDGE('',*,*,#594,.F.);
#594 = EDGE_CURVE('',#555,#587,#595,.T.);
#595 = CIRCLE('',#596,0.123999804222);
#596 = AXIS2_PLACEMENT_3D('',#597,#598,#599);
#597 = CARTESIAN_POINT('',(127.86608001581,-36.37449980422,1.51));
#598 = DIRECTION('',(0.,0.,-1.));
#599 = DIRECTION('',(-0.433879844798,-0.900970743298,-0.));
#600 = CYLINDRICAL_SURFACE('',#601,0.123999804222);
#601 = AXIS2_PLACEMENT_3D('',#602,#603,#604);
#602 = CARTESIAN_POINT('',(127.86608001581,-36.37449980422,1.51));
#603 = DIRECTION('',(0.,0.,-1.));
#604 = DIRECTION('',(-0.433879844798,-0.900970743298,-0.));
#605 = ADVANCED_FACE('',(#606),#631,.T.);
#606 = FACE_BOUND('',#607,.T.);
#607 = EDGE_LOOP('',(#608,#609,#617,#625));
#608 = ORIENTED_EDGE('',*,*,#586,.T.);
#609 = ORIENTED_EDGE('',*,*,#610,.T.);
#610 = EDGE_CURVE('',#578,#611,#613,.T.);
#611 = VERTEX_POINT('',#612);
#612 = CARTESIAN_POINT('',(134.7755,-36.2505,1.545));
#613 = LINE('',#614,#615);
#614 = CARTESIAN_POINT('',(127.86608,-36.2505,1.545));
#615 = VECTOR('',#616,1.);
#616 = DIRECTION('',(1.,0.,0.));
#617 = ORIENTED_EDGE('',*,*,#618,.F.);
#618 = EDGE_CURVE('',#619,#611,#621,.T.);
#619 = VERTEX_POINT('',#620);
#620 = CARTESIAN_POINT('',(134.7755,-36.2505,1.51));
#621 = LINE('',#622,#623);
#622 = CARTESIAN_POINT('',(134.7755,-36.2505,1.51));
#623 = VECTOR('',#624,1.);
#624 = DIRECTION('',(0.,0.,1.));
#625 = ORIENTED_EDGE('',*,*,#626,.F.);
#626 = EDGE_CURVE('',#587,#619,#627,.T.);
#627 = LINE('',#628,#629);
#628 = CARTESIAN_POINT('',(127.86608,-36.2505,1.51));
#629 = VECTOR('',#630,1.);
#630 = DIRECTION('',(1.,0.,0.));
#631 = PLANE('',#632);
#632 = AXIS2_PLACEMENT_3D('',#633,#634,#635);
#633 = CARTESIAN_POINT('',(127.86608,-36.2505,1.51));
#634 = DIRECTION('',(0.,1.,0.));
#635 = DIRECTION('',(1.,0.,0.));
#636 = ADVANCED_FACE('',(#637),#664,.T.);
#637 = FACE_BOUND('',#638,.T.);
#638 = EDGE_LOOP('',(#639,#640,#649,#657));
#639 = ORIENTED_EDGE('',*,*,#618,.T.);
#640 = ORIENTED_EDGE('',*,*,#641,.T.);
#641 = EDGE_CURVE('',#611,#642,#644,.T.);
#642 = VERTEX_POINT('',#643);
#643 = CARTESIAN_POINT('',(134.8995,-36.3745,1.545));
#644 = CIRCLE('',#645,0.124001618184);
#645 = AXIS2_PLACEMENT_3D('',#646,#647,#648);
#646 = CARTESIAN_POINT('',(134.77549838182,-36.37450161817,1.545));
#647 = DIRECTION('',(0.,0.,-1.));
#648 = DIRECTION('',(1.304961816544E-05,0.999999999915,0.));
#649 = ORIENTED_EDGE('',*,*,#650,.F.);
#650 = EDGE_CURVE('',#651,#642,#653,.T.);
#651 = VERTEX_POINT('',#652);
#652 = CARTESIAN_POINT('',(134.8995,-36.3745,1.51));
#653 = LINE('',#654,#655);
#654 = CARTESIAN_POINT('',(134.8995,-36.3745,1.51));
#655 = VECTOR('',#656,1.);
#656 = DIRECTION('',(0.,0.,1.));
#657 = ORIENTED_EDGE('',*,*,#658,.F.);
#658 = EDGE_CURVE('',#619,#651,#659,.T.);
#659 = CIRCLE('',#660,0.124001618184);
#660 = AXIS2_PLACEMENT_3D('',#661,#662,#663);
#661 = CARTESIAN_POINT('',(134.77549838182,-36.37450161817,1.51));
#662 = DIRECTION('',(0.,0.,-1.));
#663 = DIRECTION('',(1.304961816544E-05,0.999999999915,0.));
#664 = CYLINDRICAL_SURFACE('',#665,0.124001618184);
#665 = AXIS2_PLACEMENT_3D('',#666,#667,#668);
#666 = CARTESIAN_POINT('',(134.77549838182,-36.37450161817,1.51));
#667 = DIRECTION('',(0.,0.,-1.));
#668 = DIRECTION('',(1.304961816544E-05,0.999999999915,0.));
#669 = ADVANCED_FACE('',(#670),#695,.T.);
#670 = FACE_BOUND('',#671,.T.);
#671 = EDGE_LOOP('',(#672,#673,#681,#689));
#672 = ORIENTED_EDGE('',*,*,#650,.T.);
#673 = ORIENTED_EDGE('',*,*,#674,.T.);
#674 = EDGE_CURVE('',#642,#675,#677,.T.);
#675 = VERTEX_POINT('',#676);
#676 = CARTESIAN_POINT('',(134.8995,-163.6255,1.545));
#677 = LINE('',#678,#679);
#678 = CARTESIAN_POINT('',(134.8995,-36.3745,1.545));
#679 = VECTOR('',#680,1.);
#680 = DIRECTION('',(0.,-1.,0.));
#681 = ORIENTED_EDGE('',*,*,#682,.F.);
#682 = EDGE_CURVE('',#683,#675,#685,.T.);
#683 = VERTEX_POINT('',#684);
#684 = CARTESIAN_POINT('',(134.8995,-163.6255,1.51));
#685 = LINE('',#686,#687);
#686 = CARTESIAN_POINT('',(134.8995,-163.6255,1.51));
#687 = VECTOR('',#688,1.);
#688 = DIRECTION('',(0.,0.,1.));
#689 = ORIENTED_EDGE('',*,*,#690,.F.);
#690 = EDGE_CURVE('',#651,#683,#691,.T.);
#691 = LINE('',#692,#693);
#692 = CARTESIAN_POINT('',(134.8995,-36.3745,1.51));
#693 = VECTOR('',#694,1.);
#694 = DIRECTION('',(0.,-1.,0.));
#695 = PLANE('',#696);
#696 = AXIS2_PLACEMENT_3D('',#697,#698,#699);
#697 = CARTESIAN_POINT('',(134.8995,-36.3745,1.51));
#698 = DIRECTION('',(1.,0.,-0.));
#699 = DIRECTION('',(0.,-1.,0.));
#700 = ADVANCED_FACE('',(#701),#728,.T.);
#701 = FACE_BOUND('',#702,.T.);
#702 = EDGE_LOOP('',(#703,#704,#713,#721));
#703 = ORIENTED_EDGE('',*,*,#682,.T.);
#704 = ORIENTED_EDGE('',*,*,#705,.T.);
#705 = EDGE_CURVE('',#675,#706,#708,.T.);
#706 = VERTEX_POINT('',#707);
#707 = CARTESIAN_POINT('',(134.7755,-163.7495,1.545));
#708 = CIRCLE('',#709,0.124001618184);
#709 = AXIS2_PLACEMENT_3D('',#710,#711,#712);
#710 = CARTESIAN_POINT('',(134.77549838182,-163.6254983818,1.545));
#711 = DIRECTION('',(0.,0.,-1.));
#712 = DIRECTION('',(0.999999999915,-1.304961747783E-05,0.));
#713 = ORIENTED_EDGE('',*,*,#714,.F.);
#714 = EDGE_CURVE('',#715,#706,#717,.T.);
#715 = VERTEX_POINT('',#716);
#716 = CARTESIAN_POINT('',(134.7755,-163.7495,1.51));
#717 = LINE('',#718,#719);
#718 = CARTESIAN_POINT('',(134.7755,-163.7495,1.51));
#719 = VECTOR('',#720,1.);
#720 = DIRECTION('',(0.,0.,1.));
#721 = ORIENTED_EDGE('',*,*,#722,.F.);
#722 = EDGE_CURVE('',#683,#715,#723,.T.);
#723 = CIRCLE('',#724,0.124001618184);
#724 = AXIS2_PLACEMENT_3D('',#725,#726,#727);
#725 = CARTESIAN_POINT('',(134.77549838182,-163.6254983818,1.51));
#726 = DIRECTION('',(0.,0.,-1.));
#727 = DIRECTION('',(0.999999999915,-1.304961747783E-05,0.));
#728 = CYLINDRICAL_SURFACE('',#729,0.124001618184);
#729 = AXIS2_PLACEMENT_3D('',#730,#731,#732);
#730 = CARTESIAN_POINT('',(134.77549838182,-163.6254983818,1.51));
#731 = DIRECTION('',(0.,0.,-1.));
#732 = DIRECTION('',(0.999999999915,-1.304961747783E-05,0.));
#733 = ADVANCED_FACE('',(#734),#759,.T.);
#734 = FACE_BOUND('',#735,.T.);
#735 = EDGE_LOOP('',(#736,#737,#745,#753));
#736 = ORIENTED_EDGE('',*,*,#714,.T.);
#737 = ORIENTED_EDGE('',*,*,#738,.T.);
#738 = EDGE_CURVE('',#706,#739,#741,.T.);
#739 = VERTEX_POINT('',#740);
#740 = CARTESIAN_POINT('',(127.86608,-163.7495,1.545));
#741 = LINE('',#742,#743);
#742 = CARTESIAN_POINT('',(134.7755,-163.7495,1.545));
#743 = VECTOR('',#744,1.);
#744 = DIRECTION('',(-1.,0.,0.));
#745 = ORIENTED_EDGE('',*,*,#746,.F.);
#746 = EDGE_CURVE('',#747,#739,#749,.T.);
#747 = VERTEX_POINT('',#748);
#748 = CARTESIAN_POINT('',(127.86608,-163.7495,1.51));
#749 = LINE('',#750,#751);
#750 = CARTESIAN_POINT('',(127.86608,-163.7495,1.51));
#751 = VECTOR('',#752,1.);
#752 = DIRECTION('',(0.,0.,1.));
#753 = ORIENTED_EDGE('',*,*,#754,.F.);
#754 = EDGE_CURVE('',#715,#747,#755,.T.);
#755 = LINE('',#756,#757);
#756 = CARTESIAN_POINT('',(134.7755,-163.7495,1.51));
#757 = VECTOR('',#758,1.);
#758 = DIRECTION('',(-1.,0.,0.));
#759 = PLANE('',#760);
#760 = AXIS2_PLACEMENT_3D('',#761,#762,#763);
#761 = CARTESIAN_POINT('',(134.7755,-163.7495,1.51));
#762 = DIRECTION('',(0.,-1.,0.));
#763 = DIRECTION('',(-1.,0.,0.));
#764 = ADVANCED_FACE('',(#765),#792,.T.);
#765 = FACE_BOUND('',#766,.T.);
#766 = EDGE_LOOP('',(#767,#768,#777,#785));
#767 = ORIENTED_EDGE('',*,*,#746,.T.);
#768 = ORIENTED_EDGE('',*,*,#769,.T.);
#769 = EDGE_CURVE('',#739,#770,#772,.T.);
#770 = VERTEX_POINT('',#771);
#771 = CARTESIAN_POINT('',(127.812279,-163.51378,1.545));
#772 = CIRCLE('',#773,0.123999921004);
#773 = AXIS2_PLACEMENT_3D('',#774,#775,#776);
#774 = CARTESIAN_POINT('',(127.86608052746,-163.6255000789,1.545));
#775 = DIRECTION('',(0.,0.,-1.));
#776 = DIRECTION('',(-4.2537648983E-06,-0.999999999991,-0.));
#777 = ORIENTED_EDGE('',*,*,#778,.F.);
#778 = EDGE_CURVE('',#779,#770,#781,.T.);
#779 = VERTEX_POINT('',#780);
#780 = CARTESIAN_POINT('',(127.812279,-163.51378,1.51));
#781 = LINE('',#782,#783);
#782 = CARTESIAN_POINT('',(127.812279,-163.51378,1.51));
#783 = VECTOR('',#784,1.);
#784 = DIRECTION('',(0.,0.,1.));
#785 = ORIENTED_EDGE('',*,*,#786,.F.);
#786 = EDGE_CURVE('',#747,#779,#787,.T.);
#787 = CIRCLE('',#788,0.123999921004);
#788 = AXIS2_PLACEMENT_3D('',#789,#790,#791);
#789 = CARTESIAN_POINT('',(127.86608052746,-163.6255000789,1.51));
#790 = DIRECTION('',(0.,0.,-1.));
#791 = DIRECTION('',(-4.2537648983E-06,-0.999999999991,-0.));
#792 = CYLINDRICAL_SURFACE('',#793,0.123999921004);
#793 = AXIS2_PLACEMENT_3D('',#794,#795,#796);
#794 = CARTESIAN_POINT('',(127.86608052746,-163.6255000789,1.51));
#795 = DIRECTION('',(0.,0.,-1.));
#796 = DIRECTION('',(-4.2537648983E-06,-0.999999999991,-0.));
#797 = ADVANCED_FACE('',(#798),#823,.T.);
#798 = FACE_BOUND('',#799,.T.);
#799 = EDGE_LOOP('',(#800,#801,#809,#817));
#800 = ORIENTED_EDGE('',*,*,#778,.T.);
#801 = ORIENTED_EDGE('',*,*,#802,.T.);
#802 = EDGE_CURVE('',#770,#803,#805,.T.);
#803 = VERTEX_POINT('',#804);
#804 = CARTESIAN_POINT('',(127.961445,-163.441945,1.545));
#805 = LINE('',#806,#807);
#806 = CARTESIAN_POINT('',(127.812279,-163.51378,1.545));
#807 = VECTOR('',#808,1.);
#808 = DIRECTION('',(0.900967828026,0.433885898437,0.));
#809 = ORIENTED_EDGE('',*,*,#810,.F.);
#810 = EDGE_CURVE('',#811,#803,#813,.T.);
#811 = VERTEX_POINT('',#812);
#812 = CARTESIAN_POINT('',(127.961445,-163.441945,1.51));
#813 = LINE('',#814,#815);
#814 = CARTESIAN_POINT('',(127.961445,-163.441945,1.51));
#815 = VECTOR('',#816,1.);
#816 = DIRECTION('',(0.,0.,1.));
#817 = ORIENTED_EDGE('',*,*,#818,.F.);
#818 = EDGE_CURVE('',#779,#811,#819,.T.);
#819 = LINE('',#820,#821);
#820 = CARTESIAN_POINT('',(127.812279,-163.51378,1.51));
#821 = VECTOR('',#822,1.);
#822 = DIRECTION('',(0.900967828026,0.433885898437,0.));
#823 = PLANE('',#824);
#824 = AXIS2_PLACEMENT_3D('',#825,#826,#827);
#825 = CARTESIAN_POINT('',(127.812279,-163.51378,1.51));
#826 = DIRECTION('',(-0.433885898437,0.900967828026,0.));
#827 = DIRECTION('',(0.900967828026,0.433885898437,0.));
#828 = ADVANCED_FACE('',(#829),#856,.F.);
#829 = FACE_BOUND('',#830,.T.);
#830 = EDGE_LOOP('',(#831,#832,#841,#849));
#831 = ORIENTED_EDGE('',*,*,#810,.T.);
#832 = ORIENTED_EDGE('',*,*,#833,.T.);
#833 = EDGE_CURVE('',#803,#834,#836,.T.);
#834 = VERTEX_POINT('',#835);
#835 = CARTESIAN_POINT('',(126.890425,-158.7495,1.545));
#836 = CIRCLE('',#837,2.504440212233);
#837 = AXIS2_PLACEMENT_3D('',#838,#839,#840);
#838 = CARTESIAN_POINT('',(126.74999996795,-161.2500002673,1.545));
#839 = DIRECTION('',(0.,-0.,1.));
#840 = DIRECTION('',(0.483718887009,-0.875223421962,-0.));
#841 = ORIENTED_EDGE('',*,*,#842,.F.);
#842 = EDGE_CURVE('',#843,#834,#845,.T.);
#843 = VERTEX_POINT('',#844);
#844 = CARTESIAN_POINT('',(126.890425,-158.7495,1.51));
#845 = LINE('',#846,#847);
#846 = CARTESIAN_POINT('',(126.890425,-158.7495,1.51));
#847 = VECTOR('',#848,1.);
#848 = DIRECTION('',(0.,0.,1.));
#849 = ORIENTED_EDGE('',*,*,#850,.F.);
#850 = EDGE_CURVE('',#811,#843,#851,.T.);
#851 = CIRCLE('',#852,2.504440212233);
#852 = AXIS2_PLACEMENT_3D('',#853,#854,#855);
#853 = CARTESIAN_POINT('',(126.74999996795,-161.2500002673,1.51));
#854 = DIRECTION('',(0.,-0.,1.));
#855 = DIRECTION('',(0.483718887009,-0.875223421962,-0.));
#856 = CYLINDRICAL_SURFACE('',#857,2.504440212233);
#857 = AXIS2_PLACEMENT_3D('',#858,#859,#860);
#858 = CARTESIAN_POINT('',(126.74999996795,-161.2500002673,1.51));
#859 = DIRECTION('',(-0.,0.,-1.));
#860 = DIRECTION('',(0.483718887009,-0.875223421962,-0.));
#861 = ADVANCED_FACE('',(#862),#887,.T.);
#862 = FACE_BOUND('',#863,.T.);
#863 = EDGE_LOOP('',(#864,#865,#873,#881));
#864 = ORIENTED_EDGE('',*,*,#842,.T.);
#865 = ORIENTED_EDGE('',*,*,#866,.T.);
#866 = EDGE_CURVE('',#834,#867,#869,.T.);
#867 = VERTEX_POINT('',#868);
#868 = CARTESIAN_POINT('',(123.909568,-158.7495,1.545));
#869 = LINE('',#870,#871);
#870 = CARTESIAN_POINT('',(126.890425,-158.7495,1.545));
#871 = VECTOR('',#872,1.);
#872 = DIRECTION('',(-1.,0.,0.));
#873 = ORIENTED_EDGE('',*,*,#874,.F.);
#874 = EDGE_CURVE('',#875,#867,#877,.T.);
#875 = VERTEX_POINT('',#876);
#876 = CARTESIAN_POINT('',(123.909568,-158.7495,1.51));
#877 = LINE('',#878,#879);
#878 = CARTESIAN_POINT('',(123.909568,-158.7495,1.51));
#879 = VECTOR('',#880,1.);
#880 = DIRECTION('',(0.,0.,1.));
#881 = ORIENTED_EDGE('',*,*,#882,.F.);
#882 = EDGE_CURVE('',#843,#875,#883,.T.);
#883 = LINE('',#884,#885);
#884 = CARTESIAN_POINT('',(126.890425,-158.7495,1.51));
#885 = VECTOR('',#886,1.);
#886 = DIRECTION('',(-1.,0.,0.));
#887 = PLANE('',#888);
#888 = AXIS2_PLACEMENT_3D('',#889,#890,#891);
#889 = CARTESIAN_POINT('',(126.890425,-158.7495,1.51));
#890 = DIRECTION('',(0.,-1.,0.));
#891 = DIRECTION('',(-1.,0.,0.));
#892 = ADVANCED_FACE('',(#893),#920,.F.);
#893 = FACE_BOUND('',#894,.T.);
#894 = EDGE_LOOP('',(#895,#896,#905,#913));
#895 = ORIENTED_EDGE('',*,*,#874,.T.);
#896 = ORIENTED_EDGE('',*,*,#897,.T.);
#897 = EDGE_CURVE('',#867,#898,#900,.T.);
#898 = VERTEX_POINT('',#899);
#899 = CARTESIAN_POINT('',(122.83856,-163.441948,1.545));
#900 = CIRCLE('',#901,2.504440212131);
#901 = AXIS2_PLACEMENT_3D('',#902,#903,#904);
#902 = CARTESIAN_POINT('',(124.04999899737,-161.2499999322,1.545));
#903 = DIRECTION('',(0.,0.,1.));
#904 = DIRECTION('',(-5.607280888459E-02,0.998426682388,0.));
#905 = ORIENTED_EDGE('',*,*,#906,.F.);
#906 = EDGE_CURVE('',#907,#898,#909,.T.);
#907 = VERTEX_POINT('',#908);
#908 = CARTESIAN_POINT('',(122.83856,-163.441948,1.51));
#909 = LINE('',#910,#911);
#910 = CARTESIAN_POINT('',(122.83856,-163.441948,1.51));
#911 = VECTOR('',#912,1.);
#912 = DIRECTION('',(0.,0.,1.));
#913 = ORIENTED_EDGE('',*,*,#914,.F.);
#914 = EDGE_CURVE('',#875,#907,#915,.T.);
#915 = CIRCLE('',#916,2.504440212131);
#916 = AXIS2_PLACEMENT_3D('',#917,#918,#919);
#917 = CARTESIAN_POINT('',(124.04999899737,-161.2499999322,1.51));
#918 = DIRECTION('',(0.,0.,1.));
#919 = DIRECTION('',(-5.607280888459E-02,0.998426682388,0.));
#920 = CYLINDRICAL_SURFACE('',#921,2.504440212131);
#921 = AXIS2_PLACEMENT_3D('',#922,#923,#924);
#922 = CARTESIAN_POINT('',(124.04999899737,-161.2499999322,1.51));
#923 = DIRECTION('',(-0.,-0.,-1.));
#924 = DIRECTION('',(-5.607280888459E-02,0.998426682388,0.));
#925 = ADVANCED_FACE('',(#926),#951,.T.);
#926 = FACE_BOUND('',#927,.T.);
#927 = EDGE_LOOP('',(#928,#929,#937,#945));
#928 = ORIENTED_EDGE('',*,*,#906,.T.);
#929 = ORIENTED_EDGE('',*,*,#930,.T.);
#930 = EDGE_CURVE('',#898,#931,#933,.T.);
#931 = VERTEX_POINT('',#932);
#932 = CARTESIAN_POINT('',(122.987721,-163.51378,1.545));
#933 = LINE('',#934,#935);
#934 = CARTESIAN_POINT('',(122.83856,-163.441948,1.545));
#935 = VECTOR('',#936,1.);
#936 = DIRECTION('',(0.900969226138,-0.433882995233,0.));
#937 = ORIENTED_EDGE('',*,*,#938,.F.);
#938 = EDGE_CURVE('',#939,#931,#941,.T.);
#939 = VERTEX_POINT('',#940);
#940 = CARTESIAN_POINT('',(122.987721,-163.51378,1.51));
#941 = LINE('',#942,#943);
#942 = CARTESIAN_POINT('',(122.987721,-163.51378,1.51));
#943 = VECTOR('',#944,1.);
#944 = DIRECTION('',(0.,0.,1.));
#945 = ORIENTED_EDGE('',*,*,#946,.F.);
#946 = EDGE_CURVE('',#907,#939,#947,.T.);
#947 = LINE('',#948,#949);
#948 = CARTESIAN_POINT('',(122.83856,-163.441948,1.51));
#949 = VECTOR('',#950,1.);
#950 = DIRECTION('',(0.900969226138,-0.433882995233,0.));
#951 = PLANE('',#952);
#952 = AXIS2_PLACEMENT_3D('',#953,#954,#955);
#953 = CARTESIAN_POINT('',(122.83856,-163.441948,1.51));
#954 = DIRECTION('',(0.433882995233,0.900969226138,-0.));
#955 = DIRECTION('',(0.900969226138,-0.433882995233,0.));
#956 = ADVANCED_FACE('',(#957),#984,.T.);
#957 = FACE_BOUND('',#958,.T.);
#958 = EDGE_LOOP('',(#959,#960,#969,#977));
#959 = ORIENTED_EDGE('',*,*,#938,.T.);
#960 = ORIENTED_EDGE('',*,*,#961,.T.);
#961 = EDGE_CURVE('',#931,#962,#964,.T.);
#962 = VERTEX_POINT('',#963);
#963 = CARTESIAN_POINT('',(122.93392,-163.7495,1.545));
#964 = CIRCLE('',#965,0.123999804222);
#965 = AXIS2_PLACEMENT_3D('',#966,#967,#968);
#966 = CARTESIAN_POINT('',(122.93391998418,-163.6255001957,1.545));
#967 = DIRECTION('',(0.,0.,-1.));
#968 = DIRECTION('',(0.433879844798,0.900970743298,0.));
#969 = ORIENTED_EDGE('',*,*,#970,.F.);
#970 = EDGE_CURVE('',#971,#962,#973,.T.);
#971 = VERTEX_POINT('',#972);
#972 = CARTESIAN_POINT('',(122.93392,-163.7495,1.51));
#973 = LINE('',#974,#975);
#974 = CARTESIAN_POINT('',(122.93392,-163.7495,1.51));
#975 = VECTOR('',#976,1.);
#976 = DIRECTION('',(0.,0.,1.));
#977 = ORIENTED_EDGE('',*,*,#978,.F.);
#978 = EDGE_CURVE('',#939,#971,#979,.T.);
#979 = CIRCLE('',#980,0.123999804222);
#980 = AXIS2_PLACEMENT_3D('',#981,#982,#983);
#981 = CARTESIAN_POINT('',(122.93391998418,-163.6255001957,1.51));
#982 = DIRECTION('',(0.,0.,-1.));
#983 = DIRECTION('',(0.433879844798,0.900970743298,0.));
#984 = CYLINDRICAL_SURFACE('',#985,0.123999804222);
#985 = AXIS2_PLACEMENT_3D('',#986,#987,#988);
#986 = CARTESIAN_POINT('',(122.93391998418,-163.6255001957,1.51));
#987 = DIRECTION('',(0.,0.,-1.));
#988 = DIRECTION('',(0.433879844798,0.900970743298,0.));
#989 = ADVANCED_FACE('',(#990),#1015,.T.);
#990 = FACE_BOUND('',#991,.T.);
#991 = EDGE_LOOP('',(#992,#993,#1001,#1009));
#992 = ORIENTED_EDGE('',*,*,#970,.T.);
#993 = ORIENTED_EDGE('',*,*,#994,.T.);
#994 = EDGE_CURVE('',#962,#995,#997,.T.);
#995 = VERTEX_POINT('',#996);
#996 = CARTESIAN_POINT('',(77.06608,-163.7495,1.545));
#997 = LINE('',#998,#999);
#998 = CARTESIAN_POINT('',(122.93392,-163.7495,1.545));
#999 = VECTOR('',#1000,1.);
#1000 = DIRECTION('',(-1.,0.,0.));
#1001 = ORIENTED_EDGE('',*,*,#1002,.F.);
#1002 = EDGE_CURVE('',#1003,#995,#1005,.T.);
#1003 = VERTEX_POINT('',#1004);
#1004 = CARTESIAN_POINT('',(77.06608,-163.7495,1.51));
#1005 = LINE('',#1006,#1007);
#1006 = CARTESIAN_POINT('',(77.06608,-163.7495,1.51));
#1007 = VECTOR('',#1008,1.);
#1008 = DIRECTION('',(0.,0.,1.));
#1009 = ORIENTED_EDGE('',*,*,#1010,.F.);
#1010 = EDGE_CURVE('',#971,#1003,#1011,.T.);
#1011 = LINE('',#1012,#1013);
#1012 = CARTESIAN_POINT('',(122.93392,-163.7495,1.51));
#1013 = VECTOR('',#1014,1.);
#1014 = DIRECTION('',(-1.,0.,0.));
#1015 = PLANE('',#1016);
#1016 = AXIS2_PLACEMENT_3D('',#1017,#1018,#1019);
#1017 = CARTESIAN_POINT('',(122.93392,-163.7495,1.51));
#1018 = DIRECTION('',(0.,-1.,0.));
#1019 = DIRECTION('',(-1.,0.,0.));
#1020 = ADVANCED_FACE('',(#1021),#1048,.T.);
#1021 = FACE_BOUND('',#1022,.T.);
#1022 = EDGE_LOOP('',(#1023,#1024,#1033,#1041));
#1023 = ORIENTED_EDGE('',*,*,#1002,.T.);
#1024 = ORIENTED_EDGE('',*,*,#1025,.T.);
#1025 = EDGE_CURVE('',#995,#1026,#1028,.T.);
#1026 = VERTEX_POINT('',#1027);
#1027 = CARTESIAN_POINT('',(77.012279,-163.51378,1.545));
#1028 = CIRCLE('',#1029,0.123999921004);
#1029 = AXIS2_PLACEMENT_3D('',#1030,#1031,#1032);
#1030 = CARTESIAN_POINT('',(77.066080527466,-163.6255000789,1.545));
#1031 = DIRECTION('',(0.,0.,-1.));
#1032 = DIRECTION('',(-4.253764783696E-06,-0.999999999991,-0.));
#1033 = ORIENTED_EDGE('',*,*,#1034,.F.);
#1034 = EDGE_CURVE('',#1035,#1026,#1037,.T.);
#1035 = VERTEX_POINT('',#1036);
#1036 = CARTESIAN_POINT('',(77.012279,-163.51378,1.51));
#1037 = LINE('',#1038,#1039);
#1038 = CARTESIAN_POINT('',(77.012279,-163.51378,1.51));
#1039 = VECTOR('',#1040,1.);
#1040 = DIRECTION('',(0.,0.,1.));
#1041 = ORIENTED_EDGE('',*,*,#1042,.F.);
#1042 = EDGE_CURVE('',#1003,#1035,#1043,.T.);
#1043 = CIRCLE('',#1044,0.123999921004);
#1044 = AXIS2_PLACEMENT_3D('',#1045,#1046,#1047);
#1045 = CARTESIAN_POINT('',(77.066080527466,-163.6255000789,1.51));
#1046 = DIRECTION('',(0.,0.,-1.));
#1047 = DIRECTION('',(-4.253764783696E-06,-0.999999999991,-0.));
#1048 = CYLINDRICAL_SURFACE('',#1049,0.123999921004);
#1049 = AXIS2_PLACEMENT_3D('',#1050,#1051,#1052);
#1050 = CARTESIAN_POINT('',(77.066080527466,-163.6255000789,1.51));
#1051 = DIRECTION('',(0.,0.,-1.));
#1052 = DIRECTION('',(-4.253764783696E-06,-0.999999999991,-0.));
#1053 = ADVANCED_FACE('',(#1054),#1079,.T.);
#1054 = FACE_BOUND('',#1055,.T.);
#1055 = EDGE_LOOP('',(#1056,#1057,#1065,#1073));
#1056 = ORIENTED_EDGE('',*,*,#1034,.T.);
#1057 = ORIENTED_EDGE('',*,*,#1058,.T.);
#1058 = EDGE_CURVE('',#1026,#1059,#1061,.T.);
#1059 = VERTEX_POINT('',#1060);
#1060 = CARTESIAN_POINT('',(77.161445,-163.441945,1.545));
#1061 = LINE('',#1062,#1063);
#1062 = CARTESIAN_POINT('',(77.012279,-163.51378,1.545));
#1063 = VECTOR('',#1064,1.);
#1064 = DIRECTION('',(0.900967828026,0.433885898437,0.));
#1065 = ORIENTED_EDGE('',*,*,#1066,.F.);
#1066 = EDGE_CURVE('',#1067,#1059,#1069,.T.);
#1067 = VERTEX_POINT('',#1068);
#1068 = CARTESIAN_POINT('',(77.161445,-163.441945,1.51));
#1069 = LINE('',#1070,#1071);
#1070 = CARTESIAN_POINT('',(77.161445,-163.441945,1.51));
#1071 = VECTOR('',#1072,1.);
#1072 = DIRECTION('',(0.,0.,1.));
#1073 = ORIENTED_EDGE('',*,*,#1074,.F.);
#1074 = EDGE_CURVE('',#1035,#1067,#1075,.T.);
#1075 = LINE('',#1076,#1077);
#1076 = CARTESIAN_POINT('',(77.012279,-163.51378,1.51));
#1077 = VECTOR('',#1078,1.);
#1078 = DIRECTION('',(0.900967828026,0.433885898437,0.));
#1079 = PLANE('',#1080);
#1080 = AXIS2_PLACEMENT_3D('',#1081,#1082,#1083);
#1081 = CARTESIAN_POINT('',(77.012279,-163.51378,1.51));
#1082 = DIRECTION('',(-0.433885898437,0.900967828026,0.));
#1083 = DIRECTION('',(0.900967828026,0.433885898437,0.));
#1084 = ADVANCED_FACE('',(#1085),#1112,.F.);
#1085 = FACE_BOUND('',#1086,.T.);
#1086 = EDGE_LOOP('',(#1087,#1088,#1097,#1105));
#1087 = ORIENTED_EDGE('',*,*,#1066,.T.);
#1088 = ORIENTED_EDGE('',*,*,#1089,.T.);
#1089 = EDGE_CURVE('',#1059,#1090,#1092,.T.);
#1090 = VERTEX_POINT('',#1091);
#1091 = CARTESIAN_POINT('',(76.090425,-158.7495,1.545));
#1092 = CIRCLE('',#1093,2.504440212232);
#1093 = AXIS2_PLACEMENT_3D('',#1094,#1095,#1096);
#1094 = CARTESIAN_POINT('',(75.949999967958,-161.2500002673,1.545));
#1095 = DIRECTION('',(0.,-0.,1.));
#1096 = DIRECTION('',(0.483718887009,-0.875223421962,-0.));
#1097 = ORIENTED_EDGE('',*,*,#1098,.F.);
#1098 = EDGE_CURVE('',#1099,#1090,#1101,.T.);
#1099 = VERTEX_POINT('',#1100);
#1100 = CARTESIAN_POINT('',(76.090425,-158.7495,1.51));
#1101 = LINE('',#1102,#1103);
#1102 = CARTESIAN_POINT('',(76.090425,-158.7495,1.51));
#1103 = VECTOR('',#1104,1.);
#1104 = DIRECTION('',(0.,0.,1.));
#1105 = ORIENTED_EDGE('',*,*,#1106,.F.);
#1106 = EDGE_CURVE('',#1067,#1099,#1107,.T.);
#1107 = CIRCLE('',#1108,2.504440212232);
#1108 = AXIS2_PLACEMENT_3D('',#1109,#1110,#1111);
#1109 = CARTESIAN_POINT('',(75.949999967958,-161.2500002673,1.51));
#1110 = DIRECTION('',(0.,-0.,1.));
#1111 = DIRECTION('',(0.483718887009,-0.875223421962,-0.));
#1112 = CYLINDRICAL_SURFACE('',#1113,2.504440212232);
#1113 = AXIS2_PLACEMENT_3D('',#1114,#1115,#1116);
#1114 = CARTESIAN_POINT('',(75.949999967958,-161.2500002673,1.51));
#1115 = DIRECTION('',(-0.,0.,-1.));
#1116 = DIRECTION('',(0.483718887009,-0.875223421962,-0.));
#1117 = ADVANCED_FACE('',(#1118),#1143,.T.);
#1118 = FACE_BOUND('',#1119,.T.);
#1119 = EDGE_LOOP('',(#1120,#1121,#1129,#1137));
#1120 = ORIENTED_EDGE('',*,*,#1098,.T.);
#1121 = ORIENTED_EDGE('',*,*,#1122,.T.);
#1122 = EDGE_CURVE('',#1090,#1123,#1125,.T.);
#1123 = VERTEX_POINT('',#1124);
#1124 = CARTESIAN_POINT('',(73.109568,-158.7495,1.545));
#1125 = LINE('',#1126,#1127);
#1126 = CARTESIAN_POINT('',(76.090425,-158.7495,1.545));
#1127 = VECTOR('',#1128,1.);
#1128 = DIRECTION('',(-1.,0.,0.));
#1129 = ORIENTED_EDGE('',*,*,#1130,.F.);
#1130 = EDGE_CURVE('',#1131,#1123,#1133,.T.);
#1131 = VERTEX_POINT('',#1132);
#1132 = CARTESIAN_POINT('',(73.109568,-158.7495,1.51));
#1133 = LINE('',#1134,#1135);
#1134 = CARTESIAN_POINT('',(73.109568,-158.7495,1.51));
#1135 = VECTOR('',#1136,1.);
#1136 = DIRECTION('',(0.,0.,1.));
#1137 = ORIENTED_EDGE('',*,*,#1138,.F.);
#1138 = EDGE_CURVE('',#1099,#1131,#1139,.T.);
#1139 = LINE('',#1140,#1141);
#1140 = CARTESIAN_POINT('',(76.090425,-158.7495,1.51));
#1141 = VECTOR('',#1142,1.);
#1142 = DIRECTION('',(-1.,0.,0.));
#1143 = PLANE('',#1144);
#1144 = AXIS2_PLACEMENT_3D('',#1145,#1146,#1147);
#1145 = CARTESIAN_POINT('',(76.090425,-158.7495,1.51));
#1146 = DIRECTION('',(0.,-1.,0.));
#1147 = DIRECTION('',(-1.,0.,0.));
#1148 = ADVANCED_FACE('',(#1149),#1176,.F.);
#1149 = FACE_BOUND('',#1150,.T.);
#1150 = EDGE_LOOP('',(#1151,#1152,#1161,#1169));
#1151 = ORIENTED_EDGE('',*,*,#1130,.T.);
#1152 = ORIENTED_EDGE('',*,*,#1153,.T.);
#1153 = EDGE_CURVE('',#1123,#1154,#1156,.T.);
#1154 = VERTEX_POINT('',#1155);
#1155 = CARTESIAN_POINT('',(72.03856,-163.441948,1.545));
#1156 = CIRCLE('',#1157,2.504440212131);
#1157 = AXIS2_PLACEMENT_3D('',#1158,#1159,#1160);
#1158 = CARTESIAN_POINT('',(73.249998997378,-161.2499999322,1.545));
#1159 = DIRECTION('',(0.,0.,1.));
#1160 = DIRECTION('',(-5.60728088846E-02,0.998426682388,0.));
#1161 = ORIENTED_EDGE('',*,*,#1162,.F.);
#1162 = EDGE_CURVE('',#1163,#1154,#1165,.T.);
#1163 = VERTEX_POINT('',#1164);
#1164 = CARTESIAN_POINT('',(72.03856,-163.441948,1.51));
#1165 = LINE('',#1166,#1167);
#1166 = CARTESIAN_POINT('',(72.03856,-163.441948,1.51));
#1167 = VECTOR('',#1168,1.);
#1168 = DIRECTION('',(0.,0.,1.));
#1169 = ORIENTED_EDGE('',*,*,#1170,.F.);
#1170 = EDGE_CURVE('',#1131,#1163,#1171,.T.);
#1171 = CIRCLE('',#1172,2.504440212131);
#1172 = AXIS2_PLACEMENT_3D('',#1173,#1174,#1175);
#1173 = CARTESIAN_POINT('',(73.249998997378,-161.2499999322,1.51));
#1174 = DIRECTION('',(0.,0.,1.));
#1175 = DIRECTION('',(-5.60728088846E-02,0.998426682388,0.));
#1176 = CYLINDRICAL_SURFACE('',#1177,2.504440212131);
#1177 = AXIS2_PLACEMENT_3D('',#1178,#1179,#1180);
#1178 = CARTESIAN_POINT('',(73.249998997378,-161.2499999322,1.51));
#1179 = DIRECTION('',(-0.,-0.,-1.));
#1180 = DIRECTION('',(-5.60728088846E-02,0.998426682388,0.));
#1181 = ADVANCED_FACE('',(#1182),#1207,.T.);
#1182 = FACE_BOUND('',#1183,.T.);
#1183 = EDGE_LOOP('',(#1184,#1185,#1193,#1201));
#1184 = ORIENTED_EDGE('',*,*,#1162,.T.);
#1185 = ORIENTED_EDGE('',*,*,#1186,.T.);
#1186 = EDGE_CURVE('',#1154,#1187,#1189,.T.);
#1187 = VERTEX_POINT('',#1188);
#1188 = CARTESIAN_POINT('',(72.187721,-163.51378,1.545));
#1189 = LINE('',#1190,#1191);
#1190 = CARTESIAN_POINT('',(72.03856,-163.441948,1.545));
#1191 = VECTOR('',#1192,1.);
#1192 = DIRECTION('',(0.900969226138,-0.433882995233,0.));
#1193 = ORIENTED_EDGE('',*,*,#1194,.F.);
#1194 = EDGE_CURVE('',#1195,#1187,#1197,.T.);
#1195 = VERTEX_POINT('',#1196);
#1196 = CARTESIAN_POINT('',(72.187721,-163.51378,1.51));
#1197 = LINE('',#1198,#1199);
#1198 = CARTESIAN_POINT('',(72.187721,-163.51378,1.51));
#1199 = VECTOR('',#1200,1.);
#1200 = DIRECTION('',(0.,0.,1.));
#1201 = ORIENTED_EDGE('',*,*,#1202,.F.);
#1202 = EDGE_CURVE('',#1163,#1195,#1203,.T.);
#1203 = LINE('',#1204,#1205);
#1204 = CARTESIAN_POINT('',(72.03856,-163.441948,1.51));
#1205 = VECTOR('',#1206,1.);
#1206 = DIRECTION('',(0.900969226138,-0.433882995233,0.));
#1207 = PLANE('',#1208);
#1208 = AXIS2_PLACEMENT_3D('',#1209,#1210,#1211);
#1209 = CARTESIAN_POINT('',(72.03856,-163.441948,1.51));
#1210 = DIRECTION('',(0.433882995233,0.900969226138,-0.));
#1211 = DIRECTION('',(0.900969226138,-0.433882995233,0.));
#1212 = ADVANCED_FACE('',(#1213),#1240,.T.);
#1213 = FACE_BOUND('',#1214,.T.);
#1214 = EDGE_LOOP('',(#1215,#1216,#1225,#1233));
#1215 = ORIENTED_EDGE('',*,*,#1194,.T.);
#1216 = ORIENTED_EDGE('',*,*,#1217,.T.);
#1217 = EDGE_CURVE('',#1187,#1218,#1220,.T.);
#1218 = VERTEX_POINT('',#1219);
#1219 = CARTESIAN_POINT('',(72.13392,-163.7495,1.545));
#1220 = CIRCLE('',#1221,0.123999804222);
#1221 = AXIS2_PLACEMENT_3D('',#1222,#1223,#1224);
#1222 = CARTESIAN_POINT('',(72.133919984189,-163.6255001957,1.545));
#1223 = DIRECTION('',(0.,0.,-1.));
#1224 = DIRECTION('',(0.433879844798,0.900970743298,0.));
#1225 = ORIENTED_EDGE('',*,*,#1226,.F.);
#1226 = EDGE_CURVE('',#1227,#1218,#1229,.T.);
#1227 = VERTEX_POINT('',#1228);
#1228 = CARTESIAN_POINT('',(72.13392,-163.7495,1.51));
#1229 = LINE('',#1230,#1231);
#1230 = CARTESIAN_POINT('',(72.13392,-163.7495,1.51));
#1231 = VECTOR('',#1232,1.);
#1232 = DIRECTION('',(0.,0.,1.));
#1233 = ORIENTED_EDGE('',*,*,#1234,.F.);
#1234 = EDGE_CURVE('',#1195,#1227,#1235,.T.);
#1235 = CIRCLE('',#1236,0.123999804222);
#1236 = AXIS2_PLACEMENT_3D('',#1237,#1238,#1239);
#1237 = CARTESIAN_POINT('',(72.133919984189,-163.6255001957,1.51));
#1238 = DIRECTION('',(0.,0.,-1.));
#1239 = DIRECTION('',(0.433879844798,0.900970743298,0.));
#1240 = CYLINDRICAL_SURFACE('',#1241,0.123999804222);
#1241 = AXIS2_PLACEMENT_3D('',#1242,#1243,#1244);
#1242 = CARTESIAN_POINT('',(72.133919984189,-163.6255001957,1.51));
#1243 = DIRECTION('',(0.,0.,-1.));
#1244 = DIRECTION('',(0.433879844798,0.900970743298,0.));
#1245 = ADVANCED_FACE('',(#1246),#1271,.T.);
#1246 = FACE_BOUND('',#1247,.T.);
#1247 = EDGE_LOOP('',(#1248,#1249,#1257,#1265));
#1248 = ORIENTED_EDGE('',*,*,#1226,.T.);
#1249 = ORIENTED_EDGE('',*,*,#1250,.T.);
#1250 = EDGE_CURVE('',#1218,#1251,#1253,.T.);
#1251 = VERTEX_POINT('',#1252);
#1252 = CARTESIAN_POINT('',(65.2245,-163.7495,1.545));
#1253 = LINE('',#1254,#1255);
#1254 = CARTESIAN_POINT('',(72.13392,-163.7495,1.545));
#1255 = VECTOR('',#1256,1.);
#1256 = DIRECTION('',(-1.,0.,0.));
#1257 = ORIENTED_EDGE('',*,*,#1258,.F.);
#1258 = EDGE_CURVE('',#1259,#1251,#1261,.T.);
#1259 = VERTEX_POINT('',#1260);
#1260 = CARTESIAN_POINT('',(65.2245,-163.7495,1.51));
#1261 = LINE('',#1262,#1263);
#1262 = CARTESIAN_POINT('',(65.2245,-163.7495,1.51));
#1263 = VECTOR('',#1264,1.);
#1264 = DIRECTION('',(0.,0.,1.));
#1265 = ORIENTED_EDGE('',*,*,#1266,.F.);
#1266 = EDGE_CURVE('',#1227,#1259,#1267,.T.);
#1267 = LINE('',#1268,#1269);
#1268 = CARTESIAN_POINT('',(72.13392,-163.7495,1.51));
#1269 = VECTOR('',#1270,1.);
#1270 = DIRECTION('',(-1.,0.,0.));
#1271 = PLANE('',#1272);
#1272 = AXIS2_PLACEMENT_3D('',#1273,#1274,#1275);
#1273 = CARTESIAN_POINT('',(72.13392,-163.7495,1.51));
#1274 = DIRECTION('',(0.,-1.,0.));
#1275 = DIRECTION('',(-1.,0.,0.));
#1276 = ADVANCED_FACE('',(#1277),#1304,.T.);
#1277 = FACE_BOUND('',#1278,.T.);
#1278 = EDGE_LOOP('',(#1279,#1280,#1289,#1297));
#1279 = ORIENTED_EDGE('',*,*,#1258,.T.);
#1280 = ORIENTED_EDGE('',*,*,#1281,.T.);
#1281 = EDGE_CURVE('',#1251,#1282,#1284,.T.);
#1282 = VERTEX_POINT('',#1283);
#1283 = CARTESIAN_POINT('',(65.1005,-163.6255,1.545));
#1284 = CIRCLE('',#1285,0.124001618184);
#1285 = AXIS2_PLACEMENT_3D('',#1286,#1287,#1288);
#1286 = CARTESIAN_POINT('',(65.224501618174,-163.6254983818,1.545));
#1287 = DIRECTION('',(0.,0.,-1.));
#1288 = DIRECTION('',(-1.304961805084E-05,-0.999999999915,-0.));
#1289 = ORIENTED_EDGE('',*,*,#1290,.F.);
#1290 = EDGE_CURVE('',#1291,#1282,#1293,.T.);
#1291 = VERTEX_POINT('',#1292);
#1292 = CARTESIAN_POINT('',(65.1005,-163.6255,1.51));
#1293 = LINE('',#1294,#1295);
#1294 = CARTESIAN_POINT('',(65.1005,-163.6255,1.51));
#1295 = VECTOR('',#1296,1.);
#1296 = DIRECTION('',(0.,0.,1.));
#1297 = ORIENTED_EDGE('',*,*,#1298,.F.);
#1298 = EDGE_CURVE('',#1259,#1291,#1299,.T.);
#1299 = CIRCLE('',#1300,0.124001618184);
#1300 = AXIS2_PLACEMENT_3D('',#1301,#1302,#1303);
#1301 = CARTESIAN_POINT('',(65.224501618174,-163.6254983818,1.51));
#1302 = DIRECTION('',(0.,0.,-1.));
#1303 = DIRECTION('',(-1.304961805084E-05,-0.999999999915,-0.));
#1304 = CYLINDRICAL_SURFACE('',#1305,0.124001618184);
#1305 = AXIS2_PLACEMENT_3D('',#1306,#1307,#1308);
#1306 = CARTESIAN_POINT('',(65.224501618174,-163.6254983818,1.51));
#1307 = DIRECTION('',(0.,0.,-1.));
#1308 = DIRECTION('',(-1.304961805084E-05,-0.999999999915,-0.));
#1309 = ADVANCED_FACE('',(#1310),#1326,.T.);
#1310 = FACE_BOUND('',#1311,.T.);
#1311 = EDGE_LOOP('',(#1312,#1313,#1319,#1320));
#1312 = ORIENTED_EDGE('',*,*,#1290,.T.);
#1313 = ORIENTED_EDGE('',*,*,#1314,.T.);
#1314 = EDGE_CURVE('',#1282,#58,#1315,.T.);
#1315 = LINE('',#1316,#1317);
#1316 = CARTESIAN_POINT('',(65.1005,-163.6255,1.545));
#1317 = VECTOR('',#1318,1.);
#1318 = DIRECTION('',(0.,1.,0.));
#1319 = ORIENTED_EDGE('',*,*,#55,.F.);
#1320 = ORIENTED_EDGE('',*,*,#1321,.F.);
#1321 = EDGE_CURVE('',#1291,#56,#1322,.T.);
#1322 = LINE('',#1323,#1324);
#1323 = CARTESIAN_POINT('',(65.1005,-163.6255,1.51));
#1324 = VECTOR('',#1325,1.);
#1325 = DIRECTION('',(0.,1.,0.));
#1326 = PLANE('',#1327);
#1327 = AXIS2_PLACEMENT_3D('',#1328,#1329,#1330);
#1328 = CARTESIAN_POINT('',(65.1005,-163.6255,1.51));
#1329 = DIRECTION('',(-1.,0.,0.));
#1330 = DIRECTION('',(0.,1.,0.));
#1331 = ADVANCED_FACE('',(#1332),#1359,.F.);
#1332 = FACE_BOUND('',#1333,.T.);
#1333 = EDGE_LOOP('',(#1334,#1344,#1351,#1352));
#1334 = ORIENTED_EDGE('',*,*,#1335,.T.);
#1335 = EDGE_CURVE('',#1336,#1338,#1340,.T.);
#1336 = VERTEX_POINT('',#1337);
#1337 = CARTESIAN_POINT('',(79.154836,-147.,1.51));
#1338 = VERTEX_POINT('',#1339);
#1339 = CARTESIAN_POINT('',(79.154836,-147.,1.545));
#1340 = LINE('',#1341,#1342);
#1341 = CARTESIAN_POINT('',(79.154836,-147.,1.51));
#1342 = VECTOR('',#1343,1.);
#1343 = DIRECTION('',(0.,0.,1.));
#1344 = ORIENTED_EDGE('',*,*,#1345,.T.);
#1345 = EDGE_CURVE('',#1338,#1338,#1346,.T.);
#1346 = CIRCLE('',#1347,4.554835);
#1347 = AXIS2_PLACEMENT_3D('',#1348,#1349,#1350);
#1348 = CARTESIAN_POINT('',(74.600001,-147.,1.545));
#1349 = DIRECTION('',(0.,0.,1.));
#1350 = DIRECTION('',(1.,0.,-0.));
#1351 = ORIENTED_EDGE('',*,*,#1335,.F.);
#1352 = ORIENTED_EDGE('',*,*,#1353,.F.);
#1353 = EDGE_CURVE('',#1336,#1336,#1354,.T.);
#1354 = CIRCLE('',#1355,4.554835);
#1355 = AXIS2_PLACEMENT_3D('',#1356,#1357,#1358);
#1356 = CARTESIAN_POINT('',(74.600001,-147.,1.51));
#1357 = DIRECTION('',(0.,0.,1.));
#1358 = DIRECTION('',(1.,0.,-0.));
#1359 = CYLINDRICAL_SURFACE('',#1360,4.554835);
#1360 = AXIS2_PLACEMENT_3D('',#1361,#1362,#1363);
#1361 = CARTESIAN_POINT('',(74.600001,-147.,1.51));
#1362 = DIRECTION('',(-0.,-0.,-1.));
#1363 = DIRECTION('',(1.,0.,-0.));
#1364 = ADVANCED_FACE('',(#1365),#1392,.F.);
#1365 = FACE_BOUND('',#1366,.T.);
#1366 = EDGE_LOOP('',(#1367,#1377,#1384,#1385));
#1367 = ORIENTED_EDGE('',*,*,#1368,.T.);
#1368 = EDGE_CURVE('',#1369,#1371,#1373,.T.);
#1369 = VERTEX_POINT('',#1370);
#1370 = CARTESIAN_POINT('',(91.854836,-146.999999,1.51));
#1371 = VERTEX_POINT('',#1372);
#1372 = CARTESIAN_POINT('',(91.854836,-146.999999,1.545));
#1373 = LINE('',#1374,#1375);
#1374 = CARTESIAN_POINT('',(91.854836,-146.999999,1.51));
#1375 = VECTOR('',#1376,1.);
#1376 = DIRECTION('',(0.,0.,1.));
#1377 = ORIENTED_EDGE('',*,*,#1378,.T.);
#1378 = EDGE_CURVE('',#1371,#1371,#1379,.T.);
#1379 = CIRCLE('',#1380,4.554835);
#1380 = AXIS2_PLACEMENT_3D('',#1381,#1382,#1383);
#1381 = CARTESIAN_POINT('',(87.300001,-146.999999,1.545));
#1382 = DIRECTION('',(0.,0.,1.));
#1383 = DIRECTION('',(1.,0.,-0.));
#1384 = ORIENTED_EDGE('',*,*,#1368,.F.);
#1385 = ORIENTED_EDGE('',*,*,#1386,.F.);
#1386 = EDGE_CURVE('',#1369,#1369,#1387,.T.);
#1387 = CIRCLE('',#1388,4.554835);
#1388 = AXIS2_PLACEMENT_3D('',#1389,#1390,#1391);
#1389 = CARTESIAN_POINT('',(87.300001,-146.999999,1.51));
#1390 = DIRECTION('',(0.,0.,1.));
#1391 = DIRECTION('',(1.,0.,-0.));
#1392 = CYLINDRICAL_SURFACE('',#1393,4.554835);
#1393 = AXIS2_PLACEMENT_3D('',#1394,#1395,#1396);
#1394 = CARTESIAN_POINT('',(87.300001,-146.999999,1.51));
#1395 = DIRECTION('',(-0.,-0.,-1.));
#1396 = DIRECTION('',(1.,0.,-0.));
#1397 = ADVANCED_FACE('',(#1398),#1425,.F.);
#1398 = FACE_BOUND('',#1399,.T.);
#1399 = EDGE_LOOP('',(#1400,#1410,#1417,#1418));
#1400 = ORIENTED_EDGE('',*,*,#1401,.T.);
#1401 = EDGE_CURVE('',#1402,#1404,#1406,.T.);
#1402 = VERTEX_POINT('',#1403);
#1403 = CARTESIAN_POINT('',(104.554836,-146.999999,1.51));
#1404 = VERTEX_POINT('',#1405);
#1405 = CARTESIAN_POINT('',(104.554836,-146.999999,1.545));
#1406 = LINE('',#1407,#1408);
#1407 = CARTESIAN_POINT('',(104.554836,-146.999999,1.51));
#1408 = VECTOR('',#1409,1.);
#1409 = DIRECTION('',(0.,0.,1.));
#1410 = ORIENTED_EDGE('',*,*,#1411,.T.);
#1411 = EDGE_CURVE('',#1404,#1404,#1412,.T.);
#1412 = CIRCLE('',#1413,4.554835);
#1413 = AXIS2_PLACEMENT_3D('',#1414,#1415,#1416);
#1414 = CARTESIAN_POINT('',(100.000001,-146.999999,1.545));
#1415 = DIRECTION('',(0.,0.,1.));
#1416 = DIRECTION('',(1.,0.,-0.));
#1417 = ORIENTED_EDGE('',*,*,#1401,.F.);
#1418 = ORIENTED_EDGE('',*,*,#1419,.F.);
#1419 = EDGE_CURVE('',#1402,#1402,#1420,.T.);
#1420 = CIRCLE('',#1421,4.554835);
#1421 = AXIS2_PLACEMENT_3D('',#1422,#1423,#1424);
#1422 = CARTESIAN_POINT('',(100.000001,-146.999999,1.51));
#1423 = DIRECTION('',(0.,0.,1.));
#1424 = DIRECTION('',(1.,0.,-0.));
#1425 = CYLINDRICAL_SURFACE('',#1426,4.554835);
#1426 = AXIS2_PLACEMENT_3D('',#1427,#1428,#1429);
#1427 = CARTESIAN_POINT('',(100.000001,-146.999999,1.51));
#1428 = DIRECTION('',(-0.,-0.,-1.));
#1429 = DIRECTION('',(1.,0.,-0.));
#1430 = ADVANCED_FACE('',(#1431),#1458,.F.);
#1431 = FACE_BOUND('',#1432,.T.);
#1432 = EDGE_LOOP('',(#1433,#1443,#1450,#1451));
#1433 = ORIENTED_EDGE('',*,*,#1434,.T.);
#1434 = EDGE_CURVE('',#1435,#1437,#1439,.T.);
#1435 = VERTEX_POINT('',#1436);
#1436 = CARTESIAN_POINT('',(117.254836,-146.999999,1.51));
#1437 = VERTEX_POINT('',#1438);
#1438 = CARTESIAN_POINT('',(117.254836,-146.999999,1.545));
#1439 = LINE('',#1440,#1441);
#1440 = CARTESIAN_POINT('',(117.254836,-146.999999,1.51));
#1441 = VECTOR('',#1442,1.);
#1442 = DIRECTION('',(0.,0.,1.));
#1443 = ORIENTED_EDGE('',*,*,#1444,.T.);
#1444 = EDGE_CURVE('',#1437,#1437,#1445,.T.);
#1445 = CIRCLE('',#1446,4.554835);
#1446 = AXIS2_PLACEMENT_3D('',#1447,#1448,#1449);
#1447 = CARTESIAN_POINT('',(112.700001,-146.999999,1.545));
#1448 = DIRECTION('',(0.,0.,1.));
#1449 = DIRECTION('',(1.,0.,-0.));
#1450 = ORIENTED_EDGE('',*,*,#1434,.F.);
#1451 = ORIENTED_EDGE('',*,*,#1452,.F.);
#1452 = EDGE_CURVE('',#1435,#1435,#1453,.T.);
#1453 = CIRCLE('',#1454,4.554835);
#1454 = AXIS2_PLACEMENT_3D('',#1455,#1456,#1457);
#1455 = CARTESIAN_POINT('',(112.700001,-146.999999,1.51));
#1456 = DIRECTION('',(0.,0.,1.));
#1457 = DIRECTION('',(1.,0.,-0.));
#1458 = CYLINDRICAL_SURFACE('',#1459,4.554835);
#1459 = AXIS2_PLACEMENT_3D('',#1460,#1461,#1462);
#1460 = CARTESIAN_POINT('',(112.700001,-146.999999,1.51));
#1461 = DIRECTION('',(-0.,-0.,-1.));
#1462 = DIRECTION('',(1.,0.,-0.));
#1463 = ADVANCED_FACE('',(#1464),#1491,.F.);
#1464 = FACE_BOUND('',#1465,.T.);
#1465 = EDGE_LOOP('',(#1466,#1476,#1483,#1484));
#1466 = ORIENTED_EDGE('',*,*,#1467,.T.);
#1467 = EDGE_CURVE('',#1468,#1470,#1472,.T.);
#1468 = VERTEX_POINT('',#1469);
#1469 = CARTESIAN_POINT('',(79.154836,-134.3,1.51));
#1470 = VERTEX_POINT('',#1471);
#1471 = CARTESIAN_POINT('',(79.154836,-134.3,1.545));
#1472 = LINE('',#1473,#1474);
#1473 = CARTESIAN_POINT('',(79.154836,-134.3,1.51));
#1474 = VECTOR('',#1475,1.);
#1475 = DIRECTION('',(0.,0.,1.));
#1476 = ORIENTED_EDGE('',*,*,#1477,.T.);
#1477 = EDGE_CURVE('',#1470,#1470,#1478,.T.);
#1478 = CIRCLE('',#1479,4.554835);
#1479 = AXIS2_PLACEMENT_3D('',#1480,#1481,#1482);
#1480 = CARTESIAN_POINT('',(74.600001,-134.3,1.545));
#1481 = DIRECTION('',(0.,0.,1.));
#1482 = DIRECTION('',(1.,0.,-0.));
#1483 = ORIENTED_EDGE('',*,*,#1467,.F.);
#1484 = ORIENTED_EDGE('',*,*,#1485,.F.);
#1485 = EDGE_CURVE('',#1468,#1468,#1486,.T.);
#1486 = CIRCLE('',#1487,4.554835);
#1487 = AXIS2_PLACEMENT_3D('',#1488,#1489,#1490);
#1488 = CARTESIAN_POINT('',(74.600001,-134.3,1.51));
#1489 = DIRECTION('',(0.,0.,1.));
#1490 = DIRECTION('',(1.,0.,-0.));
#1491 = CYLINDRICAL_SURFACE('',#1492,4.554835);
#1492 = AXIS2_PLACEMENT_3D('',#1493,#1494,#1495);
#1493 = CARTESIAN_POINT('',(74.600001,-134.3,1.51));
#1494 = DIRECTION('',(-0.,-0.,-1.));
#1495 = DIRECTION('',(1.,0.,-0.));
#1496 = ADVANCED_FACE('',(#1497),#1524,.F.);
#1497 = FACE_BOUND('',#1498,.T.);
#1498 = EDGE_LOOP('',(#1499,#1509,#1516,#1517));
#1499 = ORIENTED_EDGE('',*,*,#1500,.T.);
#1500 = EDGE_CURVE('',#1501,#1503,#1505,.T.);
#1501 = VERTEX_POINT('',#1502);
#1502 = CARTESIAN_POINT('',(91.854836,-134.3,1.51));
#1503 = VERTEX_POINT('',#1504);
#1504 = CARTESIAN_POINT('',(91.854836,-134.3,1.545));
#1505 = LINE('',#1506,#1507);
#1506 = CARTESIAN_POINT('',(91.854836,-134.3,1.51));
#1507 = VECTOR('',#1508,1.);
#1508 = DIRECTION('',(0.,0.,1.));
#1509 = ORIENTED_EDGE('',*,*,#1510,.T.);
#1510 = EDGE_CURVE('',#1503,#1503,#1511,.T.);
#1511 = CIRCLE('',#1512,4.554835);
#1512 = AXIS2_PLACEMENT_3D('',#1513,#1514,#1515);
#1513 = CARTESIAN_POINT('',(87.300001,-134.3,1.545));
#1514 = DIRECTION('',(0.,0.,1.));
#1515 = DIRECTION('',(1.,0.,-0.));
#1516 = ORIENTED_EDGE('',*,*,#1500,.F.);
#1517 = ORIENTED_EDGE('',*,*,#1518,.F.);
#1518 = EDGE_CURVE('',#1501,#1501,#1519,.T.);
#1519 = CIRCLE('',#1520,4.554835);
#1520 = AXIS2_PLACEMENT_3D('',#1521,#1522,#1523);
#1521 = CARTESIAN_POINT('',(87.300001,-134.3,1.51));
#1522 = DIRECTION('',(0.,0.,1.));
#1523 = DIRECTION('',(1.,0.,-0.));
#1524 = CYLINDRICAL_SURFACE('',#1525,4.554835);
#1525 = AXIS2_PLACEMENT_3D('',#1526,#1527,#1528);
#1526 = CARTESIAN_POINT('',(87.300001,-134.3,1.51));
#1527 = DIRECTION('',(-0.,-0.,-1.));
#1528 = DIRECTION('',(1.,0.,-0.));
#1529 = ADVANCED_FACE('',(#1530),#1557,.F.);
#1530 = FACE_BOUND('',#1531,.T.);
#1531 = EDGE_LOOP('',(#1532,#1542,#1549,#1550));
#1532 = ORIENTED_EDGE('',*,*,#1533,.T.);
#1533 = EDGE_CURVE('',#1534,#1536,#1538,.T.);
#1534 = VERTEX_POINT('',#1535);
#1535 = CARTESIAN_POINT('',(104.554836,-134.3,1.51));
#1536 = VERTEX_POINT('',#1537);
#1537 = CARTESIAN_POINT('',(104.554836,-134.3,1.545));
#1538 = LINE('',#1539,#1540);
#1539 = CARTESIAN_POINT('',(104.554836,-134.3,1.51));
#1540 = VECTOR('',#1541,1.);
#1541 = DIRECTION('',(0.,0.,1.));
#1542 = ORIENTED_EDGE('',*,*,#1543,.T.);
#1543 = EDGE_CURVE('',#1536,#1536,#1544,.T.);
#1544 = CIRCLE('',#1545,4.554835);
#1545 = AXIS2_PLACEMENT_3D('',#1546,#1547,#1548);
#1546 = CARTESIAN_POINT('',(100.000001,-134.3,1.545));
#1547 = DIRECTION('',(0.,0.,1.));
#1548 = DIRECTION('',(1.,0.,-0.));
#1549 = ORIENTED_EDGE('',*,*,#1533,.F.);
#1550 = ORIENTED_EDGE('',*,*,#1551,.F.);
#1551 = EDGE_CURVE('',#1534,#1534,#1552,.T.);
#1552 = CIRCLE('',#1553,4.554835);
#1553 = AXIS2_PLACEMENT_3D('',#1554,#1555,#1556);
#1554 = CARTESIAN_POINT('',(100.000001,-134.3,1.51));
#1555 = DIRECTION('',(0.,0.,1.));
#1556 = DIRECTION('',(1.,0.,-0.));
#1557 = CYLINDRICAL_SURFACE('',#1558,4.554835);
#1558 = AXIS2_PLACEMENT_3D('',#1559,#1560,#1561);
#1559 = CARTESIAN_POINT('',(100.000001,-134.3,1.51));
#1560 = DIRECTION('',(-0.,-0.,-1.));
#1561 = DIRECTION('',(1.,0.,-0.));
#1562 = ADVANCED_FACE('',(#1563),#1590,.F.);
#1563 = FACE_BOUND('',#1564,.T.);
#1564 = EDGE_LOOP('',(#1565,#1575,#1582,#1583));
#1565 = ORIENTED_EDGE('',*,*,#1566,.T.);
#1566 = EDGE_CURVE('',#1567,#1569,#1571,.T.);
#1567 = VERTEX_POINT('',#1568);
#1568 = CARTESIAN_POINT('',(117.254836,-134.3,1.51));
#1569 = VERTEX_POINT('',#1570);
#1570 = CARTESIAN_POINT('',(117.254836,-134.3,1.545));
#1571 = LINE('',#1572,#1573);
#1572 = CARTESIAN_POINT('',(117.254836,-134.3,1.51));
#1573 = VECTOR('',#1574,1.);
#1574 = DIRECTION('',(0.,0.,1.));
#1575 = ORIENTED_EDGE('',*,*,#1576,.T.);
#1576 = EDGE_CURVE('',#1569,#1569,#1577,.T.);
#1577 = CIRCLE('',#1578,4.554835);
#1578 = AXIS2_PLACEMENT_3D('',#1579,#1580,#1581);
#1579 = CARTESIAN_POINT('',(112.700001,-134.3,1.545));
#1580 = DIRECTION('',(0.,0.,1.));
#1581 = DIRECTION('',(1.,0.,-0.));
#1582 = ORIENTED_EDGE('',*,*,#1566,.F.);
#1583 = ORIENTED_EDGE('',*,*,#1584,.F.);
#1584 = EDGE_CURVE('',#1567,#1567,#1585,.T.);
#1585 = CIRCLE('',#1586,4.554835);
#1586 = AXIS2_PLACEMENT_3D('',#1587,#1588,#1589);
#1587 = CARTESIAN_POINT('',(112.700001,-134.3,1.51));
#1588 = DIRECTION('',(0.,0.,1.));
#1589 = DIRECTION('',(1.,0.,-0.));
#1590 = CYLINDRICAL_SURFACE('',#1591,4.554835);
#1591 = AXIS2_PLACEMENT_3D('',#1592,#1593,#1594);
#1592 = CARTESIAN_POINT('',(112.700001,-134.3,1.51));
#1593 = DIRECTION('',(-0.,-0.,-1.));
#1594 = DIRECTION('',(1.,0.,-0.));
#1595 = ADVANCED_FACE('',(#1596),#1623,.F.);
#1596 = FACE_BOUND('',#1597,.T.);
#1597 = EDGE_LOOP('',(#1598,#1608,#1615,#1616));
#1598 = ORIENTED_EDGE('',*,*,#1599,.T.);
#1599 = EDGE_CURVE('',#1600,#1602,#1604,.T.);
#1600 = VERTEX_POINT('',#1601);
#1601 = CARTESIAN_POINT('',(79.154836,-121.6,1.51));
#1602 = VERTEX_POINT('',#1603);
#1603 = CARTESIAN_POINT('',(79.154836,-121.6,1.545));
#1604 = LINE('',#1605,#1606);
#1605 = CARTESIAN_POINT('',(79.154836,-121.6,1.51));
#1606 = VECTOR('',#1607,1.);
#1607 = DIRECTION('',(0.,0.,1.));
#1608 = ORIENTED_EDGE('',*,*,#1609,.T.);
#1609 = EDGE_CURVE('',#1602,#1602,#1610,.T.);
#1610 = CIRCLE('',#1611,4.554835);
#1611 = AXIS2_PLACEMENT_3D('',#1612,#1613,#1614);
#1612 = CARTESIAN_POINT('',(74.600001,-121.6,1.545));
#1613 = DIRECTION('',(0.,0.,1.));
#1614 = DIRECTION('',(1.,0.,-0.));
#1615 = ORIENTED_EDGE('',*,*,#1599,.F.);
#1616 = ORIENTED_EDGE('',*,*,#1617,.F.);
#1617 = EDGE_CURVE('',#1600,#1600,#1618,.T.);
#1618 = CIRCLE('',#1619,4.554835);
#1619 = AXIS2_PLACEMENT_3D('',#1620,#1621,#1622);
#1620 = CARTESIAN_POINT('',(74.600001,-121.6,1.51));
#1621 = DIRECTION('',(0.,0.,1.));
#1622 = DIRECTION('',(1.,0.,-0.));
#1623 = CYLINDRICAL_SURFACE('',#1624,4.554835);
#1624 = AXIS2_PLACEMENT_3D('',#1625,#1626,#1627);
#1625 = CARTESIAN_POINT('',(74.600001,-121.6,1.51));
#1626 = DIRECTION('',(-0.,-0.,-1.));
#1627 = DIRECTION('',(1.,0.,-0.));
#1628 = ADVANCED_FACE('',(#1629),#1656,.F.);
#1629 = FACE_BOUND('',#1630,.T.);
#1630 = EDGE_LOOP('',(#1631,#1641,#1648,#1649));
#1631 = ORIENTED_EDGE('',*,*,#1632,.T.);
#1632 = EDGE_CURVE('',#1633,#1635,#1637,.T.);
#1633 = VERTEX_POINT('',#1634);
#1634 = CARTESIAN_POINT('',(91.854836,-121.6,1.51));
#1635 = VERTEX_POINT('',#1636);
#1636 = CARTESIAN_POINT('',(91.854836,-121.6,1.545));
#1637 = LINE('',#1638,#1639);
#1638 = CARTESIAN_POINT('',(91.854836,-121.6,1.51));
#1639 = VECTOR('',#1640,1.);
#1640 = DIRECTION('',(0.,0.,1.));
#1641 = ORIENTED_EDGE('',*,*,#1642,.T.);
#1642 = EDGE_CURVE('',#1635,#1635,#1643,.T.);
#1643 = CIRCLE('',#1644,4.554835);
#1644 = AXIS2_PLACEMENT_3D('',#1645,#1646,#1647);
#1645 = CARTESIAN_POINT('',(87.300001,-121.6,1.545));
#1646 = DIRECTION('',(0.,0.,1.));
#1647 = DIRECTION('',(1.,0.,-0.));
#1648 = ORIENTED_EDGE('',*,*,#1632,.F.);
#1649 = ORIENTED_EDGE('',*,*,#1650,.F.);
#1650 = EDGE_CURVE('',#1633,#1633,#1651,.T.);
#1651 = CIRCLE('',#1652,4.554835);
#1652 = AXIS2_PLACEMENT_3D('',#1653,#1654,#1655);
#1653 = CARTESIAN_POINT('',(87.300001,-121.6,1.51));
#1654 = DIRECTION('',(0.,0.,1.));
#1655 = DIRECTION('',(1.,0.,-0.));
#1656 = CYLINDRICAL_SURFACE('',#1657,4.554835);
#1657 = AXIS2_PLACEMENT_3D('',#1658,#1659,#1660);
#1658 = CARTESIAN_POINT('',(87.300001,-121.6,1.51));
#1659 = DIRECTION('',(-0.,-0.,-1.));
#1660 = DIRECTION('',(1.,0.,-0.));
#1661 = ADVANCED_FACE('',(#1662),#1689,.F.);
#1662 = FACE_BOUND('',#1663,.T.);
#1663 = EDGE_LOOP('',(#1664,#1674,#1681,#1682));
#1664 = ORIENTED_EDGE('',*,*,#1665,.T.);
#1665 = EDGE_CURVE('',#1666,#1668,#1670,.T.);
#1666 = VERTEX_POINT('',#1667);
#1667 = CARTESIAN_POINT('',(104.554836,-121.6,1.51));
#1668 = VERTEX_POINT('',#1669);
#1669 = CARTESIAN_POINT('',(104.554836,-121.6,1.545));
#1670 = LINE('',#1671,#1672);
#1671 = CARTESIAN_POINT('',(104.554836,-121.6,1.51));
#1672 = VECTOR('',#1673,1.);
#1673 = DIRECTION('',(0.,0.,1.));
#1674 = ORIENTED_EDGE('',*,*,#1675,.T.);
#1675 = EDGE_CURVE('',#1668,#1668,#1676,.T.);
#1676 = CIRCLE('',#1677,4.554835);
#1677 = AXIS2_PLACEMENT_3D('',#1678,#1679,#1680);
#1678 = CARTESIAN_POINT('',(100.000001,-121.6,1.545));
#1679 = DIRECTION('',(0.,0.,1.));
#1680 = DIRECTION('',(1.,0.,-0.));
#1681 = ORIENTED_EDGE('',*,*,#1665,.F.);
#1682 = ORIENTED_EDGE('',*,*,#1683,.F.);
#1683 = EDGE_CURVE('',#1666,#1666,#1684,.T.);
#1684 = CIRCLE('',#1685,4.554835);
#1685 = AXIS2_PLACEMENT_3D('',#1686,#1687,#1688);
#1686 = CARTESIAN_POINT('',(100.000001,-121.6,1.51));
#1687 = DIRECTION('',(0.,0.,1.));
#1688 = DIRECTION('',(1.,0.,-0.));
#1689 = CYLINDRICAL_SURFACE('',#1690,4.554835);
#1690 = AXIS2_PLACEMENT_3D('',#1691,#1692,#1693);
#1691 = CARTESIAN_POINT('',(100.000001,-121.6,1.51));
#1692 = DIRECTION('',(-0.,-0.,-1.));
#1693 = DIRECTION('',(1.,0.,-0.));
#1694 = ADVANCED_FACE('',(#1695),#1722,.F.);
#1695 = FACE_BOUND('',#1696,.T.);
#1696 = EDGE_LOOP('',(#1697,#1707,#1714,#1715));
#1697 = ORIENTED_EDGE('',*,*,#1698,.T.);
#1698 = EDGE_CURVE('',#1699,#1701,#1703,.T.);
#1699 = VERTEX_POINT('',#1700);
#1700 = CARTESIAN_POINT('',(117.254836,-121.6,1.51));
#1701 = VERTEX_POINT('',#1702);
#1702 = CARTESIAN_POINT('',(117.254836,-121.6,1.545));
#1703 = LINE('',#1704,#1705);
#1704 = CARTESIAN_POINT('',(117.254836,-121.6,1.51));
#1705 = VECTOR('',#1706,1.);
#1706 = DIRECTION('',(0.,0.,1.));
#1707 = ORIENTED_EDGE('',*,*,#1708,.T.);
#1708 = EDGE_CURVE('',#1701,#1701,#1709,.T.);
#1709 = CIRCLE('',#1710,4.554835);
#1710 = AXIS2_PLACEMENT_3D('',#1711,#1712,#1713);
#1711 = CARTESIAN_POINT('',(112.700001,-121.6,1.545));
#1712 = DIRECTION('',(0.,0.,1.));
#1713 = DIRECTION('',(1.,0.,-0.));
#1714 = ORIENTED_EDGE('',*,*,#1698,.F.);
#1715 = ORIENTED_EDGE('',*,*,#1716,.F.);
#1716 = EDGE_CURVE('',#1699,#1699,#1717,.T.);
#1717 = CIRCLE('',#1718,4.554835);
#1718 = AXIS2_PLACEMENT_3D('',#1719,#1720,#1721);
#1719 = CARTESIAN_POINT('',(112.700001,-121.6,1.51));
#1720 = DIRECTION('',(0.,0.,1.));
#1721 = DIRECTION('',(1.,0.,-0.));
#1722 = CYLINDRICAL_SURFACE('',#1723,4.554835);
#1723 = AXIS2_PLACEMENT_3D('',#1724,#1725,#1726);
#1724 = CARTESIAN_POINT('',(112.700001,-121.6,1.51));
#1725 = DIRECTION('',(-0.,-0.,-1.));
#1726 = DIRECTION('',(1.,0.,-0.));
#1727 = ADVANCED_FACE('',(#1728),#1755,.F.);
#1728 = FACE_BOUND('',#1729,.T.);
#1729 = EDGE_LOOP('',(#1730,#1740,#1747,#1748));
#1730 = ORIENTED_EDGE('',*,*,#1731,.T.);
#1731 = EDGE_CURVE('',#1732,#1734,#1736,.T.);
#1732 = VERTEX_POINT('',#1733);
#1733 = CARTESIAN_POINT('',(79.154836,-108.,1.51));
#1734 = VERTEX_POINT('',#1735);
#1735 = CARTESIAN_POINT('',(79.154836,-108.,1.545));
#1736 = LINE('',#1737,#1738);
#1737 = CARTESIAN_POINT('',(79.154836,-108.,1.51));
#1738 = VECTOR('',#1739,1.);
#1739 = DIRECTION('',(0.,0.,1.));
#1740 = ORIENTED_EDGE('',*,*,#1741,.T.);
#1741 = EDGE_CURVE('',#1734,#1734,#1742,.T.);
#1742 = CIRCLE('',#1743,4.554835);
#1743 = AXIS2_PLACEMENT_3D('',#1744,#1745,#1746);
#1744 = CARTESIAN_POINT('',(74.600001,-108.,1.545));
#1745 = DIRECTION('',(0.,0.,1.));
#1746 = DIRECTION('',(1.,0.,-0.));
#1747 = ORIENTED_EDGE('',*,*,#1731,.F.);
#1748 = ORIENTED_EDGE('',*,*,#1749,.F.);
#1749 = EDGE_CURVE('',#1732,#1732,#1750,.T.);
#1750 = CIRCLE('',#1751,4.554835);
#1751 = AXIS2_PLACEMENT_3D('',#1752,#1753,#1754);
#1752 = CARTESIAN_POINT('',(74.600001,-108.,1.51));
#1753 = DIRECTION('',(0.,0.,1.));
#1754 = DIRECTION('',(1.,0.,-0.));
#1755 = CYLINDRICAL_SURFACE('',#1756,4.554835);
#1756 = AXIS2_PLACEMENT_3D('',#1757,#1758,#1759);
#1757 = CARTESIAN_POINT('',(74.600001,-108.,1.51));
#1758 = DIRECTION('',(-0.,-0.,-1.));
#1759 = DIRECTION('',(1.,0.,-0.));
#1760 = ADVANCED_FACE('',(#1761),#1788,.F.);
#1761 = FACE_BOUND('',#1762,.T.);
#1762 = EDGE_LOOP('',(#1763,#1773,#1780,#1781));
#1763 = ORIENTED_EDGE('',*,*,#1764,.T.);
#1764 = EDGE_CURVE('',#1765,#1767,#1769,.T.);
#1765 = VERTEX_POINT('',#1766);
#1766 = CARTESIAN_POINT('',(91.854836,-108.,1.51));
#1767 = VERTEX_POINT('',#1768);
#1768 = CARTESIAN_POINT('',(91.854836,-108.,1.545));
#1769 = LINE('',#1770,#1771);
#1770 = CARTESIAN_POINT('',(91.854836,-108.,1.51));
#1771 = VECTOR('',#1772,1.);
#1772 = DIRECTION('',(0.,0.,1.));
#1773 = ORIENTED_EDGE('',*,*,#1774,.T.);
#1774 = EDGE_CURVE('',#1767,#1767,#1775,.T.);
#1775 = CIRCLE('',#1776,4.554835);
#1776 = AXIS2_PLACEMENT_3D('',#1777,#1778,#1779);
#1777 = CARTESIAN_POINT('',(87.300001,-108.,1.545));
#1778 = DIRECTION('',(0.,0.,1.));
#1779 = DIRECTION('',(1.,0.,-0.));
#1780 = ORIENTED_EDGE('',*,*,#1764,.F.);
#1781 = ORIENTED_EDGE('',*,*,#1782,.F.);
#1782 = EDGE_CURVE('',#1765,#1765,#1783,.T.);
#1783 = CIRCLE('',#1784,4.554835);
#1784 = AXIS2_PLACEMENT_3D('',#1785,#1786,#1787);
#1785 = CARTESIAN_POINT('',(87.300001,-108.,1.51));
#1786 = DIRECTION('',(0.,0.,1.));
#1787 = DIRECTION('',(1.,0.,-0.));
#1788 = CYLINDRICAL_SURFACE('',#1789,4.554835);
#1789 = AXIS2_PLACEMENT_3D('',#1790,#1791,#1792);
#1790 = CARTESIAN_POINT('',(87.300001,-108.,1.51));
#1791 = DIRECTION('',(-0.,-0.,-1.));
#1792 = DIRECTION('',(1.,0.,-0.));
#1793 = ADVANCED_FACE('',(#1794),#1830,.F.);
#1794 = FACE_BOUND('',#1795,.T.);
#1795 = EDGE_LOOP('',(#1796,#1806,#1815,#1823));
#1796 = ORIENTED_EDGE('',*,*,#1797,.T.);
#1797 = EDGE_CURVE('',#1798,#1800,#1802,.T.);
#1798 = VERTEX_POINT('',#1799);
#1799 = CARTESIAN_POINT('',(101.2005,-54.304108,1.51));
#1800 = VERTEX_POINT('',#1801);
#1801 = CARTESIAN_POINT('',(101.2005,-54.304108,1.545));
#1802 = LINE('',#1803,#1804);
#1803 = CARTESIAN_POINT('',(101.2005,-54.304108,1.51));
#1804 = VECTOR('',#1805,1.);
#1805 = DIRECTION('',(0.,0.,1.));
#1806 = ORIENTED_EDGE('',*,*,#1807,.T.);
#1807 = EDGE_CURVE('',#1800,#1808,#1810,.T.);
#1808 = VERTEX_POINT('',#1809);
#1809 = CARTESIAN_POINT('',(100.765892,-53.8695,1.545));
#1810 = CIRCLE('',#1811,0.504818233867);
#1811 = AXIS2_PLACEMENT_3D('',#1812,#1813,#1814);
#1812 = CARTESIAN_POINT('',(100.70000049119,-54.3699995088,1.545));
#1813 = DIRECTION('',(0.,0.,1.));
#1814 = DIRECTION('',(0.991444989951,0.130525215578,-0.));
#1815 = ORIENTED_EDGE('',*,*,#1816,.F.);
#1816 = EDGE_CURVE('',#1817,#1808,#1819,.T.);
#1817 = VERTEX_POINT('',#1818);
#1818 = CARTESIAN_POINT('',(100.765892,-53.8695,1.51));
#1819 = LINE('',#1820,#1821);
#1820 = CARTESIAN_POINT('',(100.765892,-53.8695,1.51));
#1821 = VECTOR('',#1822,1.);
#1822 = DIRECTION('',(0.,0.,1.));
#1823 = ORIENTED_EDGE('',*,*,#1824,.F.);
#1824 = EDGE_CURVE('',#1798,#1817,#1825,.T.);
#1825 = CIRCLE('',#1826,0.504818233867);
#1826 = AXIS2_PLACEMENT_3D('',#1827,#1828,#1829);
#1827 = CARTESIAN_POINT('',(100.70000049119,-54.3699995088,1.51));
#1828 = DIRECTION('',(0.,0.,1.));
#1829 = DIRECTION('',(0.991444989951,0.130525215578,-0.));
#1830 = CYLINDRICAL_SURFACE('',#1831,0.504818233867);
#1831 = AXIS2_PLACEMENT_3D('',#1832,#1833,#1834);
#1832 = CARTESIAN_POINT('',(100.70000049119,-54.3699995088,1.51));
#1833 = DIRECTION('',(-0.,-0.,-1.));
#1834 = DIRECTION('',(0.991444989951,0.130525215578,-0.));
#1835 = ADVANCED_FACE('',(#1836),#1861,.T.);
#1836 = FACE_BOUND('',#1837,.T.);
#1837 = EDGE_LOOP('',(#1838,#1839,#1847,#1855));
#1838 = ORIENTED_EDGE('',*,*,#1816,.T.);
#1839 = ORIENTED_EDGE('',*,*,#1840,.T.);
#1840 = EDGE_CURVE('',#1808,#1841,#1843,.T.);
#1841 = VERTEX_POINT('',#1842);
#1842 = CARTESIAN_POINT('',(71.234108,-53.8695,1.545));
#1843 = LINE('',#1844,#1845);
#1844 = CARTESIAN_POINT('',(100.765892,-53.8695,1.545));
#1845 = VECTOR('',#1846,1.);
#1846 = DIRECTION('',(-1.,0.,0.));
#1847 = ORIENTED_EDGE('',*,*,#1848,.F.);
#1848 = EDGE_CURVE('',#1849,#1841,#1851,.T.);
#1849 = VERTEX_POINT('',#1850);
#1850 = CARTESIAN_POINT('',(71.234108,-53.8695,1.51));
#1851 = LINE('',#1852,#1853);
#1852 = CARTESIAN_POINT('',(71.234108,-53.8695,1.51));
#1853 = VECTOR('',#1854,1.);
#1854 = DIRECTION('',(0.,0.,1.));
#1855 = ORIENTED_EDGE('',*,*,#1856,.F.);
#1856 = EDGE_CURVE('',#1817,#1849,#1857,.T.);
#1857 = LINE('',#1858,#1859);
#1858 = CARTESIAN_POINT('',(100.765892,-53.8695,1.51));
#1859 = VECTOR('',#1860,1.);
#1860 = DIRECTION('',(-1.,0.,0.));
#1861 = PLANE('',#1862);
#1862 = AXIS2_PLACEMENT_3D('',#1863,#1864,#1865);
#1863 = CARTESIAN_POINT('',(100.765892,-53.8695,1.51));
#1864 = DIRECTION('',(0.,-1.,0.));
#1865 = DIRECTION('',(-1.,0.,0.));
#1866 = ADVANCED_FACE('',(#1867),#1894,.F.);
#1867 = FACE_BOUND('',#1868,.T.);
#1868 = EDGE_LOOP('',(#1869,#1870,#1879,#1887));
#1869 = ORIENTED_EDGE('',*,*,#1848,.T.);
#1870 = ORIENTED_EDGE('',*,*,#1871,.T.);
#1871 = EDGE_CURVE('',#1841,#1872,#1874,.T.);
#1872 = VERTEX_POINT('',#1873);
#1873 = CARTESIAN_POINT('',(70.7995,-54.304108,1.545));
#1874 = CIRCLE('',#1875,0.504817274335);
#1875 = AXIS2_PLACEMENT_3D('',#1876,#1877,#1878);
#1876 = CARTESIAN_POINT('',(71.299998653582,-54.36999865358,1.545));
#1877 = DIRECTION('',(0.,0.,1.));
#1878 = DIRECTION('',(-0.130523769553,0.991445180321,0.));
#1879 = ORIENTED_EDGE('',*,*,#1880,.F.);
#1880 = EDGE_CURVE('',#1881,#1872,#1883,.T.);
#1881 = VERTEX_POINT('',#1882);
#1882 = CARTESIAN_POINT('',(70.7995,-54.304108,1.51));
#1883 = LINE('',#1884,#1885);
#1884 = CARTESIAN_POINT('',(70.7995,-54.304108,1.51));
#1885 = VECTOR('',#1886,1.);
#1886 = DIRECTION('',(0.,0.,1.));
#1887 = ORIENTED_EDGE('',*,*,#1888,.F.);
#1888 = EDGE_CURVE('',#1849,#1881,#1889,.T.);
#1889 = CIRCLE('',#1890,0.504817274335);
#1890 = AXIS2_PLACEMENT_3D('',#1891,#1892,#1893);
#1891 = CARTESIAN_POINT('',(71.299998653582,-54.36999865358,1.51));
#1892 = DIRECTION('',(0.,0.,1.));
#1893 = DIRECTION('',(-0.130523769553,0.991445180321,0.));
#1894 = CYLINDRICAL_SURFACE('',#1895,0.504817274335);
#1895 = AXIS2_PLACEMENT_3D('',#1896,#1897,#1898);
#1896 = CARTESIAN_POINT('',(71.299998653582,-54.36999865358,1.51));
#1897 = DIRECTION('',(-0.,-0.,-1.));
#1898 = DIRECTION('',(-0.130523769553,0.991445180321,0.));
#1899 = ADVANCED_FACE('',(#1900),#1925,.T.);
#1900 = FACE_BOUND('',#1901,.T.);
#1901 = EDGE_LOOP('',(#1902,#1903,#1911,#1919));
#1902 = ORIENTED_EDGE('',*,*,#1880,.T.);
#1903 = ORIENTED_EDGE('',*,*,#1904,.T.);
#1904 = EDGE_CURVE('',#1872,#1905,#1907,.T.);
#1905 = VERTEX_POINT('',#1906);
#1906 = CARTESIAN_POINT('',(70.7995,-69.135891,1.545));
#1907 = LINE('',#1908,#1909);
#1908 = CARTESIAN_POINT('',(70.7995,-54.304108,1.545));
#1909 = VECTOR('',#1910,1.);
#1910 = DIRECTION('',(0.,-1.,0.));
#1911 = ORIENTED_EDGE('',*,*,#1912,.F.);
#1912 = EDGE_CURVE('',#1913,#1905,#1915,.T.);
#1913 = VERTEX_POINT('',#1914);
#1914 = CARTESIAN_POINT('',(70.7995,-69.135891,1.51));
#1915 = LINE('',#1916,#1917);
#1916 = CARTESIAN_POINT('',(70.7995,-69.135891,1.51));
#1917 = VECTOR('',#1918,1.);
#1918 = DIRECTION('',(0.,0.,1.));
#1919 = ORIENTED_EDGE('',*,*,#1920,.F.);
#1920 = EDGE_CURVE('',#1881,#1913,#1921,.T.);
#1921 = LINE('',#1922,#1923);
#1922 = CARTESIAN_POINT('',(70.7995,-54.304108,1.51));
#1923 = VECTOR('',#1924,1.);
#1924 = DIRECTION('',(0.,-1.,0.));
#1925 = PLANE('',#1926);
#1926 = AXIS2_PLACEMENT_3D('',#1927,#1928,#1929);
#1927 = CARTESIAN_POINT('',(70.7995,-54.304108,1.51));
#1928 = DIRECTION('',(1.,0.,-0.));
#1929 = DIRECTION('',(0.,-1.,0.));
#1930 = ADVANCED_FACE('',(#1931),#1958,.F.);
#1931 = FACE_BOUND('',#1932,.T.);
#1932 = EDGE_LOOP('',(#1933,#1934,#1943,#1951));
#1933 = ORIENTED_EDGE('',*,*,#1912,.T.);
#1934 = ORIENTED_EDGE('',*,*,#1935,.T.);
#1935 = EDGE_CURVE('',#1905,#1936,#1938,.T.);
#1936 = VERTEX_POINT('',#1937);
#1937 = CARTESIAN_POINT('',(71.23411,-69.5705,1.545));
#1938 = CIRCLE('',#1939,0.504817310018);
#1939 = AXIS2_PLACEMENT_3D('',#1940,#1941,#1942);
#1940 = CARTESIAN_POINT('',(71.299998784083,-69.07000106431,1.545));
#1941 = DIRECTION('',(0.,0.,1.));
#1942 = DIRECTION('',(-0.991445368752,-0.130522338242,0.));
#1943 = ORIENTED_EDGE('',*,*,#1944,.F.);
#1944 = EDGE_CURVE('',#1945,#1936,#1947,.T.);
#1945 = VERTEX_POINT('',#1946);
#1946 = CARTESIAN_POINT('',(71.23411,-69.5705,1.51));
#1947 = LINE('',#1948,#1949);
#1948 = CARTESIAN_POINT('',(71.23411,-69.5705,1.51));
#1949 = VECTOR('',#1950,1.);
#1950 = DIRECTION('',(0.,0.,1.));
#1951 = ORIENTED_EDGE('',*,*,#1952,.F.);
#1952 = EDGE_CURVE('',#1913,#1945,#1953,.T.);
#1953 = CIRCLE('',#1954,0.504817310018);
#1954 = AXIS2_PLACEMENT_3D('',#1955,#1956,#1957);
#1955 = CARTESIAN_POINT('',(71.299998784083,-69.07000106431,1.51));
#1956 = DIRECTION('',(0.,0.,1.));
#1957 = DIRECTION('',(-0.991445368752,-0.130522338242,0.));
#1958 = CYLINDRICAL_SURFACE('',#1959,0.504817310018);
#1959 = AXIS2_PLACEMENT_3D('',#1960,#1961,#1962);
#1960 = CARTESIAN_POINT('',(71.299998784083,-69.07000106431,1.51));
#1961 = DIRECTION('',(-0.,-0.,-1.));
#1962 = DIRECTION('',(-0.991445368752,-0.130522338242,0.));
#1963 = ADVANCED_FACE('',(#1964),#1989,.T.);
#1964 = FACE_BOUND('',#1965,.T.);
#1965 = EDGE_LOOP('',(#1966,#1967,#1975,#1983));
#1966 = ORIENTED_EDGE('',*,*,#1944,.T.);
#1967 = ORIENTED_EDGE('',*,*,#1968,.T.);
#1968 = EDGE_CURVE('',#1936,#1969,#1971,.T.);
#1969 = VERTEX_POINT('',#1970);
#1970 = CARTESIAN_POINT('',(100.765892,-69.5705,1.545));
#1971 = LINE('',#1972,#1973);
#1972 = CARTESIAN_POINT('',(71.23411,-69.5705,1.545));
#1973 = VECTOR('',#1974,1.);
#1974 = DIRECTION('',(1.,0.,0.));
#1975 = ORIENTED_EDGE('',*,*,#1976,.F.);
#1976 = EDGE_CURVE('',#1977,#1969,#1979,.T.);
#1977 = VERTEX_POINT('',#1978);
#1978 = CARTESIAN_POINT('',(100.765892,-69.5705,1.51));
#1979 = LINE('',#1980,#1981);
#1980 = CARTESIAN_POINT('',(100.765892,-69.5705,1.51));
#1981 = VECTOR('',#1982,1.);
#1982 = DIRECTION('',(0.,0.,1.));
#1983 = ORIENTED_EDGE('',*,*,#1984,.F.);
#1984 = EDGE_CURVE('',#1945,#1977,#1985,.T.);
#1985 = LINE('',#1986,#1987);
#1986 = CARTESIAN_POINT('',(71.23411,-69.5705,1.51));
#1987 = VECTOR('',#1988,1.);
#1988 = DIRECTION('',(1.,0.,0.));
#1989 = PLANE('',#1990);
#1990 = AXIS2_PLACEMENT_3D('',#1991,#1992,#1993);
#1991 = CARTESIAN_POINT('',(71.23411,-69.5705,1.51));
#1992 = DIRECTION('',(0.,1.,0.));
#1993 = DIRECTION('',(1.,0.,0.));
#1994 = ADVANCED_FACE('',(#1995),#2022,.F.);
#1995 = FACE_BOUND('',#1996,.T.);
#1996 = EDGE_LOOP('',(#1997,#1998,#2007,#2015));
#1997 = ORIENTED_EDGE('',*,*,#1976,.T.);
#1998 = ORIENTED_EDGE('',*,*,#1999,.T.);
#1999 = EDGE_CURVE('',#1969,#2000,#2002,.T.);
#2000 = VERTEX_POINT('',#2001);
#2001 = CARTESIAN_POINT('',(101.2005,-69.135892,1.545));
#2002 = CIRCLE('',#2003,0.504818233867);
#2003 = AXIS2_PLACEMENT_3D('',#2004,#2005,#2006);
#2004 = CARTESIAN_POINT('',(100.70000049119,-69.07000049119,1.545));
#2005 = DIRECTION('',(0.,0.,1.));
#2006 = DIRECTION('',(0.130525215578,-0.991444989951,0.));
#2007 = ORIENTED_EDGE('',*,*,#2008,.F.);
#2008 = EDGE_CURVE('',#2009,#2000,#2011,.T.);
#2009 = VERTEX_POINT('',#2010);
#2010 = CARTESIAN_POINT('',(101.2005,-69.135892,1.51));
#2011 = LINE('',#2012,#2013);
#2012 = CARTESIAN_POINT('',(101.2005,-69.135892,1.51));
#2013 = VECTOR('',#2014,1.);
#2014 = DIRECTION('',(0.,0.,1.));
#2015 = ORIENTED_EDGE('',*,*,#2016,.F.);
#2016 = EDGE_CURVE('',#1977,#2009,#2017,.T.);
#2017 = CIRCLE('',#2018,0.504818233867);
#2018 = AXIS2_PLACEMENT_3D('',#2019,#2020,#2021);
#2019 = CARTESIAN_POINT('',(100.70000049119,-69.07000049119,1.51));
#2020 = DIRECTION('',(0.,0.,1.));
#2021 = DIRECTION('',(0.130525215578,-0.991444989951,0.));
#2022 = CYLINDRICAL_SURFACE('',#2023,0.504818233867);
#2023 = AXIS2_PLACEMENT_3D('',#2024,#2025,#2026);
#2024 = CARTESIAN_POINT('',(100.70000049119,-69.07000049119,1.51));
#2025 = DIRECTION('',(-0.,-0.,-1.));
#2026 = DIRECTION('',(0.130525215578,-0.991444989951,0.));
#2027 = ADVANCED_FACE('',(#2028),#2044,.T.);
#2028 = FACE_BOUND('',#2029,.T.);
#2029 = EDGE_LOOP('',(#2030,#2031,#2037,#2038));
#2030 = ORIENTED_EDGE('',*,*,#2008,.T.);
#2031 = ORIENTED_EDGE('',*,*,#2032,.T.);
#2032 = EDGE_CURVE('',#2000,#1800,#2033,.T.);
#2033 = LINE('',#2034,#2035);
#2034 = CARTESIAN_POINT('',(101.2005,-69.135892,1.545));
#2035 = VECTOR('',#2036,1.);
#2036 = DIRECTION('',(0.,1.,0.));
#2037 = ORIENTED_EDGE('',*,*,#1797,.F.);
#2038 = ORIENTED_EDGE('',*,*,#2039,.F.);
#2039 = EDGE_CURVE('',#2009,#1798,#2040,.T.);
#2040 = LINE('',#2041,#2042);
#2041 = CARTESIAN_POINT('',(101.2005,-69.135892,1.51));
#2042 = VECTOR('',#2043,1.);
#2043 = DIRECTION('',(0.,1.,0.));
#2044 = PLANE('',#2045);
#2045 = AXIS2_PLACEMENT_3D('',#2046,#2047,#2048);
#2046 = CARTESIAN_POINT('',(101.2005,-69.135892,1.51));
#2047 = DIRECTION('',(-1.,0.,0.));
#2048 = DIRECTION('',(0.,1.,0.));
#2049 = ADVANCED_FACE('',(#2050,#2092,#2095,#2098,#2101,#2104,#2107,
    #2110,#2113,#2116,#2119,#2122,#2125,#2128,#2131,#2134),#2144,.F.);
#2050 = FACE_BOUND('',#2051,.T.);
#2051 = EDGE_LOOP('',(#2052,#2053,#2054,#2055,#2056,#2057,#2058,#2059,
    #2060,#2061,#2062,#2063,#2064,#2065,#2066,#2067,#2068,#2069,#2070,
    #2071,#2072,#2073,#2074,#2075,#2076,#2077,#2078,#2079,#2080,#2081,
    #2082,#2083,#2084,#2085,#2086,#2087,#2088,#2089,#2090,#2091));
#2052 = ORIENTED_EDGE('',*,*,#82,.T.);
#2053 = ORIENTED_EDGE('',*,*,#114,.T.);
#2054 = ORIENTED_EDGE('',*,*,#146,.T.);
#2055 = ORIENTED_EDGE('',*,*,#178,.T.);
#2056 = ORIENTED_EDGE('',*,*,#210,.T.);
#2057 = ORIENTED_EDGE('',*,*,#242,.T.);
#2058 = ORIENTED_EDGE('',*,*,#274,.T.);
#2059 = ORIENTED_EDGE('',*,*,#306,.T.);
#2060 = ORIENTED_EDGE('',*,*,#338,.T.);
#2061 = ORIENTED_EDGE('',*,*,#370,.T.);
#2062 = ORIENTED_EDGE('',*,*,#402,.T.);
#2063 = ORIENTED_EDGE('',*,*,#434,.T.);
#2064 = ORIENTED_EDGE('',*,*,#466,.T.);
#2065 = ORIENTED_EDGE('',*,*,#498,.T.);
#2066 = ORIENTED_EDGE('',*,*,#530,.T.);
#2067 = ORIENTED_EDGE('',*,*,#562,.T.);
#2068 = ORIENTED_EDGE('',*,*,#594,.T.);
#2069 = ORIENTED_EDGE('',*,*,#626,.T.);
#2070 = ORIENTED_EDGE('',*,*,#658,.T.);
#2071 = ORIENTED_EDGE('',*,*,#690,.T.);
#2072 = ORIENTED_EDGE('',*,*,#722,.T.);
#2073 = ORIENTED_EDGE('',*,*,#754,.T.);
#2074 = ORIENTED_EDGE('',*,*,#786,.T.);
#2075 = ORIENTED_EDGE('',*,*,#818,.T.);
#2076 = ORIENTED_EDGE('',*,*,#850,.T.);
#2077 = ORIENTED_EDGE('',*,*,#882,.T.);
#2078 = ORIENTED_EDGE('',*,*,#914,.T.);
#2079 = ORIENTED_EDGE('',*,*,#946,.T.);
#2080 = ORIENTED_EDGE('',*,*,#978,.T.);
#2081 = ORIENTED_EDGE('',*,*,#1010,.T.);
#2082 = ORIENTED_EDGE('',*,*,#1042,.T.);
#2083 = ORIENTED_EDGE('',*,*,#1074,.T.);
#2084 = ORIENTED_EDGE('',*,*,#1106,.T.);
#2085 = ORIENTED_EDGE('',*,*,#1138,.T.);
#2086 = ORIENTED_EDGE('',*,*,#1170,.T.);
#2087 = ORIENTED_EDGE('',*,*,#1202,.T.);
#2088 = ORIENTED_EDGE('',*,*,#1234,.T.);
#2089 = ORIENTED_EDGE('',*,*,#1266,.T.);
#2090 = ORIENTED_EDGE('',*,*,#1298,.T.);
#2091 = ORIENTED_EDGE('',*,*,#1321,.T.);
#2092 = FACE_BOUND('',#2093,.T.);
#2093 = EDGE_LOOP('',(#2094));
#2094 = ORIENTED_EDGE('',*,*,#1353,.T.);
#2095 = FACE_BOUND('',#2096,.T.);
#2096 = EDGE_LOOP('',(#2097));
#2097 = ORIENTED_EDGE('',*,*,#1386,.T.);
#2098 = FACE_BOUND('',#2099,.T.);
#2099 = EDGE_LOOP('',(#2100));
#2100 = ORIENTED_EDGE('',*,*,#1419,.T.);
#2101 = FACE_BOUND('',#2102,.T.);
#2102 = EDGE_LOOP('',(#2103));
#2103 = ORIENTED_EDGE('',*,*,#1452,.T.);
#2104 = FACE_BOUND('',#2105,.T.);
#2105 = EDGE_LOOP('',(#2106));
#2106 = ORIENTED_EDGE('',*,*,#1485,.T.);
#2107 = FACE_BOUND('',#2108,.T.);
#2108 = EDGE_LOOP('',(#2109));
#2109 = ORIENTED_EDGE('',*,*,#1518,.T.);
#2110 = FACE_BOUND('',#2111,.T.);
#2111 = EDGE_LOOP('',(#2112));
#2112 = ORIENTED_EDGE('',*,*,#1551,.T.);
#2113 = FACE_BOUND('',#2114,.T.);
#2114 = EDGE_LOOP('',(#2115));
#2115 = ORIENTED_EDGE('',*,*,#1584,.T.);
#2116 = FACE_BOUND('',#2117,.T.);
#2117 = EDGE_LOOP('',(#2118));
#2118 = ORIENTED_EDGE('',*,*,#1617,.T.);
#2119 = FACE_BOUND('',#2120,.T.);
#2120 = EDGE_LOOP('',(#2121));
#2121 = ORIENTED_EDGE('',*,*,#1650,.T.);
#2122 = FACE_BOUND('',#2123,.T.);
#2123 = EDGE_LOOP('',(#2124));
#2124 = ORIENTED_EDGE('',*,*,#1683,.T.);
#2125 = FACE_BOUND('',#2126,.T.);
#2126 = EDGE_LOOP('',(#2127));
#2127 = ORIENTED_EDGE('',*,*,#1716,.T.);
#2128 = FACE_BOUND('',#2129,.T.);
#2129 = EDGE_LOOP('',(#2130));
#2130 = ORIENTED_EDGE('',*,*,#1749,.T.);
#2131 = FACE_BOUND('',#2132,.T.);
#2132 = EDGE_LOOP('',(#2133));
#2133 = ORIENTED_EDGE('',*,*,#1782,.T.);
#2134 = FACE_BOUND('',#2135,.T.);
#2135 = EDGE_LOOP('',(#2136,#2137,#2138,#2139,#2140,#2141,#2142,#2143));
#2136 = ORIENTED_EDGE('',*,*,#1824,.T.);
#2137 = ORIENTED_EDGE('',*,*,#1856,.T.);
#2138 = ORIENTED_EDGE('',*,*,#1888,.T.);
#2139 = ORIENTED_EDGE('',*,*,#1920,.T.);
#2140 = ORIENTED_EDGE('',*,*,#1952,.T.);
#2141 = ORIENTED_EDGE('',*,*,#1984,.T.);
#2142 = ORIENTED_EDGE('',*,*,#2016,.T.);
#2143 = ORIENTED_EDGE('',*,*,#2039,.T.);
#2144 = PLANE('',#2145);
#2145 = AXIS2_PLACEMENT_3D('',#2146,#2147,#2148);
#2146 = CARTESIAN_POINT('',(0.,0.,1.51));
#2147 = DIRECTION('',(0.,0.,1.));
#2148 = DIRECTION('',(1.,0.,-0.));
#2149 = ADVANCED_FACE('',(#2150,#2192,#2195,#2198,#2201,#2204,#2207,
    #2210,#2213,#2216,#2219,#2222,#2225,#2228,#2231,#2234),#2244,.T.);
#2150 = FACE_BOUND('',#2151,.F.);
#2151 = EDGE_LOOP('',(#2152,#2153,#2154,#2155,#2156,#2157,#2158,#2159,
    #2160,#2161,#2162,#2163,#2164,#2165,#2166,#2167,#2168,#2169,#2170,
    #2171,#2172,#2173,#2174,#2175,#2176,#2177,#2178,#2179,#2180,#2181,
    #2182,#2183,#2184,#2185,#2186,#2187,#2188,#2189,#2190,#2191));
#2152 = ORIENTED_EDGE('',*,*,#65,.T.);
#2153 = ORIENTED_EDGE('',*,*,#98,.T.);
#2154 = ORIENTED_EDGE('',*,*,#129,.T.);
#2155 = ORIENTED_EDGE('',*,*,#162,.T.);
#2156 = ORIENTED_EDGE('',*,*,#193,.T.);
#2157 = ORIENTED_EDGE('',*,*,#226,.T.);
#2158 = ORIENTED_EDGE('',*,*,#257,.T.);
#2159 = ORIENTED_EDGE('',*,*,#290,.T.);
#2160 = ORIENTED_EDGE('',*,*,#321,.T.);
#2161 = ORIENTED_EDGE('',*,*,#354,.T.);
#2162 = ORIENTED_EDGE('',*,*,#385,.T.);
#2163 = ORIENTED_EDGE('',*,*,#418,.T.);
#2164 = ORIENTED_EDGE('',*,*,#449,.T.);
#2165 = ORIENTED_EDGE('',*,*,#482,.T.);
#2166 = ORIENTED_EDGE('',*,*,#513,.T.);
#2167 = ORIENTED_EDGE('',*,*,#546,.T.);
#2168 = ORIENTED_EDGE('',*,*,#577,.T.);
#2169 = ORIENTED_EDGE('',*,*,#610,.T.);
#2170 = ORIENTED_EDGE('',*,*,#641,.T.);
#2171 = ORIENTED_EDGE('',*,*,#674,.T.);
#2172 = ORIENTED_EDGE('',*,*,#705,.T.);
#2173 = ORIENTED_EDGE('',*,*,#738,.T.);
#2174 = ORIENTED_EDGE('',*,*,#769,.T.);
#2175 = ORIENTED_EDGE('',*,*,#802,.T.);
#2176 = ORIENTED_EDGE('',*,*,#833,.T.);
#2177 = ORIENTED_EDGE('',*,*,#866,.T.);
#2178 = ORIENTED_EDGE('',*,*,#897,.T.);
#2179 = ORIENTED_EDGE('',*,*,#930,.T.);
#2180 = ORIENTED_EDGE('',*,*,#961,.T.);
#2181 = ORIENTED_EDGE('',*,*,#994,.T.);
#2182 = ORIENTED_EDGE('',*,*,#1025,.T.);
#2183 = ORIENTED_EDGE('',*,*,#1058,.T.);
#2184 = ORIENTED_EDGE('',*,*,#1089,.T.);
#2185 = ORIENTED_EDGE('',*,*,#1122,.T.);
#2186 = ORIENTED_EDGE('',*,*,#1153,.T.);
#2187 = ORIENTED_EDGE('',*,*,#1186,.T.);
#2188 = ORIENTED_EDGE('',*,*,#1217,.T.);
#2189 = ORIENTED_EDGE('',*,*,#1250,.T.);
#2190 = ORIENTED_EDGE('',*,*,#1281,.T.);
#2191 = ORIENTED_EDGE('',*,*,#1314,.T.);
#2192 = FACE_BOUND('',#2193,.F.);
#2193 = EDGE_LOOP('',(#2194));
#2194 = ORIENTED_EDGE('',*,*,#1345,.T.);
#2195 = FACE_BOUND('',#2196,.F.);
#2196 = EDGE_LOOP('',(#2197));
#2197 = ORIENTED_EDGE('',*,*,#1378,.T.);
#2198 = FACE_BOUND('',#2199,.F.);
#2199 = EDGE_LOOP('',(#2200));
#2200 = ORIENTED_EDGE('',*,*,#1411,.T.);
#2201 = FACE_BOUND('',#2202,.F.);
#2202 = EDGE_LOOP('',(#2203));
#2203 = ORIENTED_EDGE('',*,*,#1444,.T.);
#2204 = FACE_BOUND('',#2205,.F.);
#2205 = EDGE_LOOP('',(#2206));
#2206 = ORIENTED_EDGE('',*,*,#1477,.T.);
#2207 = FACE_BOUND('',#2208,.F.);
#2208 = EDGE_LOOP('',(#2209));
#2209 = ORIENTED_EDGE('',*,*,#1510,.T.);
#2210 = FACE_BOUND('',#2211,.F.);
#2211 = EDGE_LOOP('',(#2212));
#2212 = ORIENTED_EDGE('',*,*,#1543,.T.);
#2213 = FACE_BOUND('',#2214,.F.);
#2214 = EDGE_LOOP('',(#2215));
#2215 = ORIENTED_EDGE('',*,*,#1576,.T.);
#2216 = FACE_BOUND('',#2217,.F.);
#2217 = EDGE_LOOP('',(#2218));
#2218 = ORIENTED_EDGE('',*,*,#1609,.T.);
#2219 = FACE_BOUND('',#2220,.F.);
#2220 = EDGE_LOOP('',(#2221));
#2221 = ORIENTED_EDGE('',*,*,#1642,.T.);
#2222 = FACE_BOUND('',#2223,.F.);
#2223 = EDGE_LOOP('',(#2224));
#2224 = ORIENTED_EDGE('',*,*,#1675,.T.);
#2225 = FACE_BOUND('',#2226,.F.);
#2226 = EDGE_LOOP('',(#2227));
#2227 = ORIENTED_EDGE('',*,*,#1708,.T.);
#2228 = FACE_BOUND('',#2229,.F.);
#2229 = EDGE_LOOP('',(#2230));
#2230 = ORIENTED_EDGE('',*,*,#1741,.T.);
#2231 = FACE_BOUND('',#2232,.F.);
#2232 = EDGE_LOOP('',(#2233));
#2233 = ORIENTED_EDGE('',*,*,#1774,.T.);
#2234 = FACE_BOUND('',#2235,.F.);
#2235 = EDGE_LOOP('',(#2236,#2237,#2238,#2239,#2240,#2241,#2242,#2243));
#2236 = ORIENTED_EDGE('',*,*,#1807,.T.);
#2237 = ORIENTED_EDGE('',*,*,#1840,.T.);
#2238 = ORIENTED_EDGE('',*,*,#1871,.T.);
#2239 = ORIENTED_EDGE('',*,*,#1904,.T.);
#2240 = ORIENTED_EDGE('',*,*,#1935,.T.);
#2241 = ORIENTED_EDGE('',*,*,#1968,.T.);
#2242 = ORIENTED_EDGE('',*,*,#1999,.T.);
#2243 = ORIENTED_EDGE('',*,*,#2032,.T.);
#2244 = PLANE('',#2245);
#2245 = AXIS2_PLACEMENT_3D('',#2246,#2247,#2248);
#2246 = CARTESIAN_POINT('',(0.,0.,1.545));
#2247 = DIRECTION('',(0.,0.,1.));
#2248 = DIRECTION('',(1.,0.,-0.));
#2249 = ( GEOMETRIC_REPRESENTATION_CONTEXT(3) 
GLOBAL_UNCERTAINTY_ASSIGNED_CONTEXT((#2253)) 
GLOBAL_UNIT_ASSIGNED_CONTEXT((#2250,#2251,#2252)) REPRESENTATION_CONTEXT
('Context #1','3D Context with UNIT and UNCERTAINTY') );
#2250 = ( LENGTH_UNIT() NAMED_UNIT(*) SI_UNIT(.MILLI.,.METRE.) );
#2251 = ( NAMED_UNIT(*) PLANE_ANGLE_UNIT() SI_UNIT($,.RADIAN.) );
#2252 = ( NAMED_UNIT(*) SI_UNIT($,.STERADIAN.) SOLID_ANGLE_UNIT() );
#2253 = UNCERTAINTY_MEASURE_WITH_UNIT(LENGTH_MEASURE(1.E-07),#2250,
  'distance_accuracy_value','confusion accuracy');
#2254 = CONTEXT_DEPENDENT_SHAPE_REPRESENTATION(#2255,#2257);
#2255 = ( REPRESENTATION_RELATIONSHIP('','',#48,#10) 
REPRESENTATION_RELATIONSHIP_WITH_TRANSFORMATION(#2256) 
SHAPE_REPRESENTATION_RELATIONSHIP() );
#2256 = ITEM_DEFINED_TRANSFORMATION('','',#11,#15);
#2257 = PRODUCT_DEFINITION_SHAPE('Placement','Placement of an item',
  #2258);
#2258 = NEXT_ASSEMBLY_USAGE_OCCURRENCE('1','=>[0:1:1:2]','',#5,#43,$);
#2259 = PRODUCT_RELATED_PRODUCT_CATEGORY('part',$,(#45));
#2260 = SHAPE_DEFINITION_REPRESENTATION(#2261,#2267);
#2261 = PRODUCT_DEFINITION_SHAPE('','',#2262);
#2262 = PRODUCT_DEFINITION('design','',#2263,#2266);
#2263 = PRODUCT_DEFINITION_FORMATION('','',#2264);
#2264 = PRODUCT('Light_Commander_panel_silkscreen',
  'Light_Commander_panel_silkscreen','',(#2265));
#2265 = PRODUCT_CONTEXT('',#2,'mechanical');
#2266 = PRODUCT_DEFINITION_CONTEXT('part definition',#2,'design');
#2267 = SHAPE_REPRESENTATION('',(#11,#2268,#2894,#3555,#4216,#4677,#5040
    ,#5549,#5889,#6350,#6846,#7285,#7455,#8005,#8546,#8678),#8816);
#2268 = SHELL_BASED_SURFACE_MODEL('',(#2269));
#2269 = OPEN_SHELL('',(#2270));
#2270 = ADVANCED_FACE('',(#2271,#2709),#2889,.T.);
#2271 = FACE_BOUND('',#2272,.F.);
#2272 = EDGE_LOOP('',(#2273,#2284,#2292,#2300,#2308,#2316,#2324,#2332,
    #2340,#2348,#2356,#2364,#2372,#2380,#2388,#2396,#2404,#2412,#2420,
    #2428,#2436,#2444,#2452,#2460,#2468,#2476,#2484,#2492,#2500,#2508,
    #2516,#2524,#2532,#2540,#2548,#2556,#2564,#2572,#2580,#2588,#2596,
    #2604,#2612,#2621,#2629,#2638,#2646,#2654,#2662,#2670,#2678,#2686,
    #2695,#2703));
#2273 = ORIENTED_EDGE('',*,*,#2274,.T.);
#2274 = EDGE_CURVE('',#2275,#2277,#2279,.T.);
#2275 = VERTEX_POINT('',#2276);
#2276 = CARTESIAN_POINT('',(78.887757,-43.500765,1.585));
#2277 = VERTEX_POINT('',#2278);
#2278 = CARTESIAN_POINT('',(79.900302,-43.424734,1.585));
#2279 = CIRCLE('',#2280,2.422633749664);
#2280 = AXIS2_PLACEMENT_3D('',#2281,#2282,#2283);
#2281 = CARTESIAN_POINT('',(79.571403909132,-45.8249382269,1.585));
#2282 = DIRECTION('',(0.,0.,-1.));
#2283 = DIRECTION('',(-0.282191606233,0.959358065256,0.));
#2284 = ORIENTED_EDGE('',*,*,#2285,.T.);
#2285 = EDGE_CURVE('',#2277,#2286,#2288,.T.);
#2286 = VERTEX_POINT('',#2287);
#2287 = CARTESIAN_POINT('',(80.129972,-43.484569,1.585));
#2288 = LINE('',#2289,#2290);
#2289 = CARTESIAN_POINT('',(79.900302,-43.424734,1.585));
#2290 = VECTOR('',#2291,1.);
#2291 = DIRECTION('',(0.967698433382,-0.252110575005,0.));
#2292 = ORIENTED_EDGE('',*,*,#2293,.T.);
#2293 = EDGE_CURVE('',#2286,#2294,#2296,.T.);
#2294 = VERTEX_POINT('',#2295);
#2295 = CARTESIAN_POINT('',(80.322563,-43.589493,1.585));
#2296 = LINE('',#2297,#2298);
#2297 = CARTESIAN_POINT('',(80.129972,-43.484569,1.585));
#2298 = VECTOR('',#2299,1.);
#2299 = DIRECTION('',(0.878136278029,-0.478410573889,0.));
#2300 = ORIENTED_EDGE('',*,*,#2301,.T.);
#2301 = EDGE_CURVE('',#2294,#2302,#2304,.T.);
#2302 = VERTEX_POINT('',#2303);
#2303 = CARTESIAN_POINT('',(80.457868,-43.730949,1.585));
#2304 = LINE('',#2305,#2306);
#2305 = CARTESIAN_POINT('',(80.322563,-43.589493,1.585));
#2306 = VECTOR('',#2307,1.);
#2307 = DIRECTION('',(0.691220674132,-0.722643743246,0.));
#2308 = ORIENTED_EDGE('',*,*,#2309,.T.);
#2309 = EDGE_CURVE('',#2302,#2310,#2312,.T.);
#2310 = VERTEX_POINT('',#2311);
#2311 = CARTESIAN_POINT('',(80.621101,-43.761487,1.585));
#2312 = LINE('',#2313,#2314);
#2313 = CARTESIAN_POINT('',(80.457868,-43.730949,1.585));
#2314 = VECTOR('',#2315,1.);
#2315 = DIRECTION('',(0.982946481047,-0.183891857886,0.));
#2316 = ORIENTED_EDGE('',*,*,#2317,.T.);
#2317 = EDGE_CURVE('',#2310,#2318,#2320,.T.);
#2318 = VERTEX_POINT('',#2319);
#2319 = CARTESIAN_POINT('',(80.7295,-43.835031,1.585));
#2320 = LINE('',#2321,#2322);
#2321 = CARTESIAN_POINT('',(80.621101,-43.761487,1.585));
#2322 = VECTOR('',#2323,1.);
#2323 = DIRECTION('',(0.827519982462,-0.561436264082,0.));
#2324 = ORIENTED_EDGE('',*,*,#2325,.T.);
#2325 = EDGE_CURVE('',#2318,#2326,#2328,.T.);
#2326 = VERTEX_POINT('',#2327);
#2327 = CARTESIAN_POINT('',(80.797492,-43.954241,1.585));
#2328 = LINE('',#2329,#2330);
#2329 = CARTESIAN_POINT('',(80.7295,-43.835031,1.585));
#2330 = VECTOR('',#2331,1.);
#2331 = DIRECTION('',(0.495435667504,-0.868644633533,0.));
#2332 = ORIENTED_EDGE('',*,*,#2333,.T.);
#2333 = EDGE_CURVE('',#2326,#2334,#2336,.T.);
#2334 = VERTEX_POINT('',#2335);
#2335 = CARTESIAN_POINT('',(80.823316,-44.137918,1.585));
#2336 = LINE('',#2337,#2338);
#2337 = CARTESIAN_POINT('',(80.797492,-43.954241,1.585));
#2338 = VECTOR('',#2339,1.);
#2339 = DIRECTION('',(0.139225341085,-0.990260725466,0.));
#2340 = ORIENTED_EDGE('',*,*,#2341,.T.);
#2341 = EDGE_CURVE('',#2334,#2342,#2344,.T.);
#2342 = VERTEX_POINT('',#2343);
#2343 = CARTESIAN_POINT('',(80.80772,-44.400014,1.585));
#2344 = LINE('',#2345,#2346);
#2345 = CARTESIAN_POINT('',(80.823316,-44.137918,1.585));
#2346 = VECTOR('',#2347,1.);
#2347 = DIRECTION('',(-5.939984463722E-02,-0.998234270328,0.));
#2348 = ORIENTED_EDGE('',*,*,#2349,.T.);
#2349 = EDGE_CURVE('',#2342,#2350,#2352,.T.);
#2350 = VERTEX_POINT('',#2351);
#2351 = CARTESIAN_POINT('',(80.659368,-45.430879,1.585));
#2352 = LINE('',#2353,#2354);
#2353 = CARTESIAN_POINT('',(80.80772,-44.400014,1.585));
#2354 = VECTOR('',#2355,1.);
#2355 = DIRECTION('',(-0.142442764716,-0.989803040397,0.));
#2356 = ORIENTED_EDGE('',*,*,#2357,.T.);
#2357 = EDGE_CURVE('',#2350,#2358,#2360,.T.);
#2358 = VERTEX_POINT('',#2359);
#2359 = CARTESIAN_POINT('',(80.531712,-47.232458,1.585));
#2360 = LINE('',#2361,#2362);
#2361 = CARTESIAN_POINT('',(80.659368,-45.430879,1.585));
#2362 = VECTOR('',#2363,1.);
#2363 = DIRECTION('',(-7.068062625322E-02,-0.997498997028,0.));
#2364 = ORIENTED_EDGE('',*,*,#2365,.T.);
#2365 = EDGE_CURVE('',#2358,#2366,#2368,.T.);
#2366 = VERTEX_POINT('',#2367);
#2367 = CARTESIAN_POINT('',(80.440771,-47.698674,1.585));
#2368 = LINE('',#2369,#2370);
#2369 = CARTESIAN_POINT('',(80.531712,-47.232458,1.585));
#2370 = VECTOR('',#2371,1.);
#2371 = DIRECTION('',(-0.191453623492,-0.981501660748,0.));
#2372 = ORIENTED_EDGE('',*,*,#2373,.T.);
#2373 = EDGE_CURVE('',#2366,#2374,#2376,.T.);
#2374 = VERTEX_POINT('',#2375);
#2375 = CARTESIAN_POINT('',(80.309996,-48.052304,1.585));
#2376 = LINE('',#2377,#2378);
#2377 = CARTESIAN_POINT('',(80.440771,-47.698674,1.585));
#2378 = VECTOR('',#2379,1.);
#2379 = DIRECTION('',(-0.346850006839,-0.937920611116,0.));
#2380 = ORIENTED_EDGE('',*,*,#2381,.T.);
#2381 = EDGE_CURVE('',#2374,#2382,#2384,.T.);
#2382 = VERTEX_POINT('',#2383);
#2383 = CARTESIAN_POINT('',(80.14528,-48.319456,1.585));
#2384 = LINE('',#2385,#2386);
#2385 = CARTESIAN_POINT('',(80.309996,-48.052304,1.585));
#2386 = VECTOR('',#2387,1.);
#2387 = DIRECTION('',(-0.524824681752,-0.851210346168,0.));
#2388 = ORIENTED_EDGE('',*,*,#2389,.T.);
#2389 = EDGE_CURVE('',#2382,#2390,#2392,.T.);
#2390 = VERTEX_POINT('',#2391);
#2391 = CARTESIAN_POINT('',(79.948927,-48.516277,1.585));
#2392 = LINE('',#2393,#2394);
#2393 = CARTESIAN_POINT('',(80.14528,-48.319456,1.585));
#2394 = VECTOR('',#2395,1.);
#2395 = DIRECTION('',(-0.706264602681,-0.707947957833,0.));
#2396 = ORIENTED_EDGE('',*,*,#2397,.T.);
#2397 = EDGE_CURVE('',#2390,#2398,#2400,.T.);
#2398 = VERTEX_POINT('',#2399);
#2399 = CARTESIAN_POINT('',(79.73908,-48.64679,1.585));
#2400 = LINE('',#2401,#2402);
#2401 = CARTESIAN_POINT('',(79.948927,-48.516277,1.585));
#2402 = VECTOR('',#2403,1.);
#2403 = DIRECTION('',(-0.849162711053,-0.528131319045,0.));
#2404 = ORIENTED_EDGE('',*,*,#2405,.T.);
#2405 = EDGE_CURVE('',#2398,#2406,#2408,.T.);
#2406 = VERTEX_POINT('',#2407);
#2407 = CARTESIAN_POINT('',(79.478911,-48.74622,1.585));
#2408 = LINE('',#2409,#2410);
#2409 = CARTESIAN_POINT('',(79.73908,-48.64679,1.585));
#2410 = VECTOR('',#2411,1.);
#2411 = DIRECTION('',(-0.934107375644,-0.356992171858,0.));
#2412 = ORIENTED_EDGE('',*,*,#2413,.T.);
#2413 = EDGE_CURVE('',#2406,#2414,#2416,.T.);
#2414 = VERTEX_POINT('',#2415);
#2415 = CARTESIAN_POINT('',(79.157959,-48.81094,1.585));
#2416 = LINE('',#2417,#2418);
#2417 = CARTESIAN_POINT('',(79.478911,-48.74622,1.585));
#2418 = VECTOR('',#2419,1.);
#2419 = DIRECTION('',(-0.98026837838,-0.197671207685,0.));
#2420 = ORIENTED_EDGE('',*,*,#2421,.T.);
#2421 = EDGE_CURVE('',#2414,#2422,#2424,.T.);
#2422 = VERTEX_POINT('',#2423);
#2423 = CARTESIAN_POINT('',(78.763738,-48.834403,1.585));
#2424 = LINE('',#2425,#2426);
#2425 = CARTESIAN_POINT('',(79.157959,-48.81094,1.585));
#2426 = VECTOR('',#2427,1.);
#2427 = DIRECTION('',(-0.998233532559,-5.941224179945E-02,0.));
#2428 = ORIENTED_EDGE('',*,*,#2429,.T.);
#2429 = EDGE_CURVE('',#2422,#2430,#2432,.T.);
#2430 = VERTEX_POINT('',#2431);
#2431 = CARTESIAN_POINT('',(78.327723,-48.817526,1.585));
#2432 = LINE('',#2433,#2434);
#2433 = CARTESIAN_POINT('',(78.763738,-48.834403,1.585));
#2434 = VECTOR('',#2435,1.);
#2435 = DIRECTION('',(-0.999251709961,3.867841957045E-02,0.));
#2436 = ORIENTED_EDGE('',*,*,#2437,.T.);
#2437 = EDGE_CURVE('',#2430,#2438,#2440,.T.);
#2438 = VERTEX_POINT('',#2439);
#2439 = CARTESIAN_POINT('',(78.002311,-48.773037,1.585));
#2440 = LINE('',#2441,#2442);
#2441 = CARTESIAN_POINT('',(78.327723,-48.817526,1.585));
#2442 = VECTOR('',#2443,1.);
#2443 = DIRECTION('',(-0.990783382151,0.135455858691,0.));
#2444 = ORIENTED_EDGE('',*,*,#2445,.T.);
#2445 = EDGE_CURVE('',#2438,#2446,#2448,.T.);
#2446 = VERTEX_POINT('',#2447);
#2447 = CARTESIAN_POINT('',(77.791514,-48.709531,1.585));
#2448 = LINE('',#2449,#2450);
#2449 = CARTESIAN_POINT('',(78.002311,-48.773037,1.585));
#2450 = VECTOR('',#2451,1.);
#2451 = DIRECTION('',(-0.957491971858,0.288459917194,0.));
#2452 = ORIENTED_EDGE('',*,*,#2453,.T.);
#2453 = EDGE_CURVE('',#2446,#2454,#2456,.T.);
#2454 = VERTEX_POINT('',#2455);
#2455 = CARTESIAN_POINT('',(77.663952,-48.628644,1.585));
#2456 = LINE('',#2457,#2458);
#2457 = CARTESIAN_POINT('',(77.791514,-48.709531,1.585));
#2458 = VECTOR('',#2459,1.);
#2459 = DIRECTION('',(-0.84452647051,0.535513809913,0.));
#2460 = ORIENTED_EDGE('',*,*,#2461,.T.);
#2461 = EDGE_CURVE('',#2454,#2462,#2464,.T.);
#2462 = VERTEX_POINT('',#2463);
#2463 = CARTESIAN_POINT('',(77.594778,-48.533574,1.585));
#2464 = LINE('',#2465,#2466);
#2465 = CARTESIAN_POINT('',(77.663952,-48.628644,1.585));
#2466 = VECTOR('',#2467,1.);
#2467 = DIRECTION('',(-0.588350709883,0.80860586331,0.));
#2468 = ORIENTED_EDGE('',*,*,#2469,.T.);
#2469 = EDGE_CURVE('',#2462,#2470,#2472,.T.);
#2470 = VERTEX_POINT('',#2471);
#2471 = CARTESIAN_POINT('',(77.571833,-48.41919,1.585));
#2472 = LINE('',#2473,#2474);
#2473 = CARTESIAN_POINT('',(77.594778,-48.533574,1.585));
#2474 = VECTOR('',#2475,1.);
#2475 = DIRECTION('',(-0.19667821021,0.980468093121,0.));
#2476 = ORIENTED_EDGE('',*,*,#2477,.T.);
#2477 = EDGE_CURVE('',#2470,#2478,#2480,.T.);
#2478 = VERTEX_POINT('',#2479);
#2479 = CARTESIAN_POINT('',(77.592331,-48.280834,1.585));
#2480 = LINE('',#2481,#2482);
#2481 = CARTESIAN_POINT('',(77.571833,-48.41919,1.585));
#2482 = VECTOR('',#2483,1.);
#2483 = DIRECTION('',(0.146554361646,0.98920261781,0.));
#2484 = ORIENTED_EDGE('',*,*,#2485,.T.);
#2485 = EDGE_CURVE('',#2478,#2486,#2488,.T.);
#2486 = VERTEX_POINT('',#2487);
#2487 = CARTESIAN_POINT('',(77.646595,-48.19131,1.585));
#2488 = LINE('',#2489,#2490);
#2489 = CARTESIAN_POINT('',(77.592331,-48.280834,1.585));
#2490 = VECTOR('',#2491,1.);
#2491 = DIRECTION('',(0.518350830812,0.855168063129,0.));
#2492 = ORIENTED_EDGE('',*,*,#2493,.T.);
#2493 = EDGE_CURVE('',#2486,#2494,#2496,.T.);
#2494 = VERTEX_POINT('',#2495);
#2495 = CARTESIAN_POINT('',(77.734387,-48.136559,1.585));
#2496 = LINE('',#2497,#2498);
#2497 = CARTESIAN_POINT('',(77.646595,-48.19131,1.585));
#2498 = VECTOR('',#2499,1.);
#2499 = DIRECTION('',(0.848514818415,0.529171619544,0.));
#2500 = ORIENTED_EDGE('',*,*,#2501,.T.);
#2501 = EDGE_CURVE('',#2494,#2502,#2504,.T.);
#2502 = VERTEX_POINT('',#2503);
#2503 = CARTESIAN_POINT('',(77.868893,-48.116024,1.585));
#2504 = LINE('',#2505,#2506);
#2505 = CARTESIAN_POINT('',(77.734387,-48.136559,1.585));
#2506 = VECTOR('',#2507,1.);
#2507 = DIRECTION('',(0.988545817379,0.150921061959,0.));
#2508 = ORIENTED_EDGE('',*,*,#2509,.T.);
#2509 = EDGE_CURVE('',#2502,#2510,#2512,.T.);
#2510 = VERTEX_POINT('',#2511);
#2511 = CARTESIAN_POINT('',(78.574193,-48.21816,1.585));
#2512 = LINE('',#2513,#2514);
#2513 = CARTESIAN_POINT('',(77.868893,-48.116024,1.585));
#2514 = VECTOR('',#2515,1.);
#2515 = DIRECTION('',(0.989676804096,-0.143317212623,0.));
#2516 = ORIENTED_EDGE('',*,*,#2517,.T.);
#2517 = EDGE_CURVE('',#2510,#2518,#2520,.T.);
#2518 = VERTEX_POINT('',#2519);
#2519 = CARTESIAN_POINT('',(78.914253,-48.228681,1.585));
#2520 = LINE('',#2521,#2522);
#2521 = CARTESIAN_POINT('',(78.574193,-48.21816,1.585));
#2522 = VECTOR('',#2523,1.);
#2523 = DIRECTION('',(0.999521743038,-3.092386125538E-02,0.));
#2524 = ORIENTED_EDGE('',*,*,#2525,.T.);
#2525 = EDGE_CURVE('',#2518,#2526,#2528,.T.);
#2526 = VERTEX_POINT('',#2527);
#2527 = CARTESIAN_POINT('',(79.163013,-48.197278,1.585));
#2528 = LINE('',#2529,#2530);
#2529 = CARTESIAN_POINT('',(78.914253,-48.228681,1.585));
#2530 = VECTOR('',#2531,1.);
#2531 = DIRECTION('',(0.992125952876,0.125244136108,0.));
#2532 = ORIENTED_EDGE('',*,*,#2533,.T.);
#2533 = EDGE_CURVE('',#2526,#2534,#2536,.T.);
#2534 = VERTEX_POINT('',#2535);
#2535 = CARTESIAN_POINT('',(79.371129,-48.11606,1.585));
#2536 = LINE('',#2537,#2538);
#2537 = CARTESIAN_POINT('',(79.163013,-48.197278,1.585));
#2538 = VECTOR('',#2539,1.);
#2539 = DIRECTION('',(0.931574587542,0.363550254911,0.));
#2540 = ORIENTED_EDGE('',*,*,#2541,.T.);
#2541 = EDGE_CURVE('',#2534,#2542,#2544,.T.);
#2542 = VERTEX_POINT('',#2543);
#2543 = CARTESIAN_POINT('',(79.54737,-47.98577,1.585));
#2544 = LINE('',#2545,#2546);
#2545 = CARTESIAN_POINT('',(79.371129,-48.11606,1.585));
#2546 = VECTOR('',#2547,1.);
#2547 = DIRECTION('',(0.804121804926,0.594464568198,0.));
#2548 = ORIENTED_EDGE('',*,*,#2549,.T.);
#2549 = EDGE_CURVE('',#2542,#2550,#2552,.T.);
#2550 = VERTEX_POINT('',#2551);
#2551 = CARTESIAN_POINT('',(79.696606,-47.80051,1.585));
#2552 = LINE('',#2553,#2554);
#2553 = CARTESIAN_POINT('',(79.54737,-47.98577,1.585));
#2554 = VECTOR('',#2555,1.);
#2555 = DIRECTION('',(0.62732642206,0.778756419033,0.));
#2556 = ORIENTED_EDGE('',*,*,#2557,.T.);
#2557 = EDGE_CURVE('',#2550,#2558,#2560,.T.);
#2558 = VERTEX_POINT('',#2559);
#2559 = CARTESIAN_POINT('',(79.819173,-47.548464,1.585));
#2560 = LINE('',#2561,#2562);
#2561 = CARTESIAN_POINT('',(79.696606,-47.80051,1.585));
#2562 = VECTOR('',#2563,1.);
#2563 = DIRECTION('',(0.437321531911,0.899305219448,0.));
#2564 = ORIENTED_EDGE('',*,*,#2565,.T.);
#2565 = EDGE_CURVE('',#2558,#2566,#2568,.T.);
#2566 = VERTEX_POINT('',#2567);
#2567 = CARTESIAN_POINT('',(79.902533,-47.243608,1.585));
#2568 = LINE('',#2569,#2570);
#2569 = CARTESIAN_POINT('',(79.819173,-47.548464,1.585));
#2570 = VECTOR('',#2571,1.);
#2571 = DIRECTION('',(0.263757757734,0.964588951437,0.));
#2572 = ORIENTED_EDGE('',*,*,#2573,.T.);
#2573 = EDGE_CURVE('',#2566,#2574,#2576,.T.);
#2574 = VERTEX_POINT('',#2575);
#2575 = CARTESIAN_POINT('',(79.964472,-46.799789,1.585));
#2576 = LINE('',#2577,#2578);
#2577 = CARTESIAN_POINT('',(79.902533,-47.243608,1.585));
#2578 = VECTOR('',#2579,1.);
#2579 = DIRECTION('',(0.138219601002,0.990401606369,0.));
#2580 = ORIENTED_EDGE('',*,*,#2581,.T.);
#2581 = EDGE_CURVE('',#2574,#2582,#2584,.T.);
#2582 = VERTEX_POINT('',#2583);
#2583 = CARTESIAN_POINT('',(79.993501,-46.177041,1.585));
#2584 = LINE('',#2585,#2586);
#2585 = CARTESIAN_POINT('',(79.964472,-46.799789,1.585));
#2586 = VECTOR('',#2587,1.);
#2587 = DIRECTION('',(4.65637991087E-02,0.998915318039,0.));
#2588 = ORIENTED_EDGE('',*,*,#2589,.T.);
#2589 = EDGE_CURVE('',#2582,#2590,#2592,.T.);
#2590 = VERTEX_POINT('',#2591);
#2591 = CARTESIAN_POINT('',(79.855071,-46.434075,1.585));
#2592 = LINE('',#2593,#2594);
#2593 = CARTESIAN_POINT('',(79.993501,-46.177041,1.585));
#2594 = VECTOR('',#2595,1.);
#2595 = DIRECTION('',(-0.474171722458,-0.880432381061,0.));
#2596 = ORIENTED_EDGE('',*,*,#2597,.T.);
#2597 = EDGE_CURVE('',#2590,#2598,#2600,.T.);
#2598 = VERTEX_POINT('',#2599);
#2599 = CARTESIAN_POINT('',(79.708553,-46.631111,1.585));
#2600 = LINE('',#2601,#2602);
#2601 = CARTESIAN_POINT('',(79.855071,-46.434075,1.585));
#2602 = VECTOR('',#2603,1.);
#2603 = DIRECTION('',(-0.59671339099,-0.802454440459,0.));
#2604 = ORIENTED_EDGE('',*,*,#2605,.T.);
#2605 = EDGE_CURVE('',#2598,#2606,#2608,.T.);
#2606 = VERTEX_POINT('',#2607);
#2607 = CARTESIAN_POINT('',(79.554474,-46.777878,1.585));
#2608 = LINE('',#2609,#2610);
#2609 = CARTESIAN_POINT('',(79.708553,-46.631111,1.585));
#2610 = VECTOR('',#2611,1.);
#2611 = DIRECTION('',(-0.724079032213,-0.689717010889,0.));
#2612 = ORIENTED_EDGE('',*,*,#2613,.T.);
#2613 = EDGE_CURVE('',#2606,#2614,#2616,.T.);
#2614 = VERTEX_POINT('',#2615);
#2615 = CARTESIAN_POINT('',(78.97226,-46.978157,1.585));
#2616 = CIRCLE('',#2617,0.915959823948);
#2617 = AXIS2_PLACEMENT_3D('',#2618,#2619,#2620);
#2618 = CARTESIAN_POINT('',(78.982749134657,-46.0622572363,1.585));
#2619 = DIRECTION('',(0.,0.,-1.));
#2620 = DIRECTION('',(0.624181159911,-0.78127964239,0.));
#2621 = ORIENTED_EDGE('',*,*,#2622,.T.);
#2622 = EDGE_CURVE('',#2614,#2623,#2625,.T.);
#2623 = VERTEX_POINT('',#2624);
#2624 = CARTESIAN_POINT('',(78.670336,-46.950471,1.585));
#2625 = LINE('',#2626,#2627);
#2626 = CARTESIAN_POINT('',(78.97226,-46.978157,1.585));
#2627 = VECTOR('',#2628,1.);
#2628 = DIRECTION('',(-0.995822015793,9.131545796041E-02,0.));
#2629 = ORIENTED_EDGE('',*,*,#2630,.T.);
#2630 = EDGE_CURVE('',#2623,#2631,#2633,.T.);
#2631 = VERTEX_POINT('',#2632);
#2632 = CARTESIAN_POINT('',(77.966285,-46.557144,1.585));
#2633 = CIRCLE('',#2634,1.261011078801);
#2634 = AXIS2_PLACEMENT_3D('',#2635,#2636,#2637);
#2635 = CARTESIAN_POINT('',(78.901032279434,-45.71074192979,1.585));
#2636 = DIRECTION('',(0.,0.,-1.));
#2637 = DIRECTION('',(-0.182945481854,-0.983123059779,-0.));
#2638 = ORIENTED_EDGE('',*,*,#2639,.T.);
#2639 = EDGE_CURVE('',#2631,#2640,#2642,.T.);
#2640 = VERTEX_POINT('',#2641);
#2641 = CARTESIAN_POINT('',(77.799847,-46.336279,1.585));
#2642 = LINE('',#2643,#2644);
#2643 = CARTESIAN_POINT('',(77.966285,-46.557144,1.585));
#2644 = VECTOR('',#2645,1.);
#2645 = DIRECTION('',(-0.601824904945,0.798628063487,0.));
#2646 = ORIENTED_EDGE('',*,*,#2647,.T.);
#2647 = EDGE_CURVE('',#2640,#2648,#2650,.T.);
#2648 = VERTEX_POINT('',#2649);
#2649 = CARTESIAN_POINT('',(77.679512,-46.084749,1.585));
#2650 = LINE('',#2651,#2652);
#2651 = CARTESIAN_POINT('',(77.799847,-46.336279,1.585));
#2652 = VECTOR('',#2653,1.);
#2653 = DIRECTION('',(-0.431566533748,0.902081108852,0.));
#2654 = ORIENTED_EDGE('',*,*,#2655,.T.);
#2655 = EDGE_CURVE('',#2648,#2656,#2658,.T.);
#2656 = VERTEX_POINT('',#2657);
#2657 = CARTESIAN_POINT('',(77.604731,-45.796773,1.585));
#2658 = LINE('',#2659,#2660);
#2659 = CARTESIAN_POINT('',(77.679512,-46.084749,1.585));
#2660 = VECTOR('',#2661,1.);
#2661 = DIRECTION('',(-0.251341811534,0.967898390212,0.));
#2662 = ORIENTED_EDGE('',*,*,#2663,.T.);
#2663 = EDGE_CURVE('',#2656,#2664,#2666,.T.);
#2664 = VERTEX_POINT('',#2665);
#2665 = CARTESIAN_POINT('',(77.57855,-45.464767,1.585));
#2666 = LINE('',#2667,#2668);
#2667 = CARTESIAN_POINT('',(77.604731,-45.796773,1.585));
#2668 = VECTOR('',#2669,1.);
#2669 = DIRECTION('',(-7.861296289821E-02,0.996905212176,0.));
#2670 = ORIENTED_EDGE('',*,*,#2671,.T.);
#2671 = EDGE_CURVE('',#2664,#2672,#2674,.T.);
#2672 = VERTEX_POINT('',#2673);
#2673 = CARTESIAN_POINT('',(77.614535,-45.009135,1.585));
#2674 = LINE('',#2675,#2676);
#2675 = CARTESIAN_POINT('',(77.57855,-45.464767,1.585));
#2676 = VECTOR('',#2677,1.);
#2677 = DIRECTION('',(7.87330412605E-02,0.996895735879,0.));
#2678 = ORIENTED_EDGE('',*,*,#2679,.T.);
#2679 = EDGE_CURVE('',#2672,#2680,#2682,.T.);
#2680 = VERTEX_POINT('',#2681);
#2681 = CARTESIAN_POINT('',(77.716975,-44.617026,1.585));
#2682 = LINE('',#2683,#2684);
#2683 = CARTESIAN_POINT('',(77.614535,-45.009135,1.585));
#2684 = VECTOR('',#2685,1.);
#2685 = DIRECTION('',(0.252770028849,0.967526388537,0.));
#2686 = ORIENTED_EDGE('',*,*,#2687,.T.);
#2687 = EDGE_CURVE('',#2680,#2688,#2690,.T.);
#2688 = VERTEX_POINT('',#2689);
#2689 = CARTESIAN_POINT('',(78.337053,-43.777274,1.585));
#2690 = CIRCLE('',#2691,1.834881108358);
#2691 = AXIS2_PLACEMENT_3D('',#2692,#2693,#2694);
#2692 = CARTESIAN_POINT('',(79.442115376301,-45.24206948958,1.585));
#2693 = DIRECTION('',(0.,0.,-1.));
#2694 = DIRECTION('',(-0.940191911314,0.340645225858,0.));
#2695 = ORIENTED_EDGE('',*,*,#2696,.T.);
#2696 = EDGE_CURVE('',#2688,#2697,#2699,.T.);
#2697 = VERTEX_POINT('',#2698);
#2698 = CARTESIAN_POINT('',(78.595599,-43.617501,1.585));
#2699 = LINE('',#2700,#2701);
#2700 = CARTESIAN_POINT('',(78.337053,-43.777274,1.585));
#2701 = VECTOR('',#2702,1.);
#2702 = DIRECTION('',(0.850676139102,0.525690123896,0.));
#2703 = ORIENTED_EDGE('',*,*,#2704,.T.);
#2704 = EDGE_CURVE('',#2697,#2275,#2705,.T.);
#2705 = LINE('',#2706,#2707);
#2706 = CARTESIAN_POINT('',(78.595599,-43.617501,1.585));
#2707 = VECTOR('',#2708,1.);
#2708 = DIRECTION('',(0.928616039828,0.371042114285,0.));
#2709 = FACE_BOUND('',#2710,.F.);
#2710 = EDGE_LOOP('',(#2711,#2722,#2730,#2738,#2746,#2754,#2762,#2770,
    #2778,#2786,#2794,#2802,#2810,#2819,#2827,#2835,#2843,#2851,#2859,
    #2867,#2875,#2883));
#2711 = ORIENTED_EDGE('',*,*,#2712,.T.);
#2712 = EDGE_CURVE('',#2713,#2715,#2717,.T.);
#2713 = VERTEX_POINT('',#2714);
#2714 = CARTESIAN_POINT('',(80.150427,-44.272862,1.585));
#2715 = VERTEX_POINT('',#2716);
#2716 = CARTESIAN_POINT('',(79.718048,-44.097906,1.585));
#2717 = CIRCLE('',#2718,1.024908917591);
#2718 = AXIS2_PLACEMENT_3D('',#2719,#2720,#2721);
#2719 = CARTESIAN_POINT('',(79.559887146102,-45.11053793394,1.585));
#2720 = DIRECTION('',(0.,0.,1.));
#2721 = DIRECTION('',(0.576187643372,0.817317441161,-0.));
#2722 = ORIENTED_EDGE('',*,*,#2723,.T.);
#2723 = EDGE_CURVE('',#2715,#2724,#2726,.T.);
#2724 = VERTEX_POINT('',#2725);
#2725 = CARTESIAN_POINT('',(79.563023,-44.086322,1.585));
#2726 = LINE('',#2727,#2728);
#2727 = CARTESIAN_POINT('',(79.718048,-44.097906,1.585));
#2728 = VECTOR('',#2729,1.);
#2729 = DIRECTION('',(-0.997219841427,7.451568871529E-02,0.));
#2730 = ORIENTED_EDGE('',*,*,#2731,.T.);
#2731 = EDGE_CURVE('',#2724,#2732,#2734,.T.);
#2732 = VERTEX_POINT('',#2733);
#2733 = CARTESIAN_POINT('',(79.242904,-44.113874,1.585));
#2734 = LINE('',#2735,#2736);
#2735 = CARTESIAN_POINT('',(79.563023,-44.086322,1.585));
#2736 = VECTOR('',#2737,1.);
#2737 = DIRECTION('',(-0.996316601795,-8.575097077226E-02,0.));
#2738 = ORIENTED_EDGE('',*,*,#2739,.T.);
#2739 = EDGE_CURVE('',#2732,#2740,#2742,.T.);
#2740 = VERTEX_POINT('',#2741);
#2741 = CARTESIAN_POINT('',(78.974955,-44.191589,1.585));
#2742 = LINE('',#2743,#2744);
#2743 = CARTESIAN_POINT('',(79.242904,-44.113874,1.585));
#2744 = VECTOR('',#2745,1.);
#2745 = DIRECTION('',(-0.960419751374,-0.278556818566,0.));
#2746 = ORIENTED_EDGE('',*,*,#2747,.T.);
#2747 = EDGE_CURVE('',#2740,#2748,#2750,.T.);
#2748 = VERTEX_POINT('',#2749);
#2749 = CARTESIAN_POINT('',(78.749306,-44.315584,1.585));
#2750 = LINE('',#2751,#2752);
#2751 = CARTESIAN_POINT('',(78.974955,-44.191589,1.585));
#2752 = VECTOR('',#2753,1.);
#2753 = DIRECTION('',(-0.876399447226,-0.481584892726,0.));
#2754 = ORIENTED_EDGE('',*,*,#2755,.T.);
#2755 = EDGE_CURVE('',#2748,#2756,#2758,.T.);
#2756 = VERTEX_POINT('',#2757);
#2757 = CARTESIAN_POINT('',(78.558879,-44.48688,1.585));
#2758 = LINE('',#2759,#2760);
#2759 = CARTESIAN_POINT('',(78.749306,-44.315584,1.585));
#2760 = VECTOR('',#2761,1.);
#2761 = DIRECTION('',(-0.743465540055,-0.668774244982,0.));
#2762 = ORIENTED_EDGE('',*,*,#2763,.T.);
#2763 = EDGE_CURVE('',#2756,#2764,#2766,.T.);
#2764 = VERTEX_POINT('',#2765);
#2765 = CARTESIAN_POINT('',(78.422337,-44.675485,1.585));
#2766 = LINE('',#2767,#2768);
#2767 = CARTESIAN_POINT('',(78.558879,-44.48688,1.585));
#2768 = VECTOR('',#2769,1.);
#2769 = DIRECTION('',(-0.586413919848,-0.810011552145,0.));
#2770 = ORIENTED_EDGE('',*,*,#2771,.T.);
#2771 = EDGE_CURVE('',#2764,#2772,#2774,.T.);
#2772 = VERTEX_POINT('',#2773);
#2773 = CARTESIAN_POINT('',(78.323756,-44.888067,1.585));
#2774 = LINE('',#2775,#2776);
#2775 = CARTESIAN_POINT('',(78.422337,-44.675485,1.585));
#2776 = VECTOR('',#2777,1.);
#2777 = DIRECTION('',(-0.42069774628,-0.907200863246,0.));
#2778 = ORIENTED_EDGE('',*,*,#2779,.T.);
#2779 = EDGE_CURVE('',#2772,#2780,#2782,.T.);
#2780 = VERTEX_POINT('',#2781);
#2781 = CARTESIAN_POINT('',(78.262673,-45.129084,1.585));
#2782 = LINE('',#2783,#2784);
#2783 = CARTESIAN_POINT('',(78.323756,-44.888067,1.585));
#2784 = VECTOR('',#2785,1.);
#2785 = DIRECTION('',(-0.245671461259,-0.969353151913,0.));
#2786 = ORIENTED_EDGE('',*,*,#2787,.T.);
#2787 = EDGE_CURVE('',#2780,#2788,#2790,.T.);
#2788 = VERTEX_POINT('',#2789);
#2789 = CARTESIAN_POINT('',(78.241364,-45.404317,1.585));
#2790 = LINE('',#2791,#2792);
#2791 = CARTESIAN_POINT('',(78.262673,-45.129084,1.585));
#2792 = VECTOR('',#2793,1.);
#2793 = DIRECTION('',(-7.719067616813E-02,-0.997016348669,0.));
#2794 = ORIENTED_EDGE('',*,*,#2795,.T.);
#2795 = EDGE_CURVE('',#2788,#2796,#2798,.T.);
#2796 = VERTEX_POINT('',#2797);
#2797 = CARTESIAN_POINT('',(78.265637,-45.694819,1.585));
#2798 = LINE('',#2799,#2800);
#2799 = CARTESIAN_POINT('',(78.241364,-45.404317,1.585));
#2800 = VECTOR('',#2801,1.);
#2801 = DIRECTION('',(8.326521035281E-02,-0.996527422977,0.));
#2802 = ORIENTED_EDGE('',*,*,#2803,.T.);
#2803 = EDGE_CURVE('',#2796,#2804,#2806,.T.);
#2804 = VERTEX_POINT('',#2805);
#2805 = CARTESIAN_POINT('',(78.330672,-45.911356,1.585));
#2806 = LINE('',#2807,#2808);
#2807 = CARTESIAN_POINT('',(78.265637,-45.694819,1.585));
#2808 = VECTOR('',#2809,1.);
#2809 = DIRECTION('',(0.287647740617,-0.957736277541,0.));
#2810 = ORIENTED_EDGE('',*,*,#2811,.T.);
#2811 = EDGE_CURVE('',#2804,#2812,#2814,.T.);
#2812 = VERTEX_POINT('',#2813);
#2813 = CARTESIAN_POINT('',(78.752235,-46.266827,1.585));
#2814 = CIRCLE('',#2815,0.604253916627);
#2815 = AXIS2_PLACEMENT_3D('',#2816,#2817,#2818);
#2816 = CARTESIAN_POINT('',(78.888063355724,-45.6780371788,1.585));
#2817 = DIRECTION('',(0.,0.,1.));
#2818 = DIRECTION('',(-0.922445581877,-0.386127114401,0.));
#2819 = ORIENTED_EDGE('',*,*,#2820,.T.);
#2820 = EDGE_CURVE('',#2812,#2821,#2823,.T.);
#2821 = VERTEX_POINT('',#2822);
#2822 = CARTESIAN_POINT('',(78.992716,-46.294277,1.585));
#2823 = LINE('',#2824,#2825);
#2824 = CARTESIAN_POINT('',(78.752235,-46.266827,1.585));
#2825 = VECTOR('',#2826,1.);
#2826 = DIRECTION('',(0.993548297038,-0.113409794344,0.));
#2827 = ORIENTED_EDGE('',*,*,#2828,.T.);
#2828 = EDGE_CURVE('',#2821,#2829,#2831,.T.);
#2829 = VERTEX_POINT('',#2830);
#2830 = CARTESIAN_POINT('',(79.209061,-46.259337,1.585));
#2831 = LINE('',#2832,#2833);
#2832 = CARTESIAN_POINT('',(78.992716,-46.294277,1.585));
#2833 = VECTOR('',#2834,1.);
#2834 = DIRECTION('',(0.987208357367,0.159435438796,0.));
#2835 = ORIENTED_EDGE('',*,*,#2836,.T.);
#2836 = EDGE_CURVE('',#2829,#2837,#2839,.T.);
#2837 = VERTEX_POINT('',#2838);
#2838 = CARTESIAN_POINT('',(79.42948,-46.148983,1.585));
#2839 = LINE('',#2840,#2841);
#2840 = CARTESIAN_POINT('',(79.209061,-46.259337,1.585));
#2841 = VECTOR('',#2842,1.);
#2842 = DIRECTION('',(0.894192585859,0.447682498423,0.));
#2843 = ORIENTED_EDGE('',*,*,#2844,.T.);
#2844 = EDGE_CURVE('',#2837,#2845,#2847,.T.);
#2845 = VERTEX_POINT('',#2846);
#2846 = CARTESIAN_POINT('',(79.661941,-45.945621,1.585));
#2847 = LINE('',#2848,#2849);
#2848 = CARTESIAN_POINT('',(79.42948,-46.148983,1.585));
#2849 = VECTOR('',#2850,1.);
#2850 = DIRECTION('',(0.75264307842,0.65842873305,0.));
#2851 = ORIENTED_EDGE('',*,*,#2852,.T.);
#2852 = EDGE_CURVE('',#2845,#2853,#2855,.T.);
#2853 = VERTEX_POINT('',#2854);
#2854 = CARTESIAN_POINT('',(79.837706,-45.719865,1.585));
#2855 = LINE('',#2856,#2857);
#2856 = CARTESIAN_POINT('',(79.661941,-45.945621,1.585));
#2857 = VECTOR('',#2858,1.);
#2858 = DIRECTION('',(0.614326002191,0.789052319578,0.));
#2859 = ORIENTED_EDGE('',*,*,#2860,.T.);
#2860 = EDGE_CURVE('',#2853,#2861,#2863,.T.);
#2861 = VERTEX_POINT('',#2862);
#2862 = CARTESIAN_POINT('',(79.945503,-45.509496,1.585));
#2863 = LINE('',#2864,#2865);
#2864 = CARTESIAN_POINT('',(79.837706,-45.719865,1.585));
#2865 = VECTOR('',#2866,1.);
#2866 = DIRECTION('',(0.456033455156,0.889962632799,0.));
#2867 = ORIENTED_EDGE('',*,*,#2868,.T.);
#2868 = EDGE_CURVE('',#2861,#2869,#2871,.T.);
#2869 = VERTEX_POINT('',#2870);
#2870 = CARTESIAN_POINT('',(79.996859,-45.309673,1.585));
#2871 = LINE('',#2872,#2873);
#2872 = CARTESIAN_POINT('',(79.945503,-45.509496,1.585));
#2873 = VECTOR('',#2874,1.);
#2874 = DIRECTION('',(0.248918027918,0.968524555898,0.));
#2875 = ORIENTED_EDGE('',*,*,#2876,.T.);
#2876 = EDGE_CURVE('',#2869,#2877,#2879,.T.);
#2877 = VERTEX_POINT('',#2878);
#2878 = CARTESIAN_POINT('',(80.064227,-44.931242,1.585));
#2879 = LINE('',#2880,#2881);
#2880 = CARTESIAN_POINT('',(79.996859,-45.309673,1.585));
#2881 = VECTOR('',#2882,1.);
#2882 = DIRECTION('',(0.175263774072,0.984521512969,0.));
#2883 = ORIENTED_EDGE('',*,*,#2884,.T.);
#2884 = EDGE_CURVE('',#2877,#2713,#2885,.T.);
#2885 = LINE('',#2886,#2887);
#2886 = CARTESIAN_POINT('',(80.064227,-44.931242,1.585));
#2887 = VECTOR('',#2888,1.);
#2888 = DIRECTION('',(0.129819473739,0.991537646405,0.));
#2889 = PLANE('',#2890);
#2890 = AXIS2_PLACEMENT_3D('',#2891,#2892,#2893);
#2891 = CARTESIAN_POINT('',(0.,0.,1.585));
#2892 = DIRECTION('',(0.,0.,1.));
#2893 = DIRECTION('',(1.,0.,-0.));
#2894 = SHELL_BASED_SURFACE_MODEL('',(#2895));
#2895 = OPEN_SHELL('',(#2896));
#2896 = ADVANCED_FACE('',(#2897),#3550,.T.);
#2897 = FACE_BOUND('',#2898,.F.);
#2898 = EDGE_LOOP('',(#2899,#2909,#2917,#2925,#2933,#2941,#2949,#2957,
    #2965,#2973,#2981,#2989,#2997,#3006,#3014,#3022,#3030,#3038,#3046,
    #3054,#3062,#3070,#3078,#3086,#3095,#3103,#3111,#3119,#3127,#3135,
    #3143,#3151,#3159,#3167,#3175,#3183,#3191,#3199,#3207,#3215,#3223,
    #3231,#3239,#3247,#3255,#3263,#3271,#3279,#3287,#3295,#3303,#3311,
    #3320,#3328,#3336,#3344,#3352,#3360,#3368,#3376,#3384,#3392,#3400,
    #3408,#3416,#3424,#3432,#3440,#3448,#3456,#3464,#3472,#3480,#3488,
    #3496,#3504,#3512,#3520,#3528,#3536,#3544));
#2899 = ORIENTED_EDGE('',*,*,#2900,.T.);
#2900 = EDGE_CURVE('',#2901,#2903,#2905,.T.);
#2901 = VERTEX_POINT('',#2902);
#2902 = CARTESIAN_POINT('',(98.360895,-43.20109,1.585));
#2903 = VERTEX_POINT('',#2904);
#2904 = CARTESIAN_POINT('',(98.45005,-43.132171,1.585));
#2905 = LINE('',#2906,#2907);
#2906 = CARTESIAN_POINT('',(98.360895,-43.20109,1.585));
#2907 = VECTOR('',#2908,1.);
#2908 = DIRECTION('',(0.791171208525,0.611594734118,0.));
#2909 = ORIENTED_EDGE('',*,*,#2910,.T.);
#2910 = EDGE_CURVE('',#2903,#2911,#2913,.T.);
#2911 = VERTEX_POINT('',#2912);
#2912 = CARTESIAN_POINT('',(98.559316,-43.109351,1.585));
#2913 = LINE('',#2914,#2915);
#2914 = CARTESIAN_POINT('',(98.45005,-43.132171,1.585));
#2915 = VECTOR('',#2916,1.);
#2916 = DIRECTION('',(0.978879683095,0.204437193347,0.));
#2917 = ORIENTED_EDGE('',*,*,#2918,.T.);
#2918 = EDGE_CURVE('',#2911,#2919,#2921,.T.);
#2919 = VERTEX_POINT('',#2920);
#2920 = CARTESIAN_POINT('',(98.684111,-43.136448,1.585));
#2921 = LINE('',#2922,#2923);
#2922 = CARTESIAN_POINT('',(98.559316,-43.109351,1.585));
#2923 = VECTOR('',#2924,1.);
#2924 = DIRECTION('',(0.977228915407,-0.212187763298,0.));
#2925 = ORIENTED_EDGE('',*,*,#2926,.T.);
#2926 = EDGE_CURVE('',#2919,#2927,#2929,.T.);
#2927 = VERTEX_POINT('',#2928);
#2928 = CARTESIAN_POINT('',(98.803558,-43.222923,1.585));
#2929 = LINE('',#2930,#2931);
#2930 = CARTESIAN_POINT('',(98.684111,-43.136448,1.585));
#2931 = VECTOR('',#2932,1.);
#2932 = DIRECTION('',(0.810010098719,-0.586415927455,0.));
#2933 = ORIENTED_EDGE('',*,*,#2934,.T.);
#2934 = EDGE_CURVE('',#2927,#2935,#2937,.T.);
#2935 = VERTEX_POINT('',#2936);
#2936 = CARTESIAN_POINT('',(98.887991,-43.344687,1.585));
#2937 = LINE('',#2938,#2939);
#2938 = CARTESIAN_POINT('',(98.803558,-43.222923,1.585));
#2939 = VECTOR('',#2940,1.);
#2940 = DIRECTION('',(0.569825016975,-0.821766055535,0.));
#2941 = ORIENTED_EDGE('',*,*,#2942,.T.);
#2942 = EDGE_CURVE('',#2935,#2943,#2945,.T.);
#2943 = VERTEX_POINT('',#2944);
#2944 = CARTESIAN_POINT('',(98.914689,-43.472967,1.585));
#2945 = LINE('',#2946,#2947);
#2946 = CARTESIAN_POINT('',(98.887991,-43.344687,1.585));
#2947 = VECTOR('',#2948,1.);
#2948 = DIRECTION('',(0.203756759979,-0.979021543564,0.));
#2949 = ORIENTED_EDGE('',*,*,#2950,.T.);
#2950 = EDGE_CURVE('',#2943,#2951,#2953,.T.);
#2951 = VERTEX_POINT('',#2952);
#2952 = CARTESIAN_POINT('',(98.880495,-43.88299,1.585));
#2953 = LINE('',#2954,#2955);
#2954 = CARTESIAN_POINT('',(98.914689,-43.472967,1.585));
#2955 = VECTOR('',#2956,1.);
#2956 = DIRECTION('',(-8.310682762173E-02,-0.996540644029,0.));
#2957 = ORIENTED_EDGE('',*,*,#2958,.T.);
#2958 = EDGE_CURVE('',#2951,#2959,#2961,.T.);
#2959 = VERTEX_POINT('',#2960);
#2960 = CARTESIAN_POINT('',(98.887212,-44.241416,1.585));
#2961 = LINE('',#2962,#2963);
#2962 = CARTESIAN_POINT('',(98.880495,-43.88299,1.585));
#2963 = VECTOR('',#2964,1.);
#2964 = DIRECTION('',(1.873698005463E-02,-0.99982444738,0.));
#2965 = ORIENTED_EDGE('',*,*,#2966,.T.);
#2966 = EDGE_CURVE('',#2959,#2967,#2969,.T.);
#2967 = VERTEX_POINT('',#2968);
#2968 = CARTESIAN_POINT('',(99.021671,-44.009388,1.585));
#2969 = LINE('',#2970,#2971);
#2970 = CARTESIAN_POINT('',(98.887212,-44.241416,1.585));
#2971 = VECTOR('',#2972,1.);
#2972 = DIRECTION('',(0.501390919709,0.865220865232,0.));
#2973 = ORIENTED_EDGE('',*,*,#2974,.T.);
#2974 = EDGE_CURVE('',#2967,#2975,#2977,.T.);
#2975 = VERTEX_POINT('',#2976);
#2976 = CARTESIAN_POINT('',(99.194684,-43.789559,1.585));
#2977 = LINE('',#2978,#2979);
#2978 = CARTESIAN_POINT('',(99.021671,-44.009388,1.585));
#2979 = VECTOR('',#2980,1.);
#2980 = DIRECTION('',(0.618462778082,0.785814095144,0.));
#2981 = ORIENTED_EDGE('',*,*,#2982,.T.);
#2982 = EDGE_CURVE('',#2975,#2983,#2985,.T.);
#2983 = VERTEX_POINT('',#2984);
#2984 = CARTESIAN_POINT('',(99.409891,-43.580739,1.585));
#2985 = LINE('',#2986,#2987);
#2986 = CARTESIAN_POINT('',(99.194684,-43.789559,1.585));
#2987 = VECTOR('',#2988,1.);
#2988 = DIRECTION('',(0.717676322115,0.696376835252,0.));
#2989 = ORIENTED_EDGE('',*,*,#2990,.T.);
#2990 = EDGE_CURVE('',#2983,#2991,#2993,.T.);
#2991 = VERTEX_POINT('',#2992);
#2992 = CARTESIAN_POINT('',(99.652683,-43.40157,1.585));
#2993 = LINE('',#2994,#2995);
#2994 = CARTESIAN_POINT('',(99.409891,-43.580739,1.585));
#2995 = VECTOR('',#2996,1.);
#2996 = DIRECTION('',(0.804628893862,0.593778025159,0.));
#2997 = ORIENTED_EDGE('',*,*,#2998,.T.);
#2998 = EDGE_CURVE('',#2991,#2999,#3001,.T.);
#2999 = VERTEX_POINT('',#3000);
#3000 = CARTESIAN_POINT('',(100.246932,-43.319513,1.585));
#3001 = CIRCLE('',#3002,0.674456590874);
#3002 = AXIS2_PLACEMENT_3D('',#3003,#3004,#3005);
#3003 = CARTESIAN_POINT('',(100.03243939884,-43.9589538628,1.585));
#3004 = DIRECTION('',(0.,0.,-1.));
#3005 = DIRECTION('',(-0.563055360389,0.826419180039,0.));
#3006 = ORIENTED_EDGE('',*,*,#3007,.T.);
#3007 = EDGE_CURVE('',#2999,#3008,#3010,.T.);
#3008 = VERTEX_POINT('',#3009);
#3009 = CARTESIAN_POINT('',(100.446351,-43.416987,1.585));
#3010 = LINE('',#3011,#3012);
#3011 = CARTESIAN_POINT('',(100.246932,-43.319513,1.585));
#3012 = VECTOR('',#3013,1.);
#3013 = DIRECTION('',(0.898419437085,-0.43913837804,0.));
#3014 = ORIENTED_EDGE('',*,*,#3015,.T.);
#3015 = EDGE_CURVE('',#3008,#3016,#3018,.T.);
#3016 = VERTEX_POINT('',#3017);
#3017 = CARTESIAN_POINT('',(100.607881,-43.579737,1.585));
#3018 = LINE('',#3019,#3020);
#3019 = CARTESIAN_POINT('',(100.446351,-43.416987,1.585));
#3020 = VECTOR('',#3021,1.);
#3021 = DIRECTION('',(0.704441532292,-0.709762021795,0.));
#3022 = ORIENTED_EDGE('',*,*,#3023,.T.);
#3023 = EDGE_CURVE('',#3016,#3024,#3026,.T.);
#3024 = VERTEX_POINT('',#3025);
#3025 = CARTESIAN_POINT('',(100.735214,-43.822845,1.585));
#3026 = LINE('',#3027,#3028);
#3027 = CARTESIAN_POINT('',(100.607881,-43.579737,1.585));
#3028 = VECTOR('',#3029,1.);
#3029 = DIRECTION('',(0.463980443743,-0.885845442402,0.));
#3030 = ORIENTED_EDGE('',*,*,#3031,.T.);
#3031 = EDGE_CURVE('',#3024,#3032,#3034,.T.);
#3032 = VERTEX_POINT('',#3033);
#3033 = CARTESIAN_POINT('',(100.943149,-43.602764,1.585));
#3034 = LINE('',#3035,#3036);
#3035 = CARTESIAN_POINT('',(100.735214,-43.822845,1.585));
#3036 = VECTOR('',#3037,1.);
#3037 = DIRECTION('',(0.686764435267,0.726880052314,0.));
#3038 = ORIENTED_EDGE('',*,*,#3039,.T.);
#3039 = EDGE_CURVE('',#3032,#3040,#3042,.T.);
#3040 = VERTEX_POINT('',#3041);
#3041 = CARTESIAN_POINT('',(101.182484,-43.448848,1.585));
#3042 = LINE('',#3043,#3044);
#3043 = CARTESIAN_POINT('',(100.943149,-43.602764,1.585));
#3044 = VECTOR('',#3045,1.);
#3045 = DIRECTION('',(0.841086090008,0.540901274906,0.));
#3046 = ORIENTED_EDGE('',*,*,#3047,.T.);
#3047 = EDGE_CURVE('',#3040,#3048,#3050,.T.);
#3048 = VERTEX_POINT('',#3049);
#3049 = CARTESIAN_POINT('',(101.455473,-43.356595,1.585));
#3050 = LINE('',#3051,#3052);
#3051 = CARTESIAN_POINT('',(101.182484,-43.448848,1.585));
#3052 = VECTOR('',#3053,1.);
#3053 = DIRECTION('',(0.947366857455,0.320150023264,0.));
#3054 = ORIENTED_EDGE('',*,*,#3055,.T.);
#3055 = EDGE_CURVE('',#3048,#3056,#3058,.T.);
#3056 = VERTEX_POINT('',#3057);
#3057 = CARTESIAN_POINT('',(101.77691,-43.324284,1.585));
#3058 = LINE('',#3059,#3060);
#3059 = CARTESIAN_POINT('',(101.455473,-43.356595,1.585));
#3060 = VECTOR('',#3061,1.);
#3061 = DIRECTION('',(0.994985784296,0.100016443895,0.));
#3062 = ORIENTED_EDGE('',*,*,#3063,.T.);
#3063 = EDGE_CURVE('',#3056,#3064,#3066,.T.);
#3064 = VERTEX_POINT('',#3065);
#3065 = CARTESIAN_POINT('',(101.991432,-43.349132,1.585));
#3066 = LINE('',#3067,#3068);
#3067 = CARTESIAN_POINT('',(101.77691,-43.324284,1.585));
#3068 = VECTOR('',#3069,1.);
#3069 = DIRECTION('',(0.993358505488,-0.11506033015,0.));
#3070 = ORIENTED_EDGE('',*,*,#3071,.T.);
#3071 = EDGE_CURVE('',#3064,#3072,#3074,.T.);
#3072 = VERTEX_POINT('',#3073);
#3073 = CARTESIAN_POINT('',(102.170506,-43.420092,1.585));
#3074 = LINE('',#3075,#3076);
#3075 = CARTESIAN_POINT('',(101.991432,-43.349132,1.585));
#3076 = VECTOR('',#3077,1.);
#3077 = DIRECTION('',(0.929670564268,-0.368391967792,0.));
#3078 = ORIENTED_EDGE('',*,*,#3079,.T.);
#3079 = EDGE_CURVE('',#3072,#3080,#3082,.T.);
#3080 = VERTEX_POINT('',#3081);
#3081 = CARTESIAN_POINT('',(102.322225,-43.536969,1.585));
#3082 = LINE('',#3083,#3084);
#3083 = CARTESIAN_POINT('',(102.170506,-43.420092,1.585));
#3084 = VECTOR('',#3085,1.);
#3085 = DIRECTION('',(0.792194623711,-0.610268529554,0.));
#3086 = ORIENTED_EDGE('',*,*,#3087,.T.);
#3087 = EDGE_CURVE('',#3080,#3088,#3090,.T.);
#3088 = VERTEX_POINT('',#3089);
#3089 = CARTESIAN_POINT('',(102.596802,-44.147345,1.585));
#3090 = CIRCLE('',#3091,1.034643392694);
#3091 = AXIS2_PLACEMENT_3D('',#3092,#3093,#3094);
#3092 = CARTESIAN_POINT('',(101.56666482253,-44.24380403611,1.585));
#3093 = DIRECTION('',(0.,0.,-1.));
#3094 = DIRECTION('',(0.730261443509,0.683167786216,0.));
#3095 = ORIENTED_EDGE('',*,*,#3096,.T.);
#3096 = EDGE_CURVE('',#3088,#3097,#3099,.T.);
#3097 = VERTEX_POINT('',#3098);
#3098 = CARTESIAN_POINT('',(102.695874,-44.902704,1.585));
#3099 = LINE('',#3100,#3101);
#3100 = CARTESIAN_POINT('',(102.596802,-44.147345,1.585));
#3101 = VECTOR('',#3102,1.);
#3102 = DIRECTION('',(0.130045037235,-0.991508087859,0.));
#3103 = ORIENTED_EDGE('',*,*,#3104,.T.);
#3104 = EDGE_CURVE('',#3097,#3105,#3107,.T.);
#3105 = VERTEX_POINT('',#3106);
#3106 = CARTESIAN_POINT('',(102.79276,-45.590005,1.585));
#3107 = LINE('',#3108,#3109);
#3108 = CARTESIAN_POINT('',(102.695874,-44.902704,1.585));
#3109 = VECTOR('',#3110,1.);
#3110 = DIRECTION('',(0.139585834515,-0.990209975108,0.));
#3111 = ORIENTED_EDGE('',*,*,#3112,.T.);
#3112 = EDGE_CURVE('',#3105,#3113,#3115,.T.);
#3113 = VERTEX_POINT('',#3114);
#3114 = CARTESIAN_POINT('',(102.941643,-46.864279,1.585));
#3115 = LINE('',#3116,#3117);
#3116 = CARTESIAN_POINT('',(102.79276,-45.590005,1.585));
#3117 = VECTOR('',#3118,1.);
#3118 = DIRECTION('',(0.116048107383,-0.993243593875,0.));
#3119 = ORIENTED_EDGE('',*,*,#3120,.T.);
#3120 = EDGE_CURVE('',#3113,#3121,#3123,.T.);
#3121 = VERTEX_POINT('',#3122);
#3122 = CARTESIAN_POINT('',(102.923911,-46.990731,1.585));
#3123 = LINE('',#3124,#3125);
#3124 = CARTESIAN_POINT('',(102.941643,-46.864279,1.585));
#3125 = VECTOR('',#3126,1.);
#3126 = DIRECTION('',(-0.13886843852,-0.990310838466,0.));
#3127 = ORIENTED_EDGE('',*,*,#3128,.T.);
#3128 = EDGE_CURVE('',#3121,#3129,#3131,.T.);
#3129 = VERTEX_POINT('',#3130);
#3130 = CARTESIAN_POINT('',(102.849441,-47.097226,1.585));
#3131 = LINE('',#3132,#3133);
#3132 = CARTESIAN_POINT('',(102.923911,-46.990731,1.585));
#3133 = VECTOR('',#3134,1.);
#3134 = DIRECTION('',(-0.573067184657,-0.819508390359,0.));
#3135 = ORIENTED_EDGE('',*,*,#3136,.T.);
#3136 = EDGE_CURVE('',#3129,#3137,#3139,.T.);
#3137 = VERTEX_POINT('',#3138);
#3138 = CARTESIAN_POINT('',(102.736509,-47.168848,1.585));
#3139 = LINE('',#3140,#3141);
#3140 = CARTESIAN_POINT('',(102.849441,-47.097226,1.585));
#3141 = VECTOR('',#3142,1.);
#3142 = DIRECTION('',(-0.844486306032,-0.535577145633,0.));
#3143 = ORIENTED_EDGE('',*,*,#3144,.T.);
#3144 = EDGE_CURVE('',#3137,#3145,#3147,.T.);
#3145 = VERTEX_POINT('',#3146);
#3146 = CARTESIAN_POINT('',(102.600008,-47.193091,1.585));
#3147 = LINE('',#3148,#3149);
#3148 = CARTESIAN_POINT('',(102.736509,-47.168848,1.585));
#3149 = VECTOR('',#3150,1.);
#3150 = DIRECTION('',(-0.984592133233,-0.174866609666,0.));
#3151 = ORIENTED_EDGE('',*,*,#3152,.T.);
#3152 = EDGE_CURVE('',#3145,#3153,#3155,.T.);
#3153 = VERTEX_POINT('',#3154);
#3154 = CARTESIAN_POINT('',(102.472437,-47.173797,1.585));
#3155 = LINE('',#3156,#3157);
#3156 = CARTESIAN_POINT('',(102.600008,-47.193091,1.585));
#3157 = VECTOR('',#3158,1.);
#3158 = DIRECTION('',(-0.988755578642,0.149540649006,0.));
#3159 = ORIENTED_EDGE('',*,*,#3160,.T.);
#3160 = EDGE_CURVE('',#3153,#3161,#3163,.T.);
#3161 = VERTEX_POINT('',#3162);
#3162 = CARTESIAN_POINT('',(102.379913,-47.120421,1.585));
#3163 = LINE('',#3164,#3165);
#3164 = CARTESIAN_POINT('',(102.472437,-47.173797,1.585));
#3165 = VECTOR('',#3166,1.);
#3166 = DIRECTION('',(-0.866198677838,0.499699760368,0.));
#3167 = ORIENTED_EDGE('',*,*,#3168,.T.);
#3168 = EDGE_CURVE('',#3161,#3169,#3171,.T.);
#3169 = VERTEX_POINT('',#3170);
#3170 = CARTESIAN_POINT('',(102.313371,-47.031565,1.585));
#3171 = LINE('',#3172,#3173);
#3172 = CARTESIAN_POINT('',(102.379913,-47.120421,1.585));
#3173 = VECTOR('',#3174,1.);
#3174 = DIRECTION('',(-0.599423319709,0.800432185628,0.));
#3175 = ORIENTED_EDGE('',*,*,#3176,.T.);
#3176 = EDGE_CURVE('',#3169,#3177,#3179,.T.);
#3177 = VERTEX_POINT('',#3178);
#3178 = CARTESIAN_POINT('',(102.272112,-46.895725,1.585));
#3179 = LINE('',#3180,#3181);
#3180 = CARTESIAN_POINT('',(102.313371,-47.031565,1.585));
#3181 = VECTOR('',#3182,1.);
#3182 = DIRECTION('',(-0.290622568137,0.956837772504,0.));
#3183 = ORIENTED_EDGE('',*,*,#3184,.T.);
#3184 = EDGE_CURVE('',#3177,#3185,#3187,.T.);
#3185 = VERTEX_POINT('',#3186);
#3186 = CARTESIAN_POINT('',(102.149075,-45.836322,1.585));
#3187 = LINE('',#3188,#3189);
#3188 = CARTESIAN_POINT('',(102.272112,-46.895725,1.585));
#3189 = VECTOR('',#3190,1.);
#3190 = DIRECTION('',(-0.115362648832,0.99332344141,0.));
#3191 = ORIENTED_EDGE('',*,*,#3192,.T.);
#3192 = EDGE_CURVE('',#3185,#3193,#3195,.T.);
#3193 = VERTEX_POINT('',#3194);
#3194 = CARTESIAN_POINT('',(102.03306,-44.776919,1.585));
#3195 = LINE('',#3196,#3197);
#3196 = CARTESIAN_POINT('',(102.149075,-45.836322,1.585));
#3197 = VECTOR('',#3198,1.);
#3198 = DIRECTION('',(-0.108858995293,0.994057201143,0.));
#3199 = ORIENTED_EDGE('',*,*,#3200,.T.);
#3200 = EDGE_CURVE('',#3193,#3201,#3203,.T.);
#3201 = VERTEX_POINT('',#3202);
#3202 = CARTESIAN_POINT('',(101.986939,-44.543966,1.585));
#3203 = LINE('',#3204,#3205);
#3204 = CARTESIAN_POINT('',(102.03306,-44.776919,1.585));
#3205 = VECTOR('',#3206,1.);
#3206 = DIRECTION('',(-0.194214349545,0.980959115576,0.));
#3207 = ORIENTED_EDGE('',*,*,#3208,.T.);
#3208 = EDGE_CURVE('',#3201,#3209,#3211,.T.);
#3209 = VERTEX_POINT('',#3210);
#3210 = CARTESIAN_POINT('',(101.916739,-44.315605,1.585));
#3211 = LINE('',#3212,#3213);
#3212 = CARTESIAN_POINT('',(101.986939,-44.543966,1.585));
#3213 = VECTOR('',#3214,1.);
#3214 = DIRECTION('',(-0.293837591743,0.955855360229,0.));
#3215 = ORIENTED_EDGE('',*,*,#3216,.T.);
#3216 = EDGE_CURVE('',#3209,#3217,#3219,.T.);
#3217 = VERTEX_POINT('',#3218);
#3218 = CARTESIAN_POINT('',(101.822057,-44.120938,1.585));
#3219 = LINE('',#3220,#3221);
#3220 = CARTESIAN_POINT('',(101.916739,-44.315605,1.585));
#3221 = VECTOR('',#3222,1.);
#3222 = DIRECTION('',(-0.437387777047,0.899273002202,0.));
#3223 = ORIENTED_EDGE('',*,*,#3224,.T.);
#3224 = EDGE_CURVE('',#3217,#3225,#3227,.T.);
#3225 = VERTEX_POINT('',#3226);
#3226 = CARTESIAN_POINT('',(101.739516,-44.032561,1.585));
#3227 = LINE('',#3228,#3229);
#3228 = CARTESIAN_POINT('',(101.822057,-44.120938,1.585));
#3229 = VECTOR('',#3230,1.);
#3230 = DIRECTION('',(-0.682564820467,0.730825058315,0.));
#3231 = ORIENTED_EDGE('',*,*,#3232,.T.);
#3232 = EDGE_CURVE('',#3225,#3233,#3235,.T.);
#3233 = VERTEX_POINT('',#3234);
#3234 = CARTESIAN_POINT('',(101.664253,-44.008164,1.585));
#3235 = LINE('',#3236,#3237);
#3236 = CARTESIAN_POINT('',(101.739516,-44.032561,1.585));
#3237 = VECTOR('',#3238,1.);
#3238 = DIRECTION('',(-0.951269622595,0.308360349474,0.));
#3239 = ORIENTED_EDGE('',*,*,#3240,.T.);
#3240 = EDGE_CURVE('',#3233,#3241,#3243,.T.);
#3241 = VERTEX_POINT('',#3242);
#3242 = CARTESIAN_POINT('',(101.517414,-44.046732,1.585));
#3243 = LINE('',#3244,#3245);
#3244 = CARTESIAN_POINT('',(101.664253,-44.008164,1.585));
#3245 = VECTOR('',#3246,1.);
#3246 = DIRECTION('',(-0.96719413537,-0.254038391796,0.));
#3247 = ORIENTED_EDGE('',*,*,#3248,.T.);
#3248 = EDGE_CURVE('',#3241,#3249,#3251,.T.);
#3249 = VERTEX_POINT('',#3250);
#3250 = CARTESIAN_POINT('',(101.192864,-44.221877,1.585));
#3251 = LINE('',#3252,#3253);
#3252 = CARTESIAN_POINT('',(101.517414,-44.046732,1.585));
#3253 = VECTOR('',#3254,1.);
#3254 = DIRECTION('',(-0.880032336137,-0.474913768334,0.));
#3255 = ORIENTED_EDGE('',*,*,#3256,.T.);
#3256 = EDGE_CURVE('',#3249,#3257,#3259,.T.);
#3257 = VERTEX_POINT('',#3258);
#3258 = CARTESIAN_POINT('',(100.897724,-44.416822,1.585));
#3259 = LINE('',#3260,#3261);
#3260 = CARTESIAN_POINT('',(101.192864,-44.221877,1.585));
#3261 = VECTOR('',#3262,1.);
#3262 = DIRECTION('',(-0.834411009414,-0.551142692384,0.));
#3263 = ORIENTED_EDGE('',*,*,#3264,.T.);
#3264 = EDGE_CURVE('',#3257,#3265,#3267,.T.);
#3265 = VERTEX_POINT('',#3266);
#3266 = CARTESIAN_POINT('',(100.762386,-44.537561,1.585));
#3267 = LINE('',#3268,#3269);
#3268 = CARTESIAN_POINT('',(100.897724,-44.416822,1.585));
#3269 = VECTOR('',#3270,1.);
#3270 = DIRECTION('',(-0.746207413546,-0.665713523949,0.));
#3271 = ORIENTED_EDGE('',*,*,#3272,.T.);
#3272 = EDGE_CURVE('',#3265,#3273,#3275,.T.);
#3273 = VERTEX_POINT('',#3274);
#3274 = CARTESIAN_POINT('',(100.779483,-45.175645,1.585));
#3275 = LINE('',#3276,#3277);
#3276 = CARTESIAN_POINT('',(100.762386,-44.537561,1.585));
#3277 = VECTOR('',#3278,1.);
#3278 = DIRECTION('',(2.678466479269E-02,-0.999641226507,0.));
#3279 = ORIENTED_EDGE('',*,*,#3280,.T.);
#3280 = EDGE_CURVE('',#3273,#3281,#3283,.T.);
#3281 = VERTEX_POINT('',#3282);
#3282 = CARTESIAN_POINT('',(100.88176,-46.081786,1.585));
#3283 = LINE('',#3284,#3285);
#3284 = CARTESIAN_POINT('',(100.779483,-45.175645,1.585));
#3285 = VECTOR('',#3286,1.);
#3286 = DIRECTION('',(0.112158772946,-0.99369029866,0.));
#3287 = ORIENTED_EDGE('',*,*,#3288,.T.);
#3288 = EDGE_CURVE('',#3281,#3289,#3291,.T.);
#3289 = VERTEX_POINT('',#3290);
#3290 = CARTESIAN_POINT('',(100.932257,-46.595278,1.585));
#3291 = LINE('',#3292,#3293);
#3292 = CARTESIAN_POINT('',(100.88176,-46.081786,1.585));
#3293 = VECTOR('',#3294,1.);
#3294 = DIRECTION('',(9.786828791049E-02,-0.995199376116,0.));
#3295 = ORIENTED_EDGE('',*,*,#3296,.T.);
#3296 = EDGE_CURVE('',#3289,#3297,#3299,.T.);
#3297 = VERTEX_POINT('',#3298);
#3298 = CARTESIAN_POINT('',(100.946789,-46.967472,1.585));
#3299 = LINE('',#3300,#3301);
#3300 = CARTESIAN_POINT('',(100.932257,-46.595278,1.585));
#3301 = VECTOR('',#3302,1.);
#3302 = DIRECTION('',(3.90144280231E-02,-0.999238647374,0.));
#3303 = ORIENTED_EDGE('',*,*,#3304,.T.);
#3304 = EDGE_CURVE('',#3297,#3305,#3307,.T.);
#3305 = VERTEX_POINT('',#3306);
#3306 = CARTESIAN_POINT('',(100.922664,-47.105239,1.585));
#3307 = LINE('',#3308,#3309);
#3308 = CARTESIAN_POINT('',(100.946789,-46.967472,1.585));
#3309 = VECTOR('',#3310,1.);
#3310 = DIRECTION('',(-0.172489767822,-0.985011309578,0.));
#3311 = ORIENTED_EDGE('',*,*,#3312,.T.);
#3312 = EDGE_CURVE('',#3305,#3313,#3315,.T.);
#3313 = VERTEX_POINT('',#3314);
#3314 = CARTESIAN_POINT('',(100.612177,-47.310327,1.585));
#3315 = CIRCLE('',#3316,0.32240645402);
#3316 = AXIS2_PLACEMENT_3D('',#3317,#3318,#3319);
#3317 = CARTESIAN_POINT('',(100.62229828578,-46.98807945358,1.585));
#3318 = DIRECTION('',(0.,0.,-1.));
#3319 = DIRECTION('',(0.931636790995,-0.363390822207,0.));
#3320 = ORIENTED_EDGE('',*,*,#3321,.T.);
#3321 = EDGE_CURVE('',#3313,#3322,#3324,.T.);
#3322 = VERTEX_POINT('',#3323);
#3323 = CARTESIAN_POINT('',(100.477236,-47.285531,1.585));
#3324 = LINE('',#3325,#3326);
#3325 = CARTESIAN_POINT('',(100.612177,-47.310327,1.585));
#3326 = VECTOR('',#3327,1.);
#3327 = DIRECTION('',(-0.983533023541,0.180728502469,0.));
#3328 = ORIENTED_EDGE('',*,*,#3329,.T.);
#3329 = EDGE_CURVE('',#3322,#3330,#3332,.T.);
#3330 = VERTEX_POINT('',#3331);
#3331 = CARTESIAN_POINT('',(100.371292,-47.213241,1.585));
#3332 = LINE('',#3333,#3334);
#3333 = CARTESIAN_POINT('',(100.477236,-47.285531,1.585));
#3334 = VECTOR('',#3335,1.);
#3335 = DIRECTION('',(-0.826026046417,0.56363194608,0.));
#3336 = ORIENTED_EDGE('',*,*,#3337,.T.);
#3337 = EDGE_CURVE('',#3330,#3338,#3340,.T.);
#3338 = VERTEX_POINT('',#3339);
#3339 = CARTESIAN_POINT('',(100.301635,-47.104621,1.585));
#3340 = LINE('',#3341,#3342);
#3341 = CARTESIAN_POINT('',(100.371292,-47.213241,1.585));
#3342 = VECTOR('',#3343,1.);
#3343 = DIRECTION('',(-0.539824267246,0.841777738178,0.));
#3344 = ORIENTED_EDGE('',*,*,#3345,.T.);
#3345 = EDGE_CURVE('',#3338,#3346,#3348,.T.);
#3346 = VERTEX_POINT('',#3347);
#3347 = CARTESIAN_POINT('',(100.277564,-46.96625,1.585));
#3348 = LINE('',#3349,#3350);
#3349 = CARTESIAN_POINT('',(100.301635,-47.104621,1.585));
#3350 = VECTOR('',#3351,1.);
#3351 = DIRECTION('',(-0.171385945768,0.985203967508,0.));
#3352 = ORIENTED_EDGE('',*,*,#3353,.T.);
#3353 = EDGE_CURVE('',#3346,#3354,#3356,.T.);
#3354 = VERTEX_POINT('',#3355);
#3355 = CARTESIAN_POINT('',(100.259945,-46.505116,1.585));
#3356 = LINE('',#3357,#3358);
#3357 = CARTESIAN_POINT('',(100.277564,-46.96625,1.585));
#3358 = VECTOR('',#3359,1.);
#3359 = DIRECTION('',(-3.818012446604E-02,0.999270873235,0.));
#3360 = ORIENTED_EDGE('',*,*,#3361,.T.);
#3361 = EDGE_CURVE('',#3354,#3362,#3364,.T.);
#3362 = VERTEX_POINT('',#3363);
#3363 = CARTESIAN_POINT('',(100.127877,-44.992284,1.585));
#3364 = LINE('',#3365,#3366);
#3365 = CARTESIAN_POINT('',(100.259945,-46.505116,1.585));
#3366 = VECTOR('',#3367,1.);
#3367 = DIRECTION('',(-8.696776050432E-02,0.996211126535,0.));
#3368 = ORIENTED_EDGE('',*,*,#3369,.T.);
#3369 = EDGE_CURVE('',#3362,#3370,#3372,.T.);
#3370 = VERTEX_POINT('',#3371);
#3371 = CARTESIAN_POINT('',(100.110258,-44.531149,1.585));
#3372 = LINE('',#3373,#3374);
#3373 = CARTESIAN_POINT('',(100.127877,-44.992284,1.585));
#3374 = VECTOR('',#3375,1.);
#3375 = DIRECTION('',(-3.818004179075E-02,0.999270876394,0.));
#3376 = ORIENTED_EDGE('',*,*,#3377,.T.);
#3377 = EDGE_CURVE('',#3370,#3378,#3380,.T.);
#3378 = VERTEX_POINT('',#3379);
#3379 = CARTESIAN_POINT('',(100.08131,-44.192658,1.585));
#3380 = LINE('',#3381,#3382);
#3381 = CARTESIAN_POINT('',(100.110258,-44.531149,1.585));
#3382 = VECTOR('',#3383,1.);
#3383 = DIRECTION('',(-8.520970209009E-02,0.996363039594,0.));
#3384 = ORIENTED_EDGE('',*,*,#3385,.T.);
#3385 = EDGE_CURVE('',#3378,#3386,#3388,.T.);
#3386 = VERTEX_POINT('',#3387);
#3387 = CARTESIAN_POINT('',(100.007676,-43.969085,1.585));
#3388 = LINE('',#3389,#3390);
#3389 = CARTESIAN_POINT('',(100.08131,-44.192658,1.585));
#3390 = VECTOR('',#3391,1.);
#3391 = DIRECTION('',(-0.312821543161,0.949811919347,0.));
#3392 = ORIENTED_EDGE('',*,*,#3393,.T.);
#3393 = EDGE_CURVE('',#3386,#3394,#3396,.T.);
#3394 = VERTEX_POINT('',#3395);
#3395 = CARTESIAN_POINT('',(99.775756,-44.106457,1.585));
#3396 = LINE('',#3397,#3398);
#3397 = CARTESIAN_POINT('',(100.007676,-43.969085,1.585));
#3398 = VECTOR('',#3399,1.);
#3399 = DIRECTION('',(-0.860392515545,-0.509631944832,0.));
#3400 = ORIENTED_EDGE('',*,*,#3401,.T.);
#3401 = EDGE_CURVE('',#3394,#3402,#3404,.T.);
#3402 = VERTEX_POINT('',#3403);
#3403 = CARTESIAN_POINT('',(99.522854,-44.325069,1.585));
#3404 = LINE('',#3405,#3406);
#3405 = CARTESIAN_POINT('',(99.775756,-44.106457,1.585));
#3406 = VECTOR('',#3407,1.);
#3407 = DIRECTION('',(-0.756531955936,-0.653956726128,0.));
#3408 = ORIENTED_EDGE('',*,*,#3409,.T.);
#3409 = EDGE_CURVE('',#3402,#3410,#3412,.T.);
#3410 = VERTEX_POINT('',#3411);
#3411 = CARTESIAN_POINT('',(99.119853,-44.776613,1.585));
#3412 = LINE('',#3413,#3414);
#3413 = CARTESIAN_POINT('',(99.522854,-44.325069,1.585));
#3414 = VECTOR('',#3415,1.);
#3415 = DIRECTION('',(-0.665865637487,-0.746071680748,0.));
#3416 = ORIENTED_EDGE('',*,*,#3417,.T.);
#3417 = EDGE_CURVE('',#3410,#3418,#3420,.T.);
#3418 = VERTEX_POINT('',#3419);
#3419 = CARTESIAN_POINT('',(98.945525,-44.992158,1.585));
#3420 = LINE('',#3421,#3422);
#3421 = CARTESIAN_POINT('',(99.119853,-44.776613,1.585));
#3422 = VECTOR('',#3423,1.);
#3423 = DIRECTION('',(-0.628847731031,-0.77752847612,0.));
#3424 = ORIENTED_EDGE('',*,*,#3425,.T.);
#3425 = EDGE_CURVE('',#3418,#3426,#3428,.T.);
#3426 = VERTEX_POINT('',#3427);
#3427 = CARTESIAN_POINT('',(98.87042,-46.189558,1.585));
#3428 = LINE('',#3429,#3430);
#3429 = CARTESIAN_POINT('',(98.945525,-44.992158,1.585));
#3430 = VECTOR('',#3431,1.);
#3431 = DIRECTION('',(-6.260037959187E-02,-0.998038672835,0.));
#3432 = ORIENTED_EDGE('',*,*,#3433,.T.);
#3433 = EDGE_CURVE('',#3426,#3434,#3436,.T.);
#3434 = VERTEX_POINT('',#3435);
#3435 = CARTESIAN_POINT('',(98.935144,-46.743989,1.585));
#3436 = LINE('',#3437,#3438);
#3437 = CARTESIAN_POINT('',(98.87042,-46.189558,1.585));
#3438 = VECTOR('',#3439,1.);
#3439 = DIRECTION('',(0.115952073908,-0.993254809481,0.));
#3440 = ORIENTED_EDGE('',*,*,#3441,.T.);
#3441 = EDGE_CURVE('',#3434,#3442,#3444,.T.);
#3442 = VERTEX_POINT('',#3443);
#3443 = CARTESIAN_POINT('',(98.909184,-46.872905,1.585));
#3444 = LINE('',#3445,#3446);
#3445 = CARTESIAN_POINT('',(98.935144,-46.743989,1.585));
#3446 = VECTOR('',#3447,1.);
#3447 = DIRECTION('',(-0.197408702749,-0.980321275949,0.));
#3448 = ORIENTED_EDGE('',*,*,#3449,.T.);
#3449 = EDGE_CURVE('',#3442,#3450,#3452,.T.);
#3450 = VERTEX_POINT('',#3451);
#3451 = CARTESIAN_POINT('',(98.831036,-46.979989,1.585));
#3452 = LINE('',#3453,#3454);
#3453 = CARTESIAN_POINT('',(98.909184,-46.872905,1.585));
#3454 = VECTOR('',#3455,1.);
#3455 = DIRECTION('',(-0.589496740603,-0.807770755115,0.));
#3456 = ORIENTED_EDGE('',*,*,#3457,.T.);
#3457 = EDGE_CURVE('',#3450,#3458,#3460,.T.);
#3458 = VERTEX_POINT('',#3459);
#3459 = CARTESIAN_POINT('',(98.717767,-47.051948,1.585));
#3460 = LINE('',#3461,#3462);
#3461 = CARTESIAN_POINT('',(98.831036,-46.979989,1.585));
#3462 = VECTOR('',#3463,1.);
#3463 = DIRECTION('',(-0.844070571642,-0.536232104678,0.));
#3464 = ORIENTED_EDGE('',*,*,#3465,.T.);
#3465 = EDGE_CURVE('',#3458,#3466,#3468,.T.);
#3466 = VERTEX_POINT('',#3467);
#3467 = CARTESIAN_POINT('',(98.586793,-47.075854,1.585));
#3468 = LINE('',#3469,#3470);
#3469 = CARTESIAN_POINT('',(98.717767,-47.051948,1.585));
#3470 = VECTOR('',#3471,1.);
#3471 = DIRECTION('',(-0.983747340644,-0.179558262903,0.));
#3472 = ORIENTED_EDGE('',*,*,#3473,.T.);
#3473 = EDGE_CURVE('',#3466,#3474,#3476,.T.);
#3474 = VERTEX_POINT('',#3475);
#3475 = CARTESIAN_POINT('',(98.466434,-47.050337,1.585));
#3476 = LINE('',#3477,#3478);
#3477 = CARTESIAN_POINT('',(98.586793,-47.075854,1.585));
#3478 = VECTOR('',#3479,1.);
#3479 = DIRECTION('',(-0.978256717222,0.20739767407,0.));
#3480 = ORIENTED_EDGE('',*,*,#3481,.T.);
#3481 = EDGE_CURVE('',#3474,#3482,#3484,.T.);
#3482 = VERTEX_POINT('',#3483);
#3483 = CARTESIAN_POINT('',(98.367808,-46.97296,1.585));
#3484 = LINE('',#3485,#3486);
#3485 = CARTESIAN_POINT('',(98.466434,-47.050337,1.585));
#3486 = VECTOR('',#3487,1.);
#3487 = DIRECTION('',(-0.786763249629,0.617254881741,0.));
#3488 = ORIENTED_EDGE('',*,*,#3489,.T.);
#3489 = EDGE_CURVE('',#3482,#3490,#3492,.T.);
#3490 = VERTEX_POINT('',#3491);
#3491 = CARTESIAN_POINT('',(98.285611,-46.827861,1.585));
#3492 = LINE('',#3493,#3494);
#3493 = CARTESIAN_POINT('',(98.367808,-46.97296,1.585));
#3494 = VECTOR('',#3495,1.);
#3495 = DIRECTION('',(-0.492895612772,0.870088452348,0.));
#3496 = ORIENTED_EDGE('',*,*,#3497,.T.);
#3497 = EDGE_CURVE('',#3490,#3498,#3500,.T.);
#3498 = VERTEX_POINT('',#3499);
#3499 = CARTESIAN_POINT('',(98.225255,-46.583632,1.585));
#3500 = LINE('',#3501,#3502);
#3501 = CARTESIAN_POINT('',(98.285611,-46.827861,1.585));
#3502 = VECTOR('',#3503,1.);
#3503 = DIRECTION('',(-0.239911280013,0.970794817519,0.));
#3504 = ORIENTED_EDGE('',*,*,#3505,.T.);
#3505 = EDGE_CURVE('',#3498,#3506,#3508,.T.);
#3506 = VERTEX_POINT('',#3507);
#3507 = CARTESIAN_POINT('',(98.200889,-46.197801,1.585));
#3508 = LINE('',#3509,#3510);
#3509 = CARTESIAN_POINT('',(98.225255,-46.583632,1.585));
#3510 = VECTOR('',#3511,1.);
#3511 = DIRECTION('',(-6.302644658296E-02,0.99801185716,0.));
#3512 = ORIENTED_EDGE('',*,*,#3513,.T.);
#3513 = EDGE_CURVE('',#3506,#3514,#3516,.T.);
#3514 = VERTEX_POINT('',#3515);
#3515 = CARTESIAN_POINT('',(98.275994,-44.974755,1.585));
#3516 = LINE('',#3517,#3518);
#3517 = CARTESIAN_POINT('',(98.200889,-46.197801,1.585));
#3518 = VECTOR('',#3519,1.);
#3519 = DIRECTION('',(6.129269889215E-02,0.998119835021,0.));
#3520 = ORIENTED_EDGE('',*,*,#3521,.T.);
#3521 = EDGE_CURVE('',#3514,#3522,#3524,.T.);
#3522 = VERTEX_POINT('',#3523);
#3523 = CARTESIAN_POINT('',(98.210964,-43.884822,1.585));
#3524 = LINE('',#3525,#3526);
#3525 = CARTESIAN_POINT('',(98.275994,-44.974755,1.585));
#3526 = VECTOR('',#3527,1.);
#3527 = DIRECTION('',(-5.955830367995E-02,0.998224828615,0.));
#3528 = ORIENTED_EDGE('',*,*,#3529,.T.);
#3529 = EDGE_CURVE('',#3522,#3530,#3532,.T.);
#3530 = VERTEX_POINT('',#3531);
#3531 = CARTESIAN_POINT('',(98.232788,-43.545206,1.585));
#3532 = LINE('',#3533,#3534);
#3533 = CARTESIAN_POINT('',(98.210964,-43.884822,1.585));
#3534 = VECTOR('',#3535,1.);
#3535 = DIRECTION('',(6.41285407579E-02,0.997941646721,0.));
#3536 = ORIENTED_EDGE('',*,*,#3537,.T.);
#3537 = EDGE_CURVE('',#3530,#3538,#3540,.T.);
#3538 = VERTEX_POINT('',#3539);
#3539 = CARTESIAN_POINT('',(98.286932,-43.329663,1.585));
#3540 = LINE('',#3541,#3542);
#3541 = CARTESIAN_POINT('',(98.232788,-43.545206,1.585));
#3542 = VECTOR('',#3543,1.);
#3543 = DIRECTION('',(0.243629151008,0.969868463648,0.));
#3544 = ORIENTED_EDGE('',*,*,#3545,.T.);
#3545 = EDGE_CURVE('',#3538,#2901,#3546,.T.);
#3546 = LINE('',#3547,#3548);
#3547 = CARTESIAN_POINT('',(98.286932,-43.329663,1.585));
#3548 = VECTOR('',#3549,1.);
#3549 = DIRECTION('',(0.498640972903,0.866808617944,0.));
#3550 = PLANE('',#3551);
#3551 = AXIS2_PLACEMENT_3D('',#3552,#3553,#3554);
#3552 = CARTESIAN_POINT('',(0.,0.,1.585));
#3553 = DIRECTION('',(0.,0.,1.));
#3554 = DIRECTION('',(1.,0.,-0.));
#3555 = SHELL_BASED_SURFACE_MODEL('',(#3556));
#3556 = OPEN_SHELL('',(#3557));
#3557 = ADVANCED_FACE('',(#3558),#4211,.T.);
#3558 = FACE_BOUND('',#3559,.F.);
#3559 = EDGE_LOOP('',(#3560,#3570,#3578,#3586,#3594,#3602,#3610,#3618,
    #3626,#3634,#3642,#3650,#3658,#3667,#3675,#3683,#3691,#3699,#3707,
    #3715,#3723,#3731,#3739,#3747,#3756,#3764,#3772,#3780,#3788,#3796,
    #3804,#3812,#3820,#3828,#3836,#3844,#3852,#3860,#3868,#3876,#3884,
    #3892,#3900,#3908,#3916,#3924,#3932,#3940,#3948,#3956,#3964,#3972,
    #3981,#3989,#3997,#4005,#4013,#4021,#4029,#4037,#4045,#4053,#4061,
    #4069,#4077,#4085,#4093,#4101,#4109,#4117,#4125,#4133,#4141,#4149,
    #4157,#4165,#4173,#4181,#4189,#4197,#4205));
#3560 = ORIENTED_EDGE('',*,*,#3561,.T.);
#3561 = EDGE_CURVE('',#3562,#3564,#3566,.T.);
#3562 = VERTEX_POINT('',#3563);
#3563 = CARTESIAN_POINT('',(103.797741,-43.20109,1.585));
#3564 = VERTEX_POINT('',#3565);
#3565 = CARTESIAN_POINT('',(103.886896,-43.132171,1.585));
#3566 = LINE('',#3567,#3568);
#3567 = CARTESIAN_POINT('',(103.797741,-43.20109,1.585));
#3568 = VECTOR('',#3569,1.);
#3569 = DIRECTION('',(0.791171208525,0.611594734118,0.));
#3570 = ORIENTED_EDGE('',*,*,#3571,.T.);
#3571 = EDGE_CURVE('',#3564,#3572,#3574,.T.);
#3572 = VERTEX_POINT('',#3573);
#3573 = CARTESIAN_POINT('',(103.996161,-43.109351,1.585));
#3574 = LINE('',#3575,#3576);
#3575 = CARTESIAN_POINT('',(103.886896,-43.132171,1.585));
#3576 = VECTOR('',#3577,1.);
#3577 = DIRECTION('',(0.978879308666,0.204438986169,0.));
#3578 = ORIENTED_EDGE('',*,*,#3579,.T.);
#3579 = EDGE_CURVE('',#3572,#3580,#3582,.T.);
#3580 = VERTEX_POINT('',#3581);
#3581 = CARTESIAN_POINT('',(104.120957,-43.136448,1.585));
#3582 = LINE('',#3583,#3584);
#3583 = CARTESIAN_POINT('',(103.996161,-43.109351,1.585));
#3584 = VECTOR('',#3585,1.);
#3585 = DIRECTION('',(0.977229267968,-0.212186139573,0.));
#3586 = ORIENTED_EDGE('',*,*,#3587,.T.);
#3587 = EDGE_CURVE('',#3580,#3588,#3590,.T.);
#3588 = VERTEX_POINT('',#3589);
#3589 = CARTESIAN_POINT('',(104.240404,-43.222923,1.585));
#3590 = LINE('',#3591,#3592);
#3591 = CARTESIAN_POINT('',(104.120957,-43.136448,1.585));
#3592 = VECTOR('',#3593,1.);
#3593 = DIRECTION('',(0.810010098719,-0.586415927455,0.));
#3594 = ORIENTED_EDGE('',*,*,#3595,.T.);
#3595 = EDGE_CURVE('',#3588,#3596,#3598,.T.);
#3596 = VERTEX_POINT('',#3597);
#3597 = CARTESIAN_POINT('',(104.324836,-43.344687,1.585));
#3598 = LINE('',#3599,#3600);
#3599 = CARTESIAN_POINT('',(104.240404,-43.222923,1.585));
#3600 = VECTOR('',#3601,1.);
#3601 = DIRECTION('',(0.569820459459,-0.821769215767,0.));
#3602 = ORIENTED_EDGE('',*,*,#3603,.T.);
#3603 = EDGE_CURVE('',#3596,#3604,#3606,.T.);
#3604 = VERTEX_POINT('',#3605);
#3605 = CARTESIAN_POINT('',(104.351535,-43.472967,1.585));
#3606 = LINE('',#3607,#3608);
#3607 = CARTESIAN_POINT('',(104.324836,-43.344687,1.585));
#3608 = VECTOR('',#3609,1.);
#3609 = DIRECTION('',(0.20376407502,-0.979020021108,0.));
#3610 = ORIENTED_EDGE('',*,*,#3611,.T.);
#3611 = EDGE_CURVE('',#3604,#3612,#3614,.T.);
#3612 = VERTEX_POINT('',#3613);
#3613 = CARTESIAN_POINT('',(104.317341,-43.88299,1.585));
#3614 = LINE('',#3615,#3616);
#3615 = CARTESIAN_POINT('',(104.351535,-43.472967,1.585));
#3616 = VECTOR('',#3617,1.);
#3617 = DIRECTION('',(-8.310682762173E-02,-0.996540644029,0.));
#3618 = ORIENTED_EDGE('',*,*,#3619,.T.);
#3619 = EDGE_CURVE('',#3612,#3620,#3622,.T.);
#3620 = VERTEX_POINT('',#3621);
#3621 = CARTESIAN_POINT('',(104.324057,-44.241416,1.585));
#3622 = LINE('',#3623,#3624);
#3623 = CARTESIAN_POINT('',(104.317341,-43.88299,1.585));
#3624 = VECTOR('',#3625,1.);
#3625 = DIRECTION('',(1.873419154731E-02,-0.999824499633,0.));
#3626 = ORIENTED_EDGE('',*,*,#3627,.T.);
#3627 = EDGE_CURVE('',#3620,#3628,#3630,.T.);
#3628 = VERTEX_POINT('',#3629);
#3629 = CARTESIAN_POINT('',(104.458517,-44.009388,1.585));
#3630 = LINE('',#3631,#3632);
#3631 = CARTESIAN_POINT('',(104.324057,-44.241416,1.585));
#3632 = VECTOR('',#3633,1.);
#3633 = DIRECTION('',(0.50139371122,0.86521924756,0.));
#3634 = ORIENTED_EDGE('',*,*,#3635,.T.);
#3635 = EDGE_CURVE('',#3628,#3636,#3638,.T.);
#3636 = VERTEX_POINT('',#3637);
#3637 = CARTESIAN_POINT('',(104.63153,-43.789559,1.585));
#3638 = LINE('',#3639,#3640);
#3639 = CARTESIAN_POINT('',(104.458517,-44.009388,1.585));
#3640 = VECTOR('',#3641,1.);
#3641 = DIRECTION('',(0.618462778082,0.785814095144,0.));
#3642 = ORIENTED_EDGE('',*,*,#3643,.T.);
#3643 = EDGE_CURVE('',#3636,#3644,#3646,.T.);
#3644 = VERTEX_POINT('',#3645);
#3645 = CARTESIAN_POINT('',(104.846737,-43.580739,1.585));
#3646 = LINE('',#3647,#3648);
#3647 = CARTESIAN_POINT('',(104.63153,-43.789559,1.585));
#3648 = VECTOR('',#3649,1.);
#3649 = DIRECTION('',(0.717676322115,0.696376835252,0.));
#3650 = ORIENTED_EDGE('',*,*,#3651,.T.);
#3651 = EDGE_CURVE('',#3644,#3652,#3654,.T.);
#3652 = VERTEX_POINT('',#3653);
#3653 = CARTESIAN_POINT('',(105.089529,-43.40157,1.585));
#3654 = LINE('',#3655,#3656);
#3655 = CARTESIAN_POINT('',(104.846737,-43.580739,1.585));
#3656 = VECTOR('',#3657,1.);
#3657 = DIRECTION('',(0.804628893862,0.593778025159,0.));
#3658 = ORIENTED_EDGE('',*,*,#3659,.T.);
#3659 = EDGE_CURVE('',#3652,#3660,#3662,.T.);
#3660 = VERTEX_POINT('',#3661);
#3661 = CARTESIAN_POINT('',(105.683778,-43.319513,1.585));
#3662 = CIRCLE('',#3663,0.674456590874);
#3663 = AXIS2_PLACEMENT_3D('',#3664,#3665,#3666);
#3664 = CARTESIAN_POINT('',(105.46928539884,-43.9589538628,1.585));
#3665 = DIRECTION('',(0.,0.,-1.));
#3666 = DIRECTION('',(-0.563055360389,0.826419180039,0.));
#3667 = ORIENTED_EDGE('',*,*,#3668,.T.);
#3668 = EDGE_CURVE('',#3660,#3669,#3671,.T.);
#3669 = VERTEX_POINT('',#3670);
#3670 = CARTESIAN_POINT('',(105.883196,-43.416987,1.585));
#3671 = LINE('',#3672,#3673);
#3672 = CARTESIAN_POINT('',(105.683778,-43.319513,1.585));
#3673 = VECTOR('',#3674,1.);
#3674 = DIRECTION('',(0.898418568289,-0.439140155479,0.));
#3675 = ORIENTED_EDGE('',*,*,#3676,.T.);
#3676 = EDGE_CURVE('',#3669,#3677,#3679,.T.);
#3677 = VERTEX_POINT('',#3678);
#3678 = CARTESIAN_POINT('',(106.044726,-43.579737,1.585));
#3679 = LINE('',#3680,#3681);
#3680 = CARTESIAN_POINT('',(105.883196,-43.416987,1.585));
#3681 = VECTOR('',#3682,1.);
#3682 = DIRECTION('',(0.704441532292,-0.709762021795,0.));
#3683 = ORIENTED_EDGE('',*,*,#3684,.T.);
#3684 = EDGE_CURVE('',#3677,#3685,#3687,.T.);
#3685 = VERTEX_POINT('',#3686);
#3686 = CARTESIAN_POINT('',(106.17206,-43.822845,1.585));
#3687 = LINE('',#3688,#3689);
#3688 = CARTESIAN_POINT('',(106.044726,-43.579737,1.585));
#3689 = VECTOR('',#3690,1.);
#3690 = DIRECTION('',(0.463983303133,-0.885843944729,0.));
#3691 = ORIENTED_EDGE('',*,*,#3692,.T.);
#3692 = EDGE_CURVE('',#3685,#3693,#3695,.T.);
#3693 = VERTEX_POINT('',#3694);
#3694 = CARTESIAN_POINT('',(106.379994,-43.602764,1.585));
#3695 = LINE('',#3696,#3697);
#3696 = CARTESIAN_POINT('',(106.17206,-43.822845,1.585));
#3697 = VECTOR('',#3698,1.);
#3698 = DIRECTION('',(0.68676269022,0.726881701051,0.));
#3699 = ORIENTED_EDGE('',*,*,#3700,.T.);
#3700 = EDGE_CURVE('',#3693,#3701,#3703,.T.);
#3701 = VERTEX_POINT('',#3702);
#3702 = CARTESIAN_POINT('',(106.61933,-43.448848,1.585));
#3703 = LINE('',#3704,#3705);
#3704 = CARTESIAN_POINT('',(106.379994,-43.602764,1.585));
#3705 = VECTOR('',#3706,1.);
#3706 = DIRECTION('',(0.841087118186,0.540899676115,0.));
#3707 = ORIENTED_EDGE('',*,*,#3708,.T.);
#3708 = EDGE_CURVE('',#3701,#3709,#3711,.T.);
#3709 = VERTEX_POINT('',#3710);
#3710 = CARTESIAN_POINT('',(106.892318,-43.356595,1.585));
#3711 = LINE('',#3712,#3713);
#3712 = CARTESIAN_POINT('',(106.61933,-43.448848,1.585));
#3713 = VECTOR('',#3714,1.);
#3714 = DIRECTION('',(0.947366501756,0.320151075822,0.));
#3715 = ORIENTED_EDGE('',*,*,#3716,.T.);
#3716 = EDGE_CURVE('',#3709,#3717,#3719,.T.);
#3717 = VERTEX_POINT('',#3718);
#3718 = CARTESIAN_POINT('',(107.213756,-43.324284,1.585));
#3719 = LINE('',#3720,#3721);
#3720 = CARTESIAN_POINT('',(106.892318,-43.356595,1.585));
#3721 = VECTOR('',#3722,1.);
#3722 = DIRECTION('',(0.99498581526,0.100016135855,0.));
#3723 = ORIENTED_EDGE('',*,*,#3724,.T.);
#3724 = EDGE_CURVE('',#3717,#3725,#3727,.T.);
#3725 = VERTEX_POINT('',#3726);
#3726 = CARTESIAN_POINT('',(107.428278,-43.349132,1.585));
#3727 = LINE('',#3728,#3729);
#3728 = CARTESIAN_POINT('',(107.213756,-43.324284,1.585));
#3729 = VECTOR('',#3730,1.);
#3730 = DIRECTION('',(0.993358505488,-0.11506033015,0.));
#3731 = ORIENTED_EDGE('',*,*,#3732,.T.);
#3732 = EDGE_CURVE('',#3725,#3733,#3735,.T.);
#3733 = VERTEX_POINT('',#3734);
#3734 = CARTESIAN_POINT('',(107.607352,-43.420092,1.585));
#3735 = LINE('',#3736,#3737);
#3736 = CARTESIAN_POINT('',(107.428278,-43.349132,1.585));
#3737 = VECTOR('',#3738,1.);
#3738 = DIRECTION('',(0.929670564268,-0.368391967792,0.));
#3739 = ORIENTED_EDGE('',*,*,#3740,.T.);
#3740 = EDGE_CURVE('',#3733,#3741,#3743,.T.);
#3741 = VERTEX_POINT('',#3742);
#3742 = CARTESIAN_POINT('',(107.759071,-43.536969,1.585));
#3743 = LINE('',#3744,#3745);
#3744 = CARTESIAN_POINT('',(107.607352,-43.420092,1.585));
#3745 = VECTOR('',#3746,1.);
#3746 = DIRECTION('',(0.792194623711,-0.610268529554,0.));
#3747 = ORIENTED_EDGE('',*,*,#3748,.T.);
#3748 = EDGE_CURVE('',#3741,#3749,#3751,.T.);
#3749 = VERTEX_POINT('',#3750);
#3750 = CARTESIAN_POINT('',(108.033648,-44.147345,1.585));
#3751 = CIRCLE('',#3752,1.034643392694);
#3752 = AXIS2_PLACEMENT_3D('',#3753,#3754,#3755);
#3753 = CARTESIAN_POINT('',(107.00351082253,-44.24380403611,1.585));
#3754 = DIRECTION('',(0.,0.,-1.));
#3755 = DIRECTION('',(0.730261443509,0.683167786216,0.));
#3756 = ORIENTED_EDGE('',*,*,#3757,.T.);
#3757 = EDGE_CURVE('',#3749,#3758,#3760,.T.);
#3758 = VERTEX_POINT('',#3759);
#3759 = CARTESIAN_POINT('',(108.132719,-44.902704,1.585));
#3760 = LINE('',#3761,#3762);
#3761 = CARTESIAN_POINT('',(108.033648,-44.147345,1.585));
#3762 = VECTOR('',#3763,1.);
#3763 = DIRECTION('',(0.130043746801,-0.99150825711,0.));
#3764 = ORIENTED_EDGE('',*,*,#3765,.T.);
#3765 = EDGE_CURVE('',#3758,#3766,#3768,.T.);
#3766 = VERTEX_POINT('',#3767);
#3767 = CARTESIAN_POINT('',(108.229606,-45.590005,1.585));
#3768 = LINE('',#3769,#3770);
#3769 = CARTESIAN_POINT('',(108.132719,-44.902704,1.585));
#3770 = VECTOR('',#3771,1.);
#3771 = DIRECTION('',(0.139587247166,-0.990209775971,0.));
#3772 = ORIENTED_EDGE('',*,*,#3773,.T.);
#3773 = EDGE_CURVE('',#3766,#3774,#3776,.T.);
#3774 = VERTEX_POINT('',#3775);
#3775 = CARTESIAN_POINT('',(108.378489,-46.864279,1.585));
#3776 = LINE('',#3777,#3778);
#3777 = CARTESIAN_POINT('',(108.229606,-45.590005,1.585));
#3778 = VECTOR('',#3779,1.);
#3779 = DIRECTION('',(0.116048107383,-0.993243593875,0.));
#3780 = ORIENTED_EDGE('',*,*,#3781,.T.);
#3781 = EDGE_CURVE('',#3774,#3782,#3784,.T.);
#3782 = VERTEX_POINT('',#3783);
#3783 = CARTESIAN_POINT('',(108.360757,-46.990731,1.585));
#3784 = LINE('',#3785,#3786);
#3785 = CARTESIAN_POINT('',(108.378489,-46.864279,1.585));
#3786 = VECTOR('',#3787,1.);
#3787 = DIRECTION('',(-0.13886843852,-0.990310838466,0.));
#3788 = ORIENTED_EDGE('',*,*,#3789,.T.);
#3789 = EDGE_CURVE('',#3782,#3790,#3792,.T.);
#3790 = VERTEX_POINT('',#3791);
#3791 = CARTESIAN_POINT('',(108.286287,-47.097226,1.585));
#3792 = LINE('',#3793,#3794);
#3793 = CARTESIAN_POINT('',(108.360757,-46.990731,1.585));
#3794 = VECTOR('',#3795,1.);
#3795 = DIRECTION('',(-0.573067184657,-0.819508390359,0.));
#3796 = ORIENTED_EDGE('',*,*,#3797,.T.);
#3797 = EDGE_CURVE('',#3790,#3798,#3800,.T.);
#3798 = VERTEX_POINT('',#3799);
#3799 = CARTESIAN_POINT('',(108.173355,-47.168848,1.585));
#3800 = LINE('',#3801,#3802);
#3801 = CARTESIAN_POINT('',(108.286287,-47.097226,1.585));
#3802 = VECTOR('',#3803,1.);
#3803 = DIRECTION('',(-0.844486306032,-0.535577145633,0.));
#3804 = ORIENTED_EDGE('',*,*,#3805,.T.);
#3805 = EDGE_CURVE('',#3798,#3806,#3808,.T.);
#3806 = VERTEX_POINT('',#3807);
#3807 = CARTESIAN_POINT('',(108.036854,-47.193091,1.585));
#3808 = LINE('',#3809,#3810);
#3809 = CARTESIAN_POINT('',(108.173355,-47.168848,1.585));
#3810 = VECTOR('',#3811,1.);
#3811 = DIRECTION('',(-0.984592133233,-0.174866609666,0.));
#3812 = ORIENTED_EDGE('',*,*,#3813,.T.);
#3813 = EDGE_CURVE('',#3806,#3814,#3816,.T.);
#3814 = VERTEX_POINT('',#3815);
#3815 = CARTESIAN_POINT('',(107.909283,-47.173797,1.585));
#3816 = LINE('',#3817,#3818);
#3817 = CARTESIAN_POINT('',(108.036854,-47.193091,1.585));
#3818 = VECTOR('',#3819,1.);
#3819 = DIRECTION('',(-0.988755578642,0.149540649006,0.));
#3820 = ORIENTED_EDGE('',*,*,#3821,.T.);
#3821 = EDGE_CURVE('',#3814,#3822,#3824,.T.);
#3822 = VERTEX_POINT('',#3823);
#3823 = CARTESIAN_POINT('',(107.816759,-47.120421,1.585));
#3824 = LINE('',#3825,#3826);
#3825 = CARTESIAN_POINT('',(107.909283,-47.173797,1.585));
#3826 = VECTOR('',#3827,1.);
#3827 = DIRECTION('',(-0.866198677838,0.499699760368,0.));
#3828 = ORIENTED_EDGE('',*,*,#3829,.T.);
#3829 = EDGE_CURVE('',#3822,#3830,#3832,.T.);
#3830 = VERTEX_POINT('',#3831);
#3831 = CARTESIAN_POINT('',(107.750217,-47.031565,1.585));
#3832 = LINE('',#3833,#3834);
#3833 = CARTESIAN_POINT('',(107.816759,-47.120421,1.585));
#3834 = VECTOR('',#3835,1.);
#3835 = DIRECTION('',(-0.599423319709,0.800432185628,0.));
#3836 = ORIENTED_EDGE('',*,*,#3837,.T.);
#3837 = EDGE_CURVE('',#3830,#3838,#3840,.T.);
#3838 = VERTEX_POINT('',#3839);
#3839 = CARTESIAN_POINT('',(107.708958,-46.895725,1.585));
#3840 = LINE('',#3841,#3842);
#3841 = CARTESIAN_POINT('',(107.750217,-47.031565,1.585));
#3842 = VECTOR('',#3843,1.);
#3843 = DIRECTION('',(-0.290622568137,0.956837772503,0.));
#3844 = ORIENTED_EDGE('',*,*,#3845,.T.);
#3845 = EDGE_CURVE('',#3838,#3846,#3848,.T.);
#3846 = VERTEX_POINT('',#3847);
#3847 = CARTESIAN_POINT('',(107.585921,-45.836322,1.585));
#3848 = LINE('',#3849,#3850);
#3849 = CARTESIAN_POINT('',(107.708958,-46.895725,1.585));
#3850 = VECTOR('',#3851,1.);
#3851 = DIRECTION('',(-0.115362648832,0.99332344141,0.));
#3852 = ORIENTED_EDGE('',*,*,#3853,.T.);
#3853 = EDGE_CURVE('',#3846,#3854,#3856,.T.);
#3854 = VERTEX_POINT('',#3855);
#3855 = CARTESIAN_POINT('',(107.469905,-44.776919,1.585));
#3856 = LINE('',#3857,#3858);
#3857 = CARTESIAN_POINT('',(107.585921,-45.836322,1.585));
#3858 = VECTOR('',#3859,1.);
#3859 = DIRECTION('',(-0.108859922492,0.994057099605,0.));
#3860 = ORIENTED_EDGE('',*,*,#3861,.T.);
#3861 = EDGE_CURVE('',#3854,#3862,#3864,.T.);
#3862 = VERTEX_POINT('',#3863);
#3863 = CARTESIAN_POINT('',(107.423784,-44.543966,1.585));
#3864 = LINE('',#3865,#3866);
#3865 = CARTESIAN_POINT('',(107.469905,-44.776919,1.585));
#3866 = VECTOR('',#3867,1.);
#3867 = DIRECTION('',(-0.194214349545,0.980959115576,0.));
#3868 = ORIENTED_EDGE('',*,*,#3869,.T.);
#3869 = EDGE_CURVE('',#3862,#3870,#3872,.T.);
#3870 = VERTEX_POINT('',#3871);
#3871 = CARTESIAN_POINT('',(107.353585,-44.315605,1.585));
#3872 = LINE('',#3873,#3874);
#3873 = CARTESIAN_POINT('',(107.423784,-44.543966,1.585));
#3874 = VECTOR('',#3875,1.);
#3875 = DIRECTION('',(-0.293833767413,0.95585653585,0.));
#3876 = ORIENTED_EDGE('',*,*,#3877,.T.);
#3877 = EDGE_CURVE('',#3870,#3878,#3880,.T.);
#3878 = VERTEX_POINT('',#3879);
#3879 = CARTESIAN_POINT('',(107.258903,-44.120938,1.585));
#3880 = LINE('',#3881,#3882);
#3881 = CARTESIAN_POINT('',(107.353585,-44.315605,1.585));
#3882 = VECTOR('',#3883,1.);
#3883 = DIRECTION('',(-0.437387777047,0.899273002202,0.));
#3884 = ORIENTED_EDGE('',*,*,#3885,.T.);
#3885 = EDGE_CURVE('',#3878,#3886,#3888,.T.);
#3886 = VERTEX_POINT('',#3887);
#3887 = CARTESIAN_POINT('',(107.176362,-44.032561,1.585));
#3888 = LINE('',#3889,#3890);
#3889 = CARTESIAN_POINT('',(107.258903,-44.120938,1.585));
#3890 = VECTOR('',#3891,1.);
#3891 = DIRECTION('',(-0.682564820467,0.730825058315,0.));
#3892 = ORIENTED_EDGE('',*,*,#3893,.T.);
#3893 = EDGE_CURVE('',#3886,#3894,#3896,.T.);
#3894 = VERTEX_POINT('',#3895);
#3895 = CARTESIAN_POINT('',(107.101099,-44.008164,1.585));
#3896 = LINE('',#3897,#3898);
#3897 = CARTESIAN_POINT('',(107.176362,-44.032561,1.585));
#3898 = VECTOR('',#3899,1.);
#3899 = DIRECTION('',(-0.951269622595,0.308360349474,0.));
#3900 = ORIENTED_EDGE('',*,*,#3901,.T.);
#3901 = EDGE_CURVE('',#3894,#3902,#3904,.T.);
#3902 = VERTEX_POINT('',#3903);
#3903 = CARTESIAN_POINT('',(106.95426,-44.046732,1.585));
#3904 = LINE('',#3905,#3906);
#3905 = CARTESIAN_POINT('',(107.101099,-44.008164,1.585));
#3906 = VECTOR('',#3907,1.);
#3907 = DIRECTION('',(-0.96719413537,-0.254038391796,0.));
#3908 = ORIENTED_EDGE('',*,*,#3909,.T.);
#3909 = EDGE_CURVE('',#3902,#3910,#3912,.T.);
#3910 = VERTEX_POINT('',#3911);
#3911 = CARTESIAN_POINT('',(106.62971,-44.221877,1.585));
#3912 = LINE('',#3913,#3914);
#3913 = CARTESIAN_POINT('',(106.95426,-44.046732,1.585));
#3914 = VECTOR('',#3915,1.);
#3915 = DIRECTION('',(-0.880032336137,-0.474913768334,0.));
#3916 = ORIENTED_EDGE('',*,*,#3917,.T.);
#3917 = EDGE_CURVE('',#3910,#3918,#3920,.T.);
#3918 = VERTEX_POINT('',#3919);
#3919 = CARTESIAN_POINT('',(106.33457,-44.416822,1.585));
#3920 = LINE('',#3921,#3922);
#3921 = CARTESIAN_POINT('',(106.62971,-44.221877,1.585));
#3922 = VECTOR('',#3923,1.);
#3923 = DIRECTION('',(-0.834411009414,-0.551142692384,0.));
#3924 = ORIENTED_EDGE('',*,*,#3925,.T.);
#3925 = EDGE_CURVE('',#3918,#3926,#3928,.T.);
#3926 = VERTEX_POINT('',#3927);
#3927 = CARTESIAN_POINT('',(106.199232,-44.537561,1.585));
#3928 = LINE('',#3929,#3930);
#3929 = CARTESIAN_POINT('',(106.33457,-44.416822,1.585));
#3930 = VECTOR('',#3931,1.);
#3931 = DIRECTION('',(-0.746207413546,-0.665713523949,0.));
#3932 = ORIENTED_EDGE('',*,*,#3933,.T.);
#3933 = EDGE_CURVE('',#3926,#3934,#3936,.T.);
#3934 = VERTEX_POINT('',#3935);
#3935 = CARTESIAN_POINT('',(106.216329,-45.175645,1.585));
#3936 = LINE('',#3937,#3938);
#3937 = CARTESIAN_POINT('',(106.199232,-44.537561,1.585));
#3938 = VECTOR('',#3939,1.);
#3939 = DIRECTION('',(2.678466479271E-02,-0.999641226507,0.));
#3940 = ORIENTED_EDGE('',*,*,#3941,.T.);
#3941 = EDGE_CURVE('',#3934,#3942,#3944,.T.);
#3942 = VERTEX_POINT('',#3943);
#3943 = CARTESIAN_POINT('',(106.318606,-46.081786,1.585));
#3944 = LINE('',#3945,#3946);
#3945 = CARTESIAN_POINT('',(106.216329,-45.175645,1.585));
#3946 = VECTOR('',#3947,1.);
#3947 = DIRECTION('',(0.112158772946,-0.99369029866,0.));
#3948 = ORIENTED_EDGE('',*,*,#3949,.T.);
#3949 = EDGE_CURVE('',#3942,#3950,#3952,.T.);
#3950 = VERTEX_POINT('',#3951);
#3951 = CARTESIAN_POINT('',(106.369103,-46.595278,1.585));
#3952 = LINE('',#3953,#3954);
#3953 = CARTESIAN_POINT('',(106.318606,-46.081786,1.585));
#3954 = VECTOR('',#3955,1.);
#3955 = DIRECTION('',(9.786828791046E-02,-0.995199376116,0.));
#3956 = ORIENTED_EDGE('',*,*,#3957,.T.);
#3957 = EDGE_CURVE('',#3950,#3958,#3960,.T.);
#3958 = VERTEX_POINT('',#3959);
#3959 = CARTESIAN_POINT('',(106.383635,-46.967472,1.585));
#3960 = LINE('',#3961,#3962);
#3961 = CARTESIAN_POINT('',(106.369103,-46.595278,1.585));
#3962 = VECTOR('',#3963,1.);
#3963 = DIRECTION('',(3.901442802314E-02,-0.999238647374,0.));
#3964 = ORIENTED_EDGE('',*,*,#3965,.T.);
#3965 = EDGE_CURVE('',#3958,#3966,#3968,.T.);
#3966 = VERTEX_POINT('',#3967);
#3967 = CARTESIAN_POINT('',(106.35951,-47.105239,1.585));
#3968 = LINE('',#3969,#3970);
#3969 = CARTESIAN_POINT('',(106.383635,-46.967472,1.585));
#3970 = VECTOR('',#3971,1.);
#3971 = DIRECTION('',(-0.172489767822,-0.985011309578,0.));
#3972 = ORIENTED_EDGE('',*,*,#3973,.T.);
#3973 = EDGE_CURVE('',#3966,#3974,#3976,.T.);
#3974 = VERTEX_POINT('',#3975);
#3975 = CARTESIAN_POINT('',(106.049023,-47.310327,1.585));
#3976 = CIRCLE('',#3977,0.32240645402);
#3977 = AXIS2_PLACEMENT_3D('',#3978,#3979,#3980);
#3978 = CARTESIAN_POINT('',(106.05914428578,-46.98807945358,1.585));
#3979 = DIRECTION('',(0.,0.,-1.));
#3980 = DIRECTION('',(0.931636790995,-0.363390822207,0.));
#3981 = ORIENTED_EDGE('',*,*,#3982,.T.);
#3982 = EDGE_CURVE('',#3974,#3983,#3985,.T.);
#3983 = VERTEX_POINT('',#3984);
#3984 = CARTESIAN_POINT('',(105.914082,-47.285531,1.585));
#3985 = LINE('',#3986,#3987);
#3986 = CARTESIAN_POINT('',(106.049023,-47.310327,1.585));
#3987 = VECTOR('',#3988,1.);
#3988 = DIRECTION('',(-0.983533023541,0.180728502469,0.));
#3989 = ORIENTED_EDGE('',*,*,#3990,.T.);
#3990 = EDGE_CURVE('',#3983,#3991,#3993,.T.);
#3991 = VERTEX_POINT('',#3992);
#3992 = CARTESIAN_POINT('',(105.808138,-47.213241,1.585));
#3993 = LINE('',#3994,#3995);
#3994 = CARTESIAN_POINT('',(105.914082,-47.285531,1.585));
#3995 = VECTOR('',#3996,1.);
#3996 = DIRECTION('',(-0.826026046417,0.56363194608,0.));
#3997 = ORIENTED_EDGE('',*,*,#3998,.T.);
#3998 = EDGE_CURVE('',#3991,#3999,#4001,.T.);
#3999 = VERTEX_POINT('',#4000);
#4000 = CARTESIAN_POINT('',(105.738481,-47.104621,1.585));
#4001 = LINE('',#4002,#4003);
#4002 = CARTESIAN_POINT('',(105.808138,-47.213241,1.585));
#4003 = VECTOR('',#4004,1.);
#4004 = DIRECTION('',(-0.539824267246,0.841777738178,0.));
#4005 = ORIENTED_EDGE('',*,*,#4006,.T.);
#4006 = EDGE_CURVE('',#3999,#4007,#4009,.T.);
#4007 = VERTEX_POINT('',#4008);
#4008 = CARTESIAN_POINT('',(105.71441,-46.96625,1.585));
#4009 = LINE('',#4010,#4011);
#4010 = CARTESIAN_POINT('',(105.738481,-47.104621,1.585));
#4011 = VECTOR('',#4012,1.);
#4012 = DIRECTION('',(-0.171385945768,0.985203967508,0.));
#4013 = ORIENTED_EDGE('',*,*,#4014,.T.);
#4014 = EDGE_CURVE('',#4007,#4015,#4017,.T.);
#4015 = VERTEX_POINT('',#4016);
#4016 = CARTESIAN_POINT('',(105.696791,-46.505116,1.585));
#4017 = LINE('',#4018,#4019);
#4018 = CARTESIAN_POINT('',(105.71441,-46.96625,1.585));
#4019 = VECTOR('',#4020,1.);
#4020 = DIRECTION('',(-3.818012446604E-02,0.999270873235,0.));
#4021 = ORIENTED_EDGE('',*,*,#4022,.T.);
#4022 = EDGE_CURVE('',#4015,#4023,#4025,.T.);
#4023 = VERTEX_POINT('',#4024);
#4024 = CARTESIAN_POINT('',(105.564723,-44.992284,1.585));
#4025 = LINE('',#4026,#4027);
#4026 = CARTESIAN_POINT('',(105.696791,-46.505116,1.585));
#4027 = VECTOR('',#4028,1.);
#4028 = DIRECTION('',(-8.696776050432E-02,0.996211126535,0.));
#4029 = ORIENTED_EDGE('',*,*,#4030,.T.);
#4030 = EDGE_CURVE('',#4023,#4031,#4033,.T.);
#4031 = VERTEX_POINT('',#4032);
#4032 = CARTESIAN_POINT('',(105.547103,-44.531149,1.585));
#4033 = LINE('',#4034,#4035);
#4034 = CARTESIAN_POINT('',(105.564723,-44.992284,1.585));
#4035 = VECTOR('',#4036,1.);
#4036 = DIRECTION('',(-3.818220561284E-02,0.999270793716,0.));
#4037 = ORIENTED_EDGE('',*,*,#4038,.T.);
#4038 = EDGE_CURVE('',#4031,#4039,#4041,.T.);
#4039 = VERTEX_POINT('',#4040);
#4040 = CARTESIAN_POINT('',(105.518156,-44.192658,1.585));
#4041 = LINE('',#4042,#4043);
#4042 = CARTESIAN_POINT('',(105.547103,-44.531149,1.585));
#4043 = VECTOR('',#4044,1.);
#4044 = DIRECTION('',(-8.52067799175E-02,0.996363289496,0.));
#4045 = ORIENTED_EDGE('',*,*,#4046,.T.);
#4046 = EDGE_CURVE('',#4039,#4047,#4049,.T.);
#4047 = VERTEX_POINT('',#4048);
#4048 = CARTESIAN_POINT('',(105.444521,-43.969085,1.585));
#4049 = LINE('',#4050,#4051);
#4050 = CARTESIAN_POINT('',(105.518156,-44.192658,1.585));
#4051 = VECTOR('',#4052,1.);
#4052 = DIRECTION('',(-0.312825375754,0.94981065707,0.));
#4053 = ORIENTED_EDGE('',*,*,#4054,.T.);
#4054 = EDGE_CURVE('',#4047,#4055,#4057,.T.);
#4055 = VERTEX_POINT('',#4056);
#4056 = CARTESIAN_POINT('',(105.212602,-44.106457,1.585));
#4057 = LINE('',#4058,#4059);
#4058 = CARTESIAN_POINT('',(105.444521,-43.969085,1.585));
#4059 = VECTOR('',#4060,1.);
#4060 = DIRECTION('',(-0.860391551996,-0.509633571552,0.));
#4061 = ORIENTED_EDGE('',*,*,#4062,.T.);
#4062 = EDGE_CURVE('',#4055,#4063,#4065,.T.);
#4063 = VERTEX_POINT('',#4064);
#4064 = CARTESIAN_POINT('',(104.959699,-44.325069,1.585));
#4065 = LINE('',#4066,#4067);
#4066 = CARTESIAN_POINT('',(105.212602,-44.106457,1.585));
#4067 = VECTOR('',#4068,1.);
#4068 = DIRECTION('',(-0.756533235234,-0.653955246165,0.));
#4069 = ORIENTED_EDGE('',*,*,#4070,.T.);
#4070 = EDGE_CURVE('',#4063,#4071,#4073,.T.);
#4071 = VERTEX_POINT('',#4072);
#4072 = CARTESIAN_POINT('',(104.556699,-44.776613,1.585));
#4073 = LINE('',#4074,#4075);
#4074 = CARTESIAN_POINT('',(104.959699,-44.325069,1.585));
#4075 = VECTOR('',#4076,1.);
#4076 = DIRECTION('',(-0.665864717795,-0.746072501568,0.));
#4077 = ORIENTED_EDGE('',*,*,#4078,.T.);
#4078 = EDGE_CURVE('',#4071,#4079,#4081,.T.);
#4079 = VERTEX_POINT('',#4080);
#4080 = CARTESIAN_POINT('',(104.38237,-44.992158,1.585));
#4081 = LINE('',#4082,#4083);
#4082 = CARTESIAN_POINT('',(104.556699,-44.776613,1.585));
#4083 = VECTOR('',#4084,1.);
#4084 = DIRECTION('',(-0.628849911799,-0.777526712358,0.));
#4085 = ORIENTED_EDGE('',*,*,#4086,.T.);
#4086 = EDGE_CURVE('',#4079,#4087,#4089,.T.);
#4087 = VERTEX_POINT('',#4088);
#4088 = CARTESIAN_POINT('',(104.307266,-46.189558,1.585));
#4089 = LINE('',#4090,#4091);
#4090 = CARTESIAN_POINT('',(104.38237,-44.992158,1.585));
#4091 = VECTOR('',#4092,1.);
#4092 = DIRECTION('',(-6.259954935332E-02,-0.99803872491,0.));
#4093 = ORIENTED_EDGE('',*,*,#4094,.T.);
#4094 = EDGE_CURVE('',#4087,#4095,#4097,.T.);
#4095 = VERTEX_POINT('',#4096);
#4096 = CARTESIAN_POINT('',(104.37199,-46.743989,1.585));
#4097 = LINE('',#4098,#4099);
#4098 = CARTESIAN_POINT('',(104.307266,-46.189558,1.585));
#4099 = VECTOR('',#4100,1.);
#4100 = DIRECTION('',(0.115952073908,-0.993254809481,0.));
#4101 = ORIENTED_EDGE('',*,*,#4102,.T.);
#4102 = EDGE_CURVE('',#4095,#4103,#4105,.T.);
#4103 = VERTEX_POINT('',#4104);
#4104 = CARTESIAN_POINT('',(104.34603,-46.872905,1.585));
#4105 = LINE('',#4106,#4107);
#4106 = CARTESIAN_POINT('',(104.37199,-46.743989,1.585));
#4107 = VECTOR('',#4108,1.);
#4108 = DIRECTION('',(-0.197408702749,-0.980321275949,0.));
#4109 = ORIENTED_EDGE('',*,*,#4110,.T.);
#4110 = EDGE_CURVE('',#4103,#4111,#4113,.T.);
#4111 = VERTEX_POINT('',#4112);
#4112 = CARTESIAN_POINT('',(104.267882,-46.979989,1.585));
#4113 = LINE('',#4114,#4115);
#4114 = CARTESIAN_POINT('',(104.34603,-46.872905,1.585));
#4115 = VECTOR('',#4116,1.);
#4116 = DIRECTION('',(-0.589496740603,-0.807770755115,0.));
#4117 = ORIENTED_EDGE('',*,*,#4118,.T.);
#4118 = EDGE_CURVE('',#4111,#4119,#4121,.T.);
#4119 = VERTEX_POINT('',#4120);
#4120 = CARTESIAN_POINT('',(104.154613,-47.051948,1.585));
#4121 = LINE('',#4122,#4123);
#4122 = CARTESIAN_POINT('',(104.267882,-46.979989,1.585));
#4123 = VECTOR('',#4124,1.);
#4124 = DIRECTION('',(-0.844070571642,-0.536232104678,0.));
#4125 = ORIENTED_EDGE('',*,*,#4126,.T.);
#4126 = EDGE_CURVE('',#4119,#4127,#4129,.T.);
#4127 = VERTEX_POINT('',#4128);
#4128 = CARTESIAN_POINT('',(104.023639,-47.075854,1.585));
#4129 = LINE('',#4130,#4131);
#4130 = CARTESIAN_POINT('',(104.154613,-47.051948,1.585));
#4131 = VECTOR('',#4132,1.);
#4132 = DIRECTION('',(-0.983747340644,-0.179558262903,0.));
#4133 = ORIENTED_EDGE('',*,*,#4134,.T.);
#4134 = EDGE_CURVE('',#4127,#4135,#4137,.T.);
#4135 = VERTEX_POINT('',#4136);
#4136 = CARTESIAN_POINT('',(103.90328,-47.050337,1.585));
#4137 = LINE('',#4138,#4139);
#4138 = CARTESIAN_POINT('',(104.023639,-47.075854,1.585));
#4139 = VECTOR('',#4140,1.);
#4140 = DIRECTION('',(-0.978256717222,0.20739767407,0.));
#4141 = ORIENTED_EDGE('',*,*,#4142,.T.);
#4142 = EDGE_CURVE('',#4135,#4143,#4145,.T.);
#4143 = VERTEX_POINT('',#4144);
#4144 = CARTESIAN_POINT('',(103.804653,-46.97296,1.585));
#4145 = LINE('',#4146,#4147);
#4146 = CARTESIAN_POINT('',(103.90328,-47.050337,1.585));
#4147 = VECTOR('',#4148,1.);
#4148 = DIRECTION('',(-0.786766288958,0.617251007743,0.));
#4149 = ORIENTED_EDGE('',*,*,#4150,.T.);
#4150 = EDGE_CURVE('',#4143,#4151,#4153,.T.);
#4151 = VERTEX_POINT('',#4152);
#4152 = CARTESIAN_POINT('',(103.722457,-46.827861,1.585));
#4153 = LINE('',#4154,#4155);
#4154 = CARTESIAN_POINT('',(103.804653,-46.97296,1.585));
#4155 = VECTOR('',#4156,1.);
#4156 = DIRECTION('',(-0.492891073066,0.870091024026,0.));
#4157 = ORIENTED_EDGE('',*,*,#4158,.T.);
#4158 = EDGE_CURVE('',#4151,#4159,#4161,.T.);
#4159 = VERTEX_POINT('',#4160);
#4160 = CARTESIAN_POINT('',(103.662101,-46.583632,1.585));
#4161 = LINE('',#4162,#4163);
#4162 = CARTESIAN_POINT('',(103.722457,-46.827861,1.585));
#4163 = VECTOR('',#4164,1.);
#4164 = DIRECTION('',(-0.239911280013,0.970794817519,0.));
#4165 = ORIENTED_EDGE('',*,*,#4166,.T.);
#4166 = EDGE_CURVE('',#4159,#4167,#4169,.T.);
#4167 = VERTEX_POINT('',#4168);
#4168 = CARTESIAN_POINT('',(103.637735,-46.197801,1.585));
#4169 = LINE('',#4170,#4171);
#4170 = CARTESIAN_POINT('',(103.662101,-46.583632,1.585));
#4171 = VECTOR('',#4172,1.);
#4172 = DIRECTION('',(-6.302644658296E-02,0.99801185716,0.));
#4173 = ORIENTED_EDGE('',*,*,#4174,.T.);
#4174 = EDGE_CURVE('',#4167,#4175,#4177,.T.);
#4175 = VERTEX_POINT('',#4176);
#4176 = CARTESIAN_POINT('',(103.71284,-44.974755,1.585));
#4177 = LINE('',#4178,#4179);
#4178 = CARTESIAN_POINT('',(103.637735,-46.197801,1.585));
#4179 = VECTOR('',#4180,1.);
#4180 = DIRECTION('',(6.129269889215E-02,0.998119835021,0.));
#4181 = ORIENTED_EDGE('',*,*,#4182,.T.);
#4182 = EDGE_CURVE('',#4175,#4183,#4185,.T.);
#4183 = VERTEX_POINT('',#4184);
#4184 = CARTESIAN_POINT('',(103.64781,-43.884822,1.585));
#4185 = LINE('',#4186,#4187);
#4186 = CARTESIAN_POINT('',(103.71284,-44.974755,1.585));
#4187 = VECTOR('',#4188,1.);
#4188 = DIRECTION('',(-5.955830367995E-02,0.998224828615,0.));
#4189 = ORIENTED_EDGE('',*,*,#4190,.T.);
#4190 = EDGE_CURVE('',#4183,#4191,#4193,.T.);
#4191 = VERTEX_POINT('',#4192);
#4192 = CARTESIAN_POINT('',(103.669634,-43.545206,1.585));
#4193 = LINE('',#4194,#4195);
#4194 = CARTESIAN_POINT('',(103.64781,-43.884822,1.585));
#4195 = VECTOR('',#4196,1.);
#4196 = DIRECTION('',(6.41285407579E-02,0.997941646721,0.));
#4197 = ORIENTED_EDGE('',*,*,#4198,.T.);
#4198 = EDGE_CURVE('',#4191,#4199,#4201,.T.);
#4199 = VERTEX_POINT('',#4200);
#4200 = CARTESIAN_POINT('',(103.723778,-43.329663,1.585));
#4201 = LINE('',#4202,#4203);
#4202 = CARTESIAN_POINT('',(103.669634,-43.545206,1.585));
#4203 = VECTOR('',#4204,1.);
#4204 = DIRECTION('',(0.243629151008,0.969868463648,0.));
#4205 = ORIENTED_EDGE('',*,*,#4206,.T.);
#4206 = EDGE_CURVE('',#4199,#3562,#4207,.T.);
#4207 = LINE('',#4208,#4209);
#4208 = CARTESIAN_POINT('',(103.723778,-43.329663,1.585));
#4209 = VECTOR('',#4210,1.);
#4210 = DIRECTION('',(0.498640972903,0.866808617944,0.));
#4211 = PLANE('',#4212);
#4212 = AXIS2_PLACEMENT_3D('',#4213,#4214,#4215);
#4213 = CARTESIAN_POINT('',(0.,0.,1.585));
#4214 = DIRECTION('',(0.,0.,1.));
#4215 = DIRECTION('',(1.,0.,-0.));
#4216 = SHELL_BASED_SURFACE_MODEL('',(#4217));
#4217 = OPEN_SHELL('',(#4218));
#4218 = ADVANCED_FACE('',(#4219),#4672,.T.);
#4219 = FACE_BOUND('',#4220,.F.);
#4220 = EDGE_LOOP('',(#4221,#4231,#4239,#4247,#4255,#4263,#4271,#4279,
    #4287,#4295,#4303,#4312,#4320,#4328,#4336,#4344,#4352,#4360,#4368,
    #4376,#4384,#4392,#4401,#4409,#4417,#4425,#4433,#4441,#4449,#4457,
    #4465,#4473,#4481,#4489,#4497,#4505,#4513,#4521,#4529,#4537,#4545,
    #4553,#4561,#4569,#4577,#4585,#4593,#4602,#4610,#4618,#4626,#4634,
    #4642,#4650,#4658,#4666));
#4221 = ORIENTED_EDGE('',*,*,#4222,.T.);
#4222 = EDGE_CURVE('',#4223,#4225,#4227,.T.);
#4223 = VERTEX_POINT('',#4224);
#4224 = CARTESIAN_POINT('',(112.837752,-43.261697,1.585));
#4225 = VERTEX_POINT('',#4226);
#4226 = CARTESIAN_POINT('',(112.945744,-43.191762,1.585));
#4227 = LINE('',#4228,#4229);
#4228 = CARTESIAN_POINT('',(112.837752,-43.261697,1.585));
#4229 = VECTOR('',#4230,1.);
#4230 = DIRECTION('',(0.839365112576,0.543568034188,0.));
#4231 = ORIENTED_EDGE('',*,*,#4232,.T.);
#4232 = EDGE_CURVE('',#4225,#4233,#4235,.T.);
#4233 = VERTEX_POINT('',#4234);
#4234 = CARTESIAN_POINT('',(113.078637,-43.167969,1.585));
#4235 = LINE('',#4236,#4237);
#4236 = CARTESIAN_POINT('',(112.945744,-43.191762,1.585));
#4237 = VECTOR('',#4238,1.);
#4238 = DIRECTION('',(0.984347864572,0.176236436394,0.));
#4239 = ORIENTED_EDGE('',*,*,#4240,.T.);
#4240 = EDGE_CURVE('',#4233,#4241,#4243,.T.);
#4241 = VERTEX_POINT('',#4242);
#4242 = CARTESIAN_POINT('',(113.213197,-43.193476,1.585));
#4243 = LINE('',#4244,#4245);
#4244 = CARTESIAN_POINT('',(113.078637,-43.167969,1.585));
#4245 = VECTOR('',#4246,1.);
#4246 = DIRECTION('',(0.982503897225,-0.186242025167,0.));
#4247 = ORIENTED_EDGE('',*,*,#4248,.T.);
#4248 = EDGE_CURVE('',#4241,#4249,#4251,.T.);
#4249 = VERTEX_POINT('',#4250);
#4250 = CARTESIAN_POINT('',(113.31221,-43.266684,1.585));
#4251 = LINE('',#4252,#4253);
#4252 = CARTESIAN_POINT('',(113.213197,-43.193476,1.585));
#4253 = VECTOR('',#4254,1.);
#4254 = DIRECTION('',(0.804081111929,-0.594519608961,0.));
#4255 = ORIENTED_EDGE('',*,*,#4256,.T.);
#4256 = EDGE_CURVE('',#4249,#4257,#4259,.T.);
#4257 = VERTEX_POINT('',#4258);
#4258 = CARTESIAN_POINT('',(113.383951,-43.397027,1.585));
#4259 = LINE('',#4260,#4261);
#4260 = CARTESIAN_POINT('',(113.31221,-43.266684,1.585));
#4261 = VECTOR('',#4262,1.);
#4262 = DIRECTION('',(0.482188866751,-0.876067290099,0.));
#4263 = ORIENTED_EDGE('',*,*,#4264,.T.);
#4264 = EDGE_CURVE('',#4257,#4265,#4267,.T.);
#4265 = VERTEX_POINT('',#4266);
#4266 = CARTESIAN_POINT('',(113.423325,-43.610048,1.585));
#4267 = LINE('',#4268,#4269);
#4268 = CARTESIAN_POINT('',(113.383951,-43.397027,1.585));
#4269 = VECTOR('',#4270,1.);
#4270 = DIRECTION('',(0.181757490925,-0.983343385849,0.));
#4271 = ORIENTED_EDGE('',*,*,#4272,.T.);
#4272 = EDGE_CURVE('',#4265,#4273,#4275,.T.);
#4273 = VERTEX_POINT('',#4274);
#4274 = CARTESIAN_POINT('',(113.433705,-44.008164,1.585));
#4275 = LINE('',#4276,#4277);
#4276 = CARTESIAN_POINT('',(113.423325,-43.610048,1.585));
#4277 = VECTOR('',#4278,1.);
#4278 = DIRECTION('',(2.60639453883E-02,-0.99966027767,0.));
#4279 = ORIENTED_EDGE('',*,*,#4280,.T.);
#4280 = EDGE_CURVE('',#4273,#4281,#4283,.T.);
#4281 = VERTEX_POINT('',#4282);
#4282 = CARTESIAN_POINT('',(113.691552,-43.705846,1.585));
#4283 = LINE('',#4284,#4285);
#4284 = CARTESIAN_POINT('',(113.433705,-44.008164,1.585));
#4285 = VECTOR('',#4286,1.);
#4286 = DIRECTION('',(0.648928438136,0.760849447774,0.));
#4287 = ORIENTED_EDGE('',*,*,#4288,.T.);
#4288 = EDGE_CURVE('',#4281,#4289,#4291,.T.);
#4289 = VERTEX_POINT('',#4290);
#4290 = CARTESIAN_POINT('',(113.934968,-43.492233,1.585));
#4291 = LINE('',#4292,#4293);
#4292 = CARTESIAN_POINT('',(113.691552,-43.705846,1.585));
#4293 = VECTOR('',#4294,1.);
#4294 = DIRECTION('',(0.751621034096,0.659595194877,0.));
#4295 = ORIENTED_EDGE('',*,*,#4296,.T.);
#4296 = EDGE_CURVE('',#4289,#4297,#4299,.T.);
#4297 = VERTEX_POINT('',#4298);
#4298 = CARTESIAN_POINT('',(114.166728,-43.351545,1.585));
#4299 = LINE('',#4300,#4301);
#4300 = CARTESIAN_POINT('',(113.934968,-43.492233,1.585));
#4301 = VECTOR('',#4302,1.);
#4302 = DIRECTION('',(0.854825847602,0.518914993301,0.));
#4303 = ORIENTED_EDGE('',*,*,#4304,.T.);
#4304 = EDGE_CURVE('',#4297,#4305,#4307,.T.);
#4305 = VERTEX_POINT('',#4306);
#4306 = CARTESIAN_POINT('',(114.871607,-43.277997,1.585));
#4307 = CIRCLE('',#4308,1.021934269871);
#4308 = AXIS2_PLACEMENT_3D('',#4309,#4310,#4311);
#4309 = CARTESIAN_POINT('',(114.6186419651,-44.26812746769,1.585));
#4310 = DIRECTION('',(0.,0.,-1.));
#4311 = DIRECTION('',(-0.442214316932,0.896909414545,0.));
#4312 = ORIENTED_EDGE('',*,*,#4313,.T.);
#4313 = EDGE_CURVE('',#4305,#4314,#4316,.T.);
#4314 = VERTEX_POINT('',#4315);
#4315 = CARTESIAN_POINT('',(115.077833,-43.367592,1.585));
#4316 = LINE('',#4317,#4318);
#4317 = CARTESIAN_POINT('',(114.871607,-43.277997,1.585));
#4318 = VECTOR('',#4319,1.);
#4319 = DIRECTION('',(0.91718138369,-0.398469960489,0.));
#4320 = ORIENTED_EDGE('',*,*,#4321,.T.);
#4321 = EDGE_CURVE('',#4314,#4322,#4324,.T.);
#4322 = VERTEX_POINT('',#4323);
#4323 = CARTESIAN_POINT('',(115.243429,-43.514008,1.585));
#4324 = LINE('',#4325,#4326);
#4325 = CARTESIAN_POINT('',(115.077833,-43.367592,1.585));
#4326 = VECTOR('',#4327,1.);
#4327 = DIRECTION('',(0.749159915101,-0.662389176848,0.));
#4328 = ORIENTED_EDGE('',*,*,#4329,.T.);
#4329 = EDGE_CURVE('',#4322,#4330,#4332,.T.);
#4330 = VERTEX_POINT('',#4331);
#4331 = CARTESIAN_POINT('',(115.373909,-43.72698,1.585));
#4332 = LINE('',#4333,#4334);
#4333 = CARTESIAN_POINT('',(115.243429,-43.514008,1.585));
#4334 = VECTOR('',#4335,1.);
#4335 = DIRECTION('',(0.522412959179,-0.852692617584,0.));
#4336 = ORIENTED_EDGE('',*,*,#4337,.T.);
#4337 = EDGE_CURVE('',#4330,#4338,#4340,.T.);
#4338 = VERTEX_POINT('',#4339);
#4339 = CARTESIAN_POINT('',(115.450011,-43.946853,1.585));
#4340 = LINE('',#4341,#4342);
#4341 = CARTESIAN_POINT('',(115.373909,-43.72698,1.585));
#4342 = VECTOR('',#4343,1.);
#4343 = DIRECTION('',(0.327080302271,-0.944996548071,0.));
#4344 = ORIENTED_EDGE('',*,*,#4345,.T.);
#4345 = EDGE_CURVE('',#4338,#4346,#4348,.T.);
#4346 = VERTEX_POINT('',#4347);
#4347 = CARTESIAN_POINT('',(115.506373,-44.254957,1.585));
#4348 = LINE('',#4349,#4350);
#4349 = CARTESIAN_POINT('',(115.450011,-43.946853,1.585));
#4350 = VECTOR('',#4351,1.);
#4351 = DIRECTION('',(0.179945660657,-0.98367655213,0.));
#4352 = ORIENTED_EDGE('',*,*,#4353,.T.);
#4353 = EDGE_CURVE('',#4346,#4354,#4356,.T.);
#4354 = VERTEX_POINT('',#4355);
#4355 = CARTESIAN_POINT('',(115.534499,-44.675252,1.585));
#4356 = LINE('',#4357,#4358);
#4357 = CARTESIAN_POINT('',(115.506373,-44.254957,1.585));
#4358 = VECTOR('',#4359,1.);
#4359 = DIRECTION('',(6.677032376463E-02,-0.99776837185,0.));
#4360 = ORIENTED_EDGE('',*,*,#4361,.T.);
#4361 = EDGE_CURVE('',#4354,#4362,#4364,.T.);
#4362 = VERTEX_POINT('',#4363);
#4363 = CARTESIAN_POINT('',(115.53114,-45.336845,1.585));
#4364 = LINE('',#4365,#4366);
#4365 = CARTESIAN_POINT('',(115.534499,-44.675252,1.585));
#4366 = VECTOR('',#4367,1.);
#4367 = DIRECTION('',(-5.077074134381E-03,-0.999987111576,0.));
#4368 = ORIENTED_EDGE('',*,*,#4369,.T.);
#4369 = EDGE_CURVE('',#4362,#4370,#4372,.T.);
#4370 = VERTEX_POINT('',#4371);
#4371 = CARTESIAN_POINT('',(115.547321,-45.639601,1.585));
#4372 = LINE('',#4373,#4374);
#4373 = CARTESIAN_POINT('',(115.53114,-45.336845,1.585));
#4374 = VECTOR('',#4375,1.);
#4375 = DIRECTION('',(5.336950996526E-02,-0.998574832151,0.));
#4376 = ORIENTED_EDGE('',*,*,#4377,.T.);
#4377 = EDGE_CURVE('',#4370,#4378,#4380,.T.);
#4378 = VERTEX_POINT('',#4379);
#4379 = CARTESIAN_POINT('',(115.661797,-46.497241,1.585));
#4380 = LINE('',#4381,#4382);
#4381 = CARTESIAN_POINT('',(115.547321,-45.639601,1.585));
#4382 = VECTOR('',#4383,1.);
#4383 = DIRECTION('',(0.132304527293,-0.99120911621,0.));
#4384 = ORIENTED_EDGE('',*,*,#4385,.T.);
#4385 = EDGE_CURVE('',#4378,#4386,#4388,.T.);
#4386 = VERTEX_POINT('',#4387);
#4387 = CARTESIAN_POINT('',(115.677991,-46.796807,1.585));
#4388 = LINE('',#4389,#4390);
#4389 = CARTESIAN_POINT('',(115.661797,-46.497241,1.585));
#4390 = VECTOR('',#4391,1.);
#4391 = DIRECTION('',(5.397939003873E-02,-0.998542049916,0.));
#4392 = ORIENTED_EDGE('',*,*,#4393,.T.);
#4393 = EDGE_CURVE('',#4386,#4394,#4396,.T.);
#4394 = VERTEX_POINT('',#4395);
#4395 = CARTESIAN_POINT('',(115.472145,-47.110538,1.585));
#4396 = CIRCLE('',#4397,0.323197281719);
#4397 = AXIS2_PLACEMENT_3D('',#4398,#4399,#4400);
#4398 = CARTESIAN_POINT('',(115.35503542401,-46.80930415375,1.585));
#4399 = DIRECTION('',(0.,0.,-1.));
#4400 = DIRECTION('',(0.999252141804,3.866726133505E-02,0.));
#4401 = ORIENTED_EDGE('',*,*,#4402,.T.);
#4402 = EDGE_CURVE('',#4394,#4403,#4405,.T.);
#4403 = VERTEX_POINT('',#4404);
#4404 = CARTESIAN_POINT('',(115.336357,-47.134473,1.585));
#4405 = LINE('',#4406,#4407);
#4406 = CARTESIAN_POINT('',(115.472145,-47.110538,1.585));
#4407 = VECTOR('',#4408,1.);
#4408 = DIRECTION('',(-0.984817782741,-0.173591286637,0.));
#4409 = ORIENTED_EDGE('',*,*,#4410,.T.);
#4410 = EDGE_CURVE('',#4403,#4411,#4413,.T.);
#4411 = VERTEX_POINT('',#4412);
#4412 = CARTESIAN_POINT('',(115.203681,-47.113751,1.585));
#4413 = LINE('',#4414,#4415);
#4414 = CARTESIAN_POINT('',(115.336357,-47.134473,1.585));
#4415 = VECTOR('',#4416,1.);
#4416 = DIRECTION('',(-0.988021828416,0.154314181377,0.));
#4417 = ORIENTED_EDGE('',*,*,#4418,.T.);
#4418 = EDGE_CURVE('',#4411,#4419,#4421,.T.);
#4419 = VERTEX_POINT('',#4420);
#4420 = CARTESIAN_POINT('',(115.109209,-47.056586,1.585));
#4421 = LINE('',#4422,#4423);
#4422 = CARTESIAN_POINT('',(115.203681,-47.113751,1.585));
#4423 = VECTOR('',#4424,1.);
#4424 = DIRECTION('',(-0.855561938154,0.517700463572,0.));
#4425 = ORIENTED_EDGE('',*,*,#4426,.T.);
#4426 = EDGE_CURVE('',#4419,#4427,#4429,.T.);
#4427 = VERTEX_POINT('',#4428);
#4428 = CARTESIAN_POINT('',(115.042999,-46.960977,1.585));
#4429 = LINE('',#4430,#4431);
#4430 = CARTESIAN_POINT('',(115.109209,-47.056586,1.585));
#4431 = VECTOR('',#4432,1.);
#4432 = DIRECTION('',(-0.56932130985,0.822115105171,0.));
#4433 = ORIENTED_EDGE('',*,*,#4434,.T.);
#4434 = EDGE_CURVE('',#4427,#4435,#4437,.T.);
#4435 = VERTEX_POINT('',#4436);
#4436 = CARTESIAN_POINT('',(115.005102,-46.813293,1.585));
#4437 = LINE('',#4438,#4439);
#4438 = CARTESIAN_POINT('',(115.042999,-46.960977,1.585));
#4439 = VECTOR('',#4440,1.);
#4440 = DIRECTION('',(-0.248555708664,0.968617602406,0.));
#4441 = ORIENTED_EDGE('',*,*,#4442,.T.);
#4442 = EDGE_CURVE('',#4435,#4443,#4445,.T.);
#4443 = VERTEX_POINT('',#4444);
#4444 = CARTESIAN_POINT('',(114.909542,-46.0653,1.585));
#4445 = LINE('',#4446,#4447);
#4446 = CARTESIAN_POINT('',(115.005102,-46.813293,1.585));
#4447 = VECTOR('',#4448,1.);
#4448 = DIRECTION('',(-0.126725225844,0.991937859513,0.));
#4449 = ORIENTED_EDGE('',*,*,#4450,.T.);
#4450 = EDGE_CURVE('',#4443,#4451,#4453,.T.);
#4451 = VERTEX_POINT('',#4452);
#4452 = CARTESIAN_POINT('',(114.873138,-45.671083,1.585));
#4453 = LINE('',#4454,#4455);
#4454 = CARTESIAN_POINT('',(114.909542,-46.0653,1.585));
#4455 = VECTOR('',#4456,1.);
#4456 = DIRECTION('',(-9.195383789705E-02,0.995763270911,0.));
#4457 = ORIENTED_EDGE('',*,*,#4458,.T.);
#4458 = EDGE_CURVE('',#4451,#4459,#4461,.T.);
#4459 = VERTEX_POINT('',#4460);
#4460 = CARTESIAN_POINT('',(114.86161,-45.317001,1.585));
#4461 = LINE('',#4462,#4463);
#4462 = CARTESIAN_POINT('',(114.873138,-45.671083,1.585));
#4463 = VECTOR('',#4464,1.);
#4464 = DIRECTION('',(-3.254018869103E-02,0.999470427837,0.));
#4465 = ORIENTED_EDGE('',*,*,#4466,.T.);
#4466 = EDGE_CURVE('',#4459,#4467,#4469,.T.);
#4467 = VERTEX_POINT('',#4468);
#4468 = CARTESIAN_POINT('',(114.885423,-44.667925,1.585));
#4469 = LINE('',#4470,#4471);
#4470 = CARTESIAN_POINT('',(114.86161,-45.317001,1.585));
#4471 = VECTOR('',#4472,1.);
#4472 = DIRECTION('',(3.666287199591E-02,0.999327690909,0.));
#4473 = ORIENTED_EDGE('',*,*,#4474,.T.);
#4474 = EDGE_CURVE('',#4467,#4475,#4477,.T.);
#4475 = VERTEX_POINT('',#4476);
#4476 = CARTESIAN_POINT('',(114.857875,-44.273712,1.585));
#4477 = LINE('',#4478,#4479);
#4478 = CARTESIAN_POINT('',(114.885423,-44.667925,1.585));
#4479 = VECTOR('',#4480,1.);
#4480 = DIRECTION('',(-6.971099894715E-02,0.997567229126,0.));
#4481 = ORIENTED_EDGE('',*,*,#4482,.T.);
#4482 = EDGE_CURVE('',#4475,#4483,#4485,.T.);
#4483 = VERTEX_POINT('',#4484);
#4484 = CARTESIAN_POINT('',(114.793857,-44.060869,1.585));
#4485 = LINE('',#4486,#4487);
#4486 = CARTESIAN_POINT('',(114.857875,-44.273712,1.585));
#4487 = VECTOR('',#4488,1.);
#4488 = DIRECTION('',(-0.288029296008,0.957621597836,0.));
#4489 = ORIENTED_EDGE('',*,*,#4490,.T.);
#4490 = EDGE_CURVE('',#4483,#4491,#4493,.T.);
#4491 = VERTEX_POINT('',#4492);
#4492 = CARTESIAN_POINT('',(114.711787,-43.960369,1.585));
#4493 = LINE('',#4494,#4495);
#4494 = CARTESIAN_POINT('',(114.793857,-44.060869,1.585));
#4495 = VECTOR('',#4496,1.);
#4496 = DIRECTION('',(-0.632511453508,0.774551006184,0.));
#4497 = ORIENTED_EDGE('',*,*,#4498,.T.);
#4498 = EDGE_CURVE('',#4491,#4499,#4501,.T.);
#4499 = VERTEX_POINT('',#4500);
#4500 = CARTESIAN_POINT('',(114.612177,-43.930006,1.585));
#4501 = LINE('',#4502,#4503);
#4502 = CARTESIAN_POINT('',(114.711787,-43.960369,1.585));
#4503 = VECTOR('',#4504,1.);
#4504 = DIRECTION('',(-0.956548305482,0.291573900204,0.));
#4505 = ORIENTED_EDGE('',*,*,#4506,.T.);
#4506 = EDGE_CURVE('',#4499,#4507,#4509,.T.);
#4507 = VERTEX_POINT('',#4508);
#4508 = CARTESIAN_POINT('',(114.435671,-43.954697,1.585));
#4509 = LINE('',#4510,#4511);
#4510 = CARTESIAN_POINT('',(114.612177,-43.930006,1.585));
#4511 = VECTOR('',#4512,1.);
#4512 = DIRECTION('',(-0.990357025894,-0.138538663424,0.));
#4513 = ORIENTED_EDGE('',*,*,#4514,.T.);
#4514 = EDGE_CURVE('',#4507,#4515,#4517,.T.);
#4515 = VERTEX_POINT('',#4516);
#4516 = CARTESIAN_POINT('',(114.258232,-44.031473,1.585));
#4517 = LINE('',#4518,#4519);
#4518 = CARTESIAN_POINT('',(114.435671,-43.954697,1.585));
#4519 = VECTOR('',#4520,1.);
#4520 = DIRECTION('',(-0.917771048905,-0.397109936658,0.));
#4521 = ORIENTED_EDGE('',*,*,#4522,.T.);
#4522 = EDGE_CURVE('',#4515,#4523,#4525,.T.);
#4523 = VERTEX_POINT('',#4524);
#4524 = CARTESIAN_POINT('',(114.074608,-44.169577,1.585));
#4525 = LINE('',#4526,#4527);
#4526 = CARTESIAN_POINT('',(114.258232,-44.031473,1.585));
#4527 = VECTOR('',#4528,1.);
#4528 = DIRECTION('',(-0.799192877123,-0.601074658554,0.));
#4529 = ORIENTED_EDGE('',*,*,#4530,.T.);
#4530 = EDGE_CURVE('',#4523,#4531,#4533,.T.);
#4531 = VERTEX_POINT('',#4532);
#4532 = CARTESIAN_POINT('',(113.88128,-44.384298,1.585));
#4533 = LINE('',#4534,#4535);
#4534 = CARTESIAN_POINT('',(114.074608,-44.169577,1.585));
#4535 = VECTOR('',#4536,1.);
#4536 = DIRECTION('',(-0.669115970963,-0.743158002986,0.));
#4537 = ORIENTED_EDGE('',*,*,#4538,.T.);
#4538 = EDGE_CURVE('',#4531,#4539,#4541,.T.);
#4539 = VERTEX_POINT('',#4540);
#4540 = CARTESIAN_POINT('',(113.69392,-44.6719,1.585));
#4541 = LINE('',#4542,#4543);
#4542 = CARTESIAN_POINT('',(113.88128,-44.384298,1.585));
#4543 = VECTOR('',#4544,1.);
#4544 = DIRECTION('',(-0.545845584281,-0.837885790619,0.));
#4545 = ORIENTED_EDGE('',*,*,#4546,.T.);
#4546 = EDGE_CURVE('',#4539,#4547,#4549,.T.);
#4547 = VERTEX_POINT('',#4548);
#4548 = CARTESIAN_POINT('',(113.529223,-45.017555,1.585));
#4549 = LINE('',#4550,#4551);
#4550 = CARTESIAN_POINT('',(113.69392,-44.6719,1.585));
#4551 = VECTOR('',#4552,1.);
#4552 = DIRECTION('',(-0.4301451482,-0.902759741836,0.));
#4553 = ORIENTED_EDGE('',*,*,#4554,.T.);
#4554 = EDGE_CURVE('',#4547,#4555,#4557,.T.);
#4555 = VERTEX_POINT('',#4556);
#4556 = CARTESIAN_POINT('',(113.389436,-45.429963,1.585));
#4557 = LINE('',#4558,#4559);
#4558 = CARTESIAN_POINT('',(113.529223,-45.017555,1.585));
#4559 = VECTOR('',#4560,1.);
#4560 = DIRECTION('',(-0.321013900562,-0.947074482628,0.));
#4561 = ORIENTED_EDGE('',*,*,#4562,.T.);
#4562 = EDGE_CURVE('',#4555,#4563,#4565,.T.);
#4563 = VERTEX_POINT('',#4564);
#4564 = CARTESIAN_POINT('',(113.3586,-45.764881,1.585));
#4565 = LINE('',#4566,#4567);
#4566 = CARTESIAN_POINT('',(113.389436,-45.429963,1.585));
#4567 = VECTOR('',#4568,1.);
#4568 = DIRECTION('',(-9.168252423686E-02,-0.995788288116,0.));
#4569 = ORIENTED_EDGE('',*,*,#4570,.T.);
#4570 = EDGE_CURVE('',#4563,#4571,#4573,.T.);
#4571 = VERTEX_POINT('',#4572);
#4572 = CARTESIAN_POINT('',(113.338145,-46.096135,1.585));
#4573 = LINE('',#4574,#4575);
#4574 = CARTESIAN_POINT('',(113.3586,-45.764881,1.585));
#4575 = VECTOR('',#4576,1.);
#4576 = DIRECTION('',(-6.163280391596E-02,-0.998098891634,0.));
#4577 = ORIENTED_EDGE('',*,*,#4578,.T.);
#4578 = EDGE_CURVE('',#4571,#4579,#4581,.T.);
#4579 = VERTEX_POINT('',#4580);
#4580 = CARTESIAN_POINT('',(113.379056,-46.711322,1.585));
#4581 = LINE('',#4582,#4583);
#4582 = CARTESIAN_POINT('',(113.338145,-46.096135,1.585));
#4583 = VECTOR('',#4584,1.);
#4584 = DIRECTION('',(6.635516503514E-02,-0.997796067377,0.));
#4585 = ORIENTED_EDGE('',*,*,#4586,.T.);
#4586 = EDGE_CURVE('',#4579,#4587,#4589,.T.);
#4587 = VERTEX_POINT('',#4588);
#4588 = CARTESIAN_POINT('',(113.354714,-46.852573,1.585));
#4589 = LINE('',#4590,#4591);
#4590 = CARTESIAN_POINT('',(113.379056,-46.711322,1.585));
#4591 = VECTOR('',#4592,1.);
#4592 = DIRECTION('',(-0.169828181749,-0.985473687464,0.));
#4593 = ORIENTED_EDGE('',*,*,#4594,.T.);
#4594 = EDGE_CURVE('',#4587,#4595,#4597,.T.);
#4595 = VERTEX_POINT('',#4596);
#4596 = CARTESIAN_POINT('',(113.044443,-47.056315,1.585));
#4597 = CIRCLE('',#4598,0.320305065093);
#4598 = AXIS2_PLACEMENT_3D('',#4599,#4600,#4601);
#4599 = CARTESIAN_POINT('',(113.0562857918,-46.73622894437,1.585));
#4600 = DIRECTION('',(0.,0.,-1.));
#4601 = DIRECTION('',(0.931699934577,-0.363228897403,0.));
#4602 = ORIENTED_EDGE('',*,*,#4603,.T.);
#4603 = EDGE_CURVE('',#4595,#4604,#4606,.T.);
#4604 = VERTEX_POINT('',#4605);
#4605 = CARTESIAN_POINT('',(112.906744,-47.031664,1.585));
#4606 = LINE('',#4607,#4608);
#4607 = CARTESIAN_POINT('',(113.044443,-47.056315,1.585));
#4608 = VECTOR('',#4609,1.);
#4609 = DIRECTION('',(-0.984350915558,0.176219394617,0.));
#4610 = ORIENTED_EDGE('',*,*,#4611,.T.);
#4611 = EDGE_CURVE('',#4604,#4612,#4614,.T.);
#4612 = VERTEX_POINT('',#4613);
#4613 = CARTESIAN_POINT('',(112.801727,-46.960755,1.585));
#4614 = LINE('',#4615,#4616);
#4615 = CARTESIAN_POINT('',(112.906744,-47.031664,1.585));
#4616 = VECTOR('',#4617,1.);
#4617 = DIRECTION('',(-0.828766233901,0.559594969192,0.));
#4618 = ORIENTED_EDGE('',*,*,#4619,.T.);
#4619 = EDGE_CURVE('',#4612,#4620,#4622,.T.);
#4620 = VERTEX_POINT('',#4621);
#4621 = CARTESIAN_POINT('',(112.733438,-46.85307,1.585));
#4622 = LINE('',#4623,#4624);
#4623 = CARTESIAN_POINT('',(112.801727,-46.960755,1.585));
#4624 = VECTOR('',#4625,1.);
#4625 = DIRECTION('',(-0.535547345646,0.844505204585,0.));
#4626 = ORIENTED_EDGE('',*,*,#4627,.T.);
#4627 = EDGE_CURVE('',#4620,#4628,#4630,.T.);
#4628 = VERTEX_POINT('',#4629);
#4629 = CARTESIAN_POINT('',(112.709525,-46.711933,1.585));
#4630 = LINE('',#4631,#4632);
#4631 = CARTESIAN_POINT('',(112.733438,-46.85307,1.585));
#4632 = VECTOR('',#4633,1.);
#4633 = DIRECTION('',(-0.167050336431,0.985948368373,0.));
#4634 = ORIENTED_EDGE('',*,*,#4635,.T.);
#4635 = EDGE_CURVE('',#4628,#4636,#4638,.T.);
#4636 = VERTEX_POINT('',#4637);
#4637 = CARTESIAN_POINT('',(112.665256,-46.097967,1.585));
#4638 = LINE('',#4639,#4640);
#4639 = CARTESIAN_POINT('',(112.709525,-46.711933,1.585));
#4640 = VECTOR('',#4641,1.);
#4641 = DIRECTION('',(-7.191664015648E-02,0.997410646057,0.));
#4642 = ORIENTED_EDGE('',*,*,#4643,.T.);
#4643 = EDGE_CURVE('',#4636,#4644,#4646,.T.);
#4644 = VERTEX_POINT('',#4645);
#4645 = CARTESIAN_POINT('',(112.76448,-44.150436,1.585));
#4646 = LINE('',#4647,#4648);
#4647 = CARTESIAN_POINT('',(112.665256,-46.097967,1.585));
#4648 = VECTOR('',#4649,1.);
#4649 = DIRECTION('',(5.088261459129E-02,0.998704640788,0.));
#4650 = ORIENTED_EDGE('',*,*,#4651,.T.);
#4651 = EDGE_CURVE('',#4644,#4652,#4654,.T.);
#4652 = VERTEX_POINT('',#4653);
#4653 = CARTESIAN_POINT('',(112.740361,-43.502276,1.585));
#4654 = LINE('',#4655,#4656);
#4655 = CARTESIAN_POINT('',(112.76448,-44.150436,1.585));
#4656 = VECTOR('',#4657,1.);
#4657 = DIRECTION('',(-3.718575443088E-02,0.999308370658,0.));
#4658 = ORIENTED_EDGE('',*,*,#4659,.T.);
#4659 = EDGE_CURVE('',#4652,#4660,#4662,.T.);
#4660 = VERTEX_POINT('',#4661);
#4661 = CARTESIAN_POINT('',(112.765235,-43.367414,1.585));
#4662 = LINE('',#4663,#4664);
#4663 = CARTESIAN_POINT('',(112.740361,-43.502276,1.585));
#4664 = VECTOR('',#4665,1.);
#4665 = DIRECTION('',(0.181381057832,0.983412889818,0.));
#4666 = ORIENTED_EDGE('',*,*,#4667,.T.);
#4667 = EDGE_CURVE('',#4660,#4223,#4668,.T.);
#4668 = LINE('',#4669,#4670);
#4669 = CARTESIAN_POINT('',(112.765235,-43.367414,1.585));
#4670 = VECTOR('',#4671,1.);
#4671 = DIRECTION('',(0.565662808853,0.824636639181,0.));
#4672 = PLANE('',#4673);
#4673 = AXIS2_PLACEMENT_3D('',#4674,#4675,#4676);
#4674 = CARTESIAN_POINT('',(0.,0.,1.585));
#4675 = DIRECTION('',(0.,0.,1.));
#4676 = DIRECTION('',(1.,0.,-0.));
#4677 = SHELL_BASED_SURFACE_MODEL('',(#4678));
#4678 = OPEN_SHELL('',(#4679));
#4679 = ADVANCED_FACE('',(#4680),#5035,.T.);
#4680 = FACE_BOUND('',#4681,.F.);
#4681 = EDGE_LOOP('',(#4682,#4693,#4701,#4709,#4717,#4725,#4733,#4741,
    #4749,#4757,#4765,#4773,#4781,#4789,#4797,#4805,#4813,#4821,#4829,
    #4837,#4845,#4853,#4861,#4869,#4877,#4885,#4893,#4901,#4909,#4917,
    #4925,#4933,#4941,#4949,#4957,#4965,#4973,#4981,#4989,#4997,#5005,
    #5013,#5021,#5029));
#4682 = ORIENTED_EDGE('',*,*,#4683,.T.);
#4683 = EDGE_CURVE('',#4684,#4686,#4688,.T.);
#4684 = VERTEX_POINT('',#4685);
#4685 = CARTESIAN_POINT('',(125.540019,-43.527078,1.585));
#4686 = VERTEX_POINT('',#4687);
#4687 = CARTESIAN_POINT('',(126.433836,-43.304745,1.585));
#4688 = CIRCLE('',#4689,1.896557714133);
#4689 = AXIS2_PLACEMENT_3D('',#4690,#4691,#4692);
#4690 = CARTESIAN_POINT('',(126.43103510253,-45.2013006459,1.585));
#4691 = DIRECTION('',(0.,0.,-1.));
#4692 = DIRECTION('',(-0.469807006608,0.882769152464,0.));
#4693 = ORIENTED_EDGE('',*,*,#4694,.T.);
#4694 = EDGE_CURVE('',#4686,#4695,#4697,.T.);
#4695 = VERTEX_POINT('',#4696);
#4696 = CARTESIAN_POINT('',(126.606989,-43.329242,1.585));
#4697 = LINE('',#4698,#4699);
#4698 = CARTESIAN_POINT('',(126.433836,-43.304745,1.585));
#4699 = VECTOR('',#4700,1.);
#4700 = DIRECTION('',(0.990140035093,-0.140081086898,0.));
#4701 = ORIENTED_EDGE('',*,*,#4702,.T.);
#4702 = EDGE_CURVE('',#4695,#4703,#4705,.T.);
#4703 = VERTEX_POINT('',#4704);
#4704 = CARTESIAN_POINT('',(126.741492,-43.398283,1.585));
#4705 = LINE('',#4706,#4707);
#4706 = CARTESIAN_POINT('',(126.606989,-43.329242,1.585));
#4707 = VECTOR('',#4708,1.);
#4708 = DIRECTION('',(0.889642554229,-0.456657558467,0.));
#4709 = ORIENTED_EDGE('',*,*,#4710,.T.);
#4710 = EDGE_CURVE('',#4703,#4711,#4713,.T.);
#4711 = VERTEX_POINT('',#4712);
#4712 = CARTESIAN_POINT('',(126.846912,-43.513267,1.585));
#4713 = LINE('',#4714,#4715);
#4714 = CARTESIAN_POINT('',(126.741492,-43.398283,1.585));
#4715 = VECTOR('',#4716,1.);
#4716 = DIRECTION('',(0.675787327317,-0.737096661394,0.));
#4717 = ORIENTED_EDGE('',*,*,#4718,.T.);
#4718 = EDGE_CURVE('',#4711,#4719,#4721,.T.);
#4719 = VERTEX_POINT('',#4720);
#4720 = CARTESIAN_POINT('',(126.917349,-43.659423,1.585));
#4721 = LINE('',#4722,#4723);
#4722 = CARTESIAN_POINT('',(126.846912,-43.513267,1.585));
#4723 = VECTOR('',#4724,1.);
#4724 = DIRECTION('',(0.434143790109,-0.900843587705,0.));
#4725 = ORIENTED_EDGE('',*,*,#4726,.T.);
#4726 = EDGE_CURVE('',#4719,#4727,#4729,.T.);
#4727 = VERTEX_POINT('',#4728);
#4728 = CARTESIAN_POINT('',(126.96543,-43.863403,1.585));
#4729 = LINE('',#4730,#4731);
#4730 = CARTESIAN_POINT('',(126.917349,-43.659423,1.585));
#4731 = VECTOR('',#4732,1.);
#4732 = DIRECTION('',(0.229426822381,-0.973325913131,0.));
#4733 = ORIENTED_EDGE('',*,*,#4734,.T.);
#4734 = EDGE_CURVE('',#4727,#4735,#4737,.T.);
#4735 = VERTEX_POINT('',#4736);
#4736 = CARTESIAN_POINT('',(126.983688,-44.142498,1.585));
#4737 = LINE('',#4738,#4739);
#4738 = CARTESIAN_POINT('',(126.96543,-43.863403,1.585));
#4739 = VECTOR('',#4740,1.);
#4740 = DIRECTION('',(6.527905037097E-02,-0.997867048049,0.));
#4741 = ORIENTED_EDGE('',*,*,#4742,.T.);
#4742 = EDGE_CURVE('',#4735,#4743,#4745,.T.);
#4743 = VERTEX_POINT('',#4744);
#4744 = CARTESIAN_POINT('',(126.980329,-44.381856,1.585));
#4745 = LINE('',#4746,#4747);
#4746 = CARTESIAN_POINT('',(126.983688,-44.142498,1.585));
#4747 = VECTOR('',#4748,1.);
#4748 = DIRECTION('',(-1.403199097418E-02,-0.999901546768,0.));
#4749 = ORIENTED_EDGE('',*,*,#4750,.T.);
#4750 = EDGE_CURVE('',#4743,#4751,#4753,.T.);
#4751 = VERTEX_POINT('',#4752);
#4752 = CARTESIAN_POINT('',(126.944404,-44.586361,1.585));
#4753 = LINE('',#4754,#4755);
#4754 = CARTESIAN_POINT('',(126.980329,-44.381856,1.585));
#4755 = VECTOR('',#4756,1.);
#4756 = DIRECTION('',(-0.173018744058,-0.98491853176,0.));
#4757 = ORIENTED_EDGE('',*,*,#4758,.T.);
#4758 = EDGE_CURVE('',#4751,#4759,#4761,.T.);
#4759 = VERTEX_POINT('',#4760);
#4760 = CARTESIAN_POINT('',(126.874681,-44.712395,1.585));
#4761 = LINE('',#4762,#4763);
#4762 = CARTESIAN_POINT('',(126.944404,-44.586361,1.585));
#4763 = VECTOR('',#4764,1.);
#4764 = DIRECTION('',(-0.484072356427,-0.875027973121,0.));
#4765 = ORIENTED_EDGE('',*,*,#4766,.T.);
#4766 = EDGE_CURVE('',#4759,#4767,#4769,.T.);
#4767 = VERTEX_POINT('',#4768);
#4768 = CARTESIAN_POINT('',(126.775819,-44.784032,1.585));
#4769 = LINE('',#4770,#4771);
#4770 = CARTESIAN_POINT('',(126.874681,-44.712395,1.585));
#4771 = VECTOR('',#4772,1.);
#4772 = DIRECTION('',(-0.809758133886,-0.58676380649,0.));
#4773 = ORIENTED_EDGE('',*,*,#4774,.T.);
#4774 = EDGE_CURVE('',#4767,#4775,#4777,.T.);
#4775 = VERTEX_POINT('',#4776);
#4776 = CARTESIAN_POINT('',(126.638695,-44.809281,1.585));
#4777 = LINE('',#4778,#4779);
#4778 = CARTESIAN_POINT('',(126.775819,-44.784032,1.585));
#4779 = VECTOR('',#4780,1.);
#4780 = DIRECTION('',(-0.983466838244,-0.181088315676,0.));
#4781 = ORIENTED_EDGE('',*,*,#4782,.T.);
#4782 = EDGE_CURVE('',#4775,#4783,#4785,.T.);
#4783 = VERTEX_POINT('',#4784);
#4784 = CARTESIAN_POINT('',(126.508718,-44.787682,1.585));
#4785 = LINE('',#4786,#4787);
#4786 = CARTESIAN_POINT('',(126.638695,-44.809281,1.585));
#4787 = VECTOR('',#4788,1.);
#4788 = DIRECTION('',(-0.986472373734,0.163927593346,0.));
#4789 = ORIENTED_EDGE('',*,*,#4790,.T.);
#4790 = EDGE_CURVE('',#4783,#4791,#4793,.T.);
#4791 = VERTEX_POINT('',#4792);
#4792 = CARTESIAN_POINT('',(126.421728,-44.728878,1.585));
#4793 = LINE('',#4794,#4795);
#4794 = CARTESIAN_POINT('',(126.508718,-44.787682,1.585));
#4795 = VECTOR('',#4796,1.);
#4796 = DIRECTION('',(-0.828469783818,0.560033764429,0.));
#4797 = ORIENTED_EDGE('',*,*,#4798,.T.);
#4798 = EDGE_CURVE('',#4791,#4799,#4801,.T.);
#4799 = VERTEX_POINT('',#4800);
#4800 = CARTESIAN_POINT('',(126.366331,-44.629765,1.585));
#4801 = LINE('',#4802,#4803);
#4802 = CARTESIAN_POINT('',(126.421728,-44.728878,1.585));
#4803 = VECTOR('',#4804,1.);
#4804 = DIRECTION('',(-0.487890640725,0.872904761525,0.));
#4805 = ORIENTED_EDGE('',*,*,#4806,.T.);
#4806 = EDGE_CURVE('',#4799,#4807,#4809,.T.);
#4807 = VERTEX_POINT('',#4808);
#4808 = CARTESIAN_POINT('',(126.344993,-44.472836,1.585));
#4809 = LINE('',#4810,#4811);
#4810 = CARTESIAN_POINT('',(126.366331,-44.629765,1.585));
#4811 = VECTOR('',#4812,1.);
#4812 = DIRECTION('',(-0.134732523716,0.990882004607,0.));
#4813 = ORIENTED_EDGE('',*,*,#4814,.T.);
#4814 = EDGE_CURVE('',#4807,#4815,#4817,.T.);
#4815 = VERTEX_POINT('',#4816);
#4816 = CARTESIAN_POINT('',(126.324537,-43.949546,1.585));
#4817 = LINE('',#4818,#4819);
#4818 = CARTESIAN_POINT('',(126.344993,-44.472836,1.585));
#4819 = VECTOR('',#4820,1.);
#4820 = DIRECTION('',(-3.906130121183E-02,0.999236816149,0.));
#4821 = ORIENTED_EDGE('',*,*,#4822,.T.);
#4822 = EDGE_CURVE('',#4815,#4823,#4825,.T.);
#4823 = VERTEX_POINT('',#4824);
#4824 = CARTESIAN_POINT('',(125.971805,-44.016521,1.585));
#4825 = LINE('',#4826,#4827);
#4826 = CARTESIAN_POINT('',(126.324537,-43.949546,1.585));
#4827 = VECTOR('',#4828,1.);
#4828 = DIRECTION('',(-0.98244695882,-0.186542148336,0.));
#4829 = ORIENTED_EDGE('',*,*,#4830,.T.);
#4830 = EDGE_CURVE('',#4823,#4831,#4833,.T.);
#4831 = VERTEX_POINT('',#4832);
#4832 = CARTESIAN_POINT('',(125.687761,-44.119135,1.585));
#4833 = LINE('',#4834,#4835);
#4834 = CARTESIAN_POINT('',(125.971805,-44.016521,1.585));
#4835 = VECTOR('',#4836,1.);
#4836 = DIRECTION('',(-0.940508878036,-0.339769113274,0.));
#4837 = ORIENTED_EDGE('',*,*,#4838,.T.);
#4838 = EDGE_CURVE('',#4831,#4839,#4841,.T.);
#4839 = VERTEX_POINT('',#4840);
#4840 = CARTESIAN_POINT('',(125.460528,-44.253018,1.585));
#4841 = LINE('',#4842,#4843);
#4842 = CARTESIAN_POINT('',(125.687761,-44.119135,1.585));
#4843 = VECTOR('',#4844,1.);
#4844 = DIRECTION('',(-0.861575211266,-0.507629939357,0.));
#4845 = ORIENTED_EDGE('',*,*,#4846,.T.);
#4846 = EDGE_CURVE('',#4839,#4847,#4849,.T.);
#4847 = VERTEX_POINT('',#4848);
#4848 = CARTESIAN_POINT('',(125.276857,-44.417442,1.585));
#4849 = LINE('',#4850,#4851);
#4850 = CARTESIAN_POINT('',(125.460528,-44.253018,1.585));
#4851 = VECTOR('',#4852,1.);
#4852 = DIRECTION('',(-0.745066339233,-0.666990367353,0.));
#4853 = ORIENTED_EDGE('',*,*,#4854,.T.);
#4854 = EDGE_CURVE('',#4847,#4855,#4857,.T.);
#4855 = VERTEX_POINT('',#4856);
#4856 = CARTESIAN_POINT('',(125.108182,-44.636819,1.585));
#4857 = LINE('',#4858,#4859);
#4858 = CARTESIAN_POINT('',(125.276857,-44.417442,1.585));
#4859 = VECTOR('',#4860,1.);
#4860 = DIRECTION('',(-0.609536980722,-0.792757635808,0.));
#4861 = ORIENTED_EDGE('',*,*,#4862,.T.);
#4862 = EDGE_CURVE('',#4855,#4863,#4865,.T.);
#4863 = VERTEX_POINT('',#4864);
#4864 = CARTESIAN_POINT('',(124.954945,-44.921327,1.585));
#4865 = LINE('',#4866,#4867);
#4866 = CARTESIAN_POINT('',(125.108182,-44.636819,1.585));
#4867 = VECTOR('',#4868,1.);
#4868 = DIRECTION('',(-0.474196701709,-0.880418927607,0.));
#4869 = ORIENTED_EDGE('',*,*,#4870,.T.);
#4870 = EDGE_CURVE('',#4863,#4871,#4873,.T.);
#4871 = VERTEX_POINT('',#4872);
#4872 = CARTESIAN_POINT('',(124.961662,-46.79009,1.585));
#4873 = LINE('',#4874,#4875);
#4874 = CARTESIAN_POINT('',(124.954945,-44.921327,1.585));
#4875 = VECTOR('',#4876,1.);
#4876 = DIRECTION('',(3.594333048458E-03,-0.999993540364,0.));
#4877 = ORIENTED_EDGE('',*,*,#4878,.T.);
#4878 = EDGE_CURVE('',#4871,#4879,#4881,.T.);
#4879 = VERTEX_POINT('',#4880);
#4880 = CARTESIAN_POINT('',(124.938346,-46.947181,1.585));
#4881 = LINE('',#4882,#4883);
#4882 = CARTESIAN_POINT('',(124.961662,-46.79009,1.585));
#4883 = VECTOR('',#4884,1.);
#4884 = DIRECTION('',(-0.146815198784,-0.98916393859,0.));
#4885 = ORIENTED_EDGE('',*,*,#4886,.T.);
#4886 = EDGE_CURVE('',#4879,#4887,#4889,.T.);
#4887 = VERTEX_POINT('',#4888);
#4888 = CARTESIAN_POINT('',(124.876596,-47.048882,1.585));
#4889 = LINE('',#4890,#4891);
#4890 = CARTESIAN_POINT('',(124.938346,-46.947181,1.585));
#4891 = VECTOR('',#4892,1.);
#4892 = DIRECTION('',(-0.518996337994,-0.854776462678,0.));
#4893 = ORIENTED_EDGE('',*,*,#4894,.T.);
#4894 = EDGE_CURVE('',#4887,#4895,#4897,.T.);
#4895 = VERTEX_POINT('',#4896);
#4896 = CARTESIAN_POINT('',(124.776627,-47.111119,1.585));
#4897 = LINE('',#4898,#4899);
#4898 = CARTESIAN_POINT('',(124.876596,-47.048882,1.585));
#4899 = VECTOR('',#4900,1.);
#4900 = DIRECTION('',(-0.848926814422,-0.528510419722,0.));
#4901 = ORIENTED_EDGE('',*,*,#4902,.T.);
#4902 = EDGE_CURVE('',#4895,#4903,#4905,.T.);
#4903 = VERTEX_POINT('',#4904);
#4904 = CARTESIAN_POINT('',(124.623386,-47.134473,1.585));
#4905 = LINE('',#4906,#4907);
#4906 = CARTESIAN_POINT('',(124.776627,-47.111119,1.585));
#4907 = VECTOR('',#4908,1.);
#4908 = DIRECTION('',(-0.988585502363,-0.150660892465,0.));
#4909 = ORIENTED_EDGE('',*,*,#4910,.T.);
#4910 = EDGE_CURVE('',#4903,#4911,#4913,.T.);
#4911 = VERTEX_POINT('',#4912);
#4912 = CARTESIAN_POINT('',(124.490551,-47.11233,1.585));
#4913 = LINE('',#4914,#4915);
#4914 = CARTESIAN_POINT('',(124.623386,-47.134473,1.585));
#4915 = VECTOR('',#4916,1.);
#4916 = DIRECTION('',(-0.986389307484,0.164426682995,0.));
#4917 = ORIENTED_EDGE('',*,*,#4918,.T.);
#4918 = EDGE_CURVE('',#4911,#4919,#4921,.T.);
#4919 = VERTEX_POINT('',#4920);
#4920 = CARTESIAN_POINT('',(124.401565,-47.051999,1.585));
#4921 = LINE('',#4922,#4923);
#4922 = CARTESIAN_POINT('',(124.490551,-47.11233,1.585));
#4923 = VECTOR('',#4924,1.);
#4924 = DIRECTION('',(-0.827701981068,0.561167916524,0.));
#4925 = ORIENTED_EDGE('',*,*,#4926,.T.);
#4926 = EDGE_CURVE('',#4919,#4927,#4929,.T.);
#4927 = VERTEX_POINT('',#4928);
#4928 = CARTESIAN_POINT('',(124.344834,-46.950197,1.585));
#4929 = LINE('',#4930,#4931);
#4930 = CARTESIAN_POINT('',(124.401565,-47.051999,1.585));
#4931 = VECTOR('',#4932,1.);
#4932 = DIRECTION('',(-0.486785596612,0.873521483955,0.));
#4933 = ORIENTED_EDGE('',*,*,#4934,.T.);
#4934 = EDGE_CURVE('',#4927,#4935,#4937,.T.);
#4935 = VERTEX_POINT('',#4936);
#4936 = CARTESIAN_POINT('',(124.322967,-46.788869,1.585));
#4937 = LINE('',#4938,#4939);
#4938 = CARTESIAN_POINT('',(124.344834,-46.950197,1.585));
#4939 = VECTOR('',#4940,1.);
#4940 = DIRECTION('',(-0.134315523104,0.990938615785,0.));
#4941 = ORIENTED_EDGE('',*,*,#4942,.T.);
#4942 = EDGE_CURVE('',#4935,#4943,#4945,.T.);
#4943 = VERTEX_POINT('',#4944);
#4944 = CARTESIAN_POINT('',(124.322967,-44.386435,1.585));
#4945 = LINE('',#4946,#4947);
#4946 = CARTESIAN_POINT('',(124.322967,-46.788869,1.585));
#4947 = VECTOR('',#4948,1.);
#4948 = DIRECTION('',(0.,1.,0.));
#4949 = ORIENTED_EDGE('',*,*,#4950,.T.);
#4950 = EDGE_CURVE('',#4943,#4951,#4953,.T.);
#4951 = VERTEX_POINT('',#4952);
#4952 = CARTESIAN_POINT('',(124.340064,-43.708967,1.585));
#4953 = LINE('',#4954,#4955);
#4954 = CARTESIAN_POINT('',(124.322967,-44.386435,1.585));
#4955 = VECTOR('',#4956,1.);
#4956 = DIRECTION('',(2.522858374474E-02,0.999681708626,0.));
#4957 = ORIENTED_EDGE('',*,*,#4958,.T.);
#4958 = EDGE_CURVE('',#4951,#4959,#4961,.T.);
#4959 = VERTEX_POINT('',#4960);
#4960 = CARTESIAN_POINT('',(124.361931,-43.547639,1.585));
#4961 = LINE('',#4962,#4963);
#4962 = CARTESIAN_POINT('',(124.340064,-43.708967,1.585));
#4963 = VECTOR('',#4964,1.);
#4964 = DIRECTION('',(0.134315523104,0.990938615785,0.));
#4965 = ORIENTED_EDGE('',*,*,#4966,.T.);
#4966 = EDGE_CURVE('',#4959,#4967,#4969,.T.);
#4967 = VERTEX_POINT('',#4968);
#4968 = CARTESIAN_POINT('',(124.418662,-43.445837,1.585));
#4969 = LINE('',#4970,#4971);
#4970 = CARTESIAN_POINT('',(124.361931,-43.547639,1.585));
#4971 = VECTOR('',#4972,1.);
#4972 = DIRECTION('',(0.486785596612,0.873521483955,0.));
#4973 = ORIENTED_EDGE('',*,*,#4974,.T.);
#4974 = EDGE_CURVE('',#4967,#4975,#4977,.T.);
#4975 = VERTEX_POINT('',#4976);
#4976 = CARTESIAN_POINT('',(124.507648,-43.385505,1.585));
#4977 = LINE('',#4978,#4979);
#4978 = CARTESIAN_POINT('',(124.418662,-43.445837,1.585));
#4979 = VECTOR('',#4980,1.);
#4980 = DIRECTION('',(0.827697660714,0.561174288834,0.));
#4981 = ORIENTED_EDGE('',*,*,#4982,.T.);
#4982 = EDGE_CURVE('',#4975,#4983,#4985,.T.);
#4983 = VERTEX_POINT('',#4984);
#4984 = CARTESIAN_POINT('',(124.640483,-43.363363,1.585));
#4985 = LINE('',#4986,#4987);
#4986 = CARTESIAN_POINT('',(124.507648,-43.385505,1.585));
#4987 = VECTOR('',#4988,1.);
#4988 = DIRECTION('',(0.98639051182,0.16441945807,0.));
#4989 = ORIENTED_EDGE('',*,*,#4990,.T.);
#4990 = EDGE_CURVE('',#4983,#4991,#4993,.T.);
#4991 = VERTEX_POINT('',#4992);
#4992 = CARTESIAN_POINT('',(124.776343,-43.39366,1.585));
#4993 = LINE('',#4994,#4995);
#4994 = CARTESIAN_POINT('',(124.640483,-43.363363,1.585));
#4995 = VECTOR('',#4996,1.);
#4996 = DIRECTION('',(0.976025699158,-0.217655311404,0.));
#4997 = ORIENTED_EDGE('',*,*,#4998,.T.);
#4998 = EDGE_CURVE('',#4991,#4999,#5001,.T.);
#4999 = VERTEX_POINT('',#5000);
#5000 = CARTESIAN_POINT('',(124.876793,-43.483515,1.585));
#5001 = LINE('',#5002,#5003);
#5002 = CARTESIAN_POINT('',(124.776343,-43.39366,1.585));
#5003 = VECTOR('',#5004,1.);
#5004 = DIRECTION('',(0.745319901258,-0.666707015704,0.));
#5005 = ORIENTED_EDGE('',*,*,#5006,.T.);
#5006 = EDGE_CURVE('',#4999,#5007,#5009,.T.);
#5007 = VERTEX_POINT('',#5008);
#5008 = CARTESIAN_POINT('',(124.948256,-43.652567,1.585));
#5009 = LINE('',#5010,#5011);
#5010 = CARTESIAN_POINT('',(124.876793,-43.483515,1.585));
#5011 = VECTOR('',#5012,1.);
#5012 = DIRECTION('',(0.389367315516,-0.921082566119,0.));
#5013 = ORIENTED_EDGE('',*,*,#5014,.T.);
#5014 = EDGE_CURVE('',#5007,#5015,#5017,.T.);
#5015 = VERTEX_POINT('',#5016);
#5016 = CARTESIAN_POINT('',(124.978759,-43.942524,1.585));
#5017 = LINE('',#5018,#5019);
#5018 = CARTESIAN_POINT('',(124.948256,-43.652567,1.585));
#5019 = VECTOR('',#5020,1.);
#5020 = DIRECTION('',(0.104621045273,-0.99451216025,0.));
#5021 = ORIENTED_EDGE('',*,*,#5022,.T.);
#5022 = EDGE_CURVE('',#5015,#5023,#5025,.T.);
#5023 = VERTEX_POINT('',#5024);
#5024 = CARTESIAN_POINT('',(125.257683,-43.70487,1.585));
#5025 = LINE('',#5026,#5027);
#5026 = CARTESIAN_POINT('',(124.978759,-43.942524,1.585));
#5027 = VECTOR('',#5028,1.);
#5028 = DIRECTION('',(0.761173075649,0.648548802255,0.));
#5029 = ORIENTED_EDGE('',*,*,#5030,.T.);
#5030 = EDGE_CURVE('',#5023,#4684,#5031,.T.);
#5031 = LINE('',#5032,#5033);
#5032 = CARTESIAN_POINT('',(125.257683,-43.70487,1.585));
#5033 = VECTOR('',#5034,1.);
#5034 = DIRECTION('',(0.846199204539,0.532866687115,0.));
#5035 = PLANE('',#5036);
#5036 = AXIS2_PLACEMENT_3D('',#5037,#5038,#5039);
#5037 = CARTESIAN_POINT('',(0.,0.,1.585));
#5038 = DIRECTION('',(0.,0.,1.));
#5039 = DIRECTION('',(1.,0.,-0.));
#5040 = SHELL_BASED_SURFACE_MODEL('',(#5041));
#5041 = OPEN_SHELL('',(#5042));
#5042 = ADVANCED_FACE('',(#5043),#5544,.T.);
#5043 = FACE_BOUND('',#5044,.F.);
#5044 = EDGE_LOOP('',(#5045,#5056,#5064,#5072,#5080,#5088,#5096,#5104,
    #5112,#5120,#5128,#5136,#5144,#5152,#5160,#5168,#5176,#5184,#5192,
    #5200,#5208,#5216,#5224,#5232,#5240,#5248,#5256,#5264,#5273,#5281,
    #5289,#5297,#5305,#5313,#5321,#5329,#5337,#5345,#5353,#5361,#5369,
    #5377,#5385,#5393,#5401,#5409,#5417,#5425,#5433,#5441,#5449,#5457,
    #5466,#5474,#5482,#5490,#5498,#5506,#5514,#5522,#5530,#5538));
#5045 = ORIENTED_EDGE('',*,*,#5046,.T.);
#5046 = EDGE_CURVE('',#5047,#5049,#5051,.T.);
#5047 = VERTEX_POINT('',#5048);
#5048 = CARTESIAN_POINT('',(81.65437,-41.62862,1.585));
#5049 = VERTEX_POINT('',#5050);
#5050 = CARTESIAN_POINT('',(81.970952,-41.42896,1.585));
#5051 = CIRCLE('',#5052,0.335906682807);
#5052 = AXIS2_PLACEMENT_3D('',#5053,#5054,#5055);
#5053 = CARTESIAN_POINT('',(81.961463870124,-41.76473265366,1.585));
#5054 = DIRECTION('',(0.,0.,-1.));
#5055 = DIRECTION('',(-0.914223758689,0.405209722302,0.));
#5056 = ORIENTED_EDGE('',*,*,#5057,.T.);
#5057 = EDGE_CURVE('',#5049,#5058,#5060,.T.);
#5058 = VERTEX_POINT('',#5059);
#5059 = CARTESIAN_POINT('',(82.098188,-41.448415,1.585));
#5060 = LINE('',#5061,#5062);
#5061 = CARTESIAN_POINT('',(81.970952,-41.42896,1.585));
#5062 = VECTOR('',#5063,1.);
#5063 = DIRECTION('',(0.988511123733,-0.151148133486,0.));
#5064 = ORIENTED_EDGE('',*,*,#5065,.T.);
#5065 = EDGE_CURVE('',#5058,#5066,#5068,.T.);
#5066 = VERTEX_POINT('',#5067);
#5067 = CARTESIAN_POINT('',(82.19069,-41.502352,1.585));
#5068 = LINE('',#5069,#5070);
#5069 = CARTESIAN_POINT('',(82.098188,-41.448415,1.585));
#5070 = VECTOR('',#5071,1.);
#5071 = DIRECTION('',(0.863870340509,-0.503714239217,0.));
#5072 = ORIENTED_EDGE('',*,*,#5073,.T.);
#5073 = EDGE_CURVE('',#5066,#5074,#5076,.T.);
#5074 = VERTEX_POINT('',#5075);
#5075 = CARTESIAN_POINT('',(82.25741,-41.592442,1.585));
#5076 = LINE('',#5077,#5078);
#5077 = CARTESIAN_POINT('',(82.19069,-41.502352,1.585));
#5078 = VECTOR('',#5079,1.);
#5079 = DIRECTION('',(0.595150751081,-0.803614076213,0.));
#5080 = ORIENTED_EDGE('',*,*,#5081,.T.);
#5081 = EDGE_CURVE('',#5074,#5082,#5084,.T.);
#5082 = VERTEX_POINT('',#5083);
#5083 = CARTESIAN_POINT('',(82.298848,-41.7306,1.585));
#5084 = LINE('',#5085,#5086);
#5085 = CARTESIAN_POINT('',(82.25741,-41.592442,1.585));
#5086 = VECTOR('',#5087,1.);
#5087 = DIRECTION('',(0.287288096157,-0.95784422001,0.));
#5088 = ORIENTED_EDGE('',*,*,#5089,.T.);
#5089 = EDGE_CURVE('',#5082,#5090,#5092,.T.);
#5090 = VERTEX_POINT('',#5091);
#5091 = CARTESIAN_POINT('',(82.340658,-42.055975,1.585));
#5092 = LINE('',#5093,#5094);
#5093 = CARTESIAN_POINT('',(82.298848,-41.7306,1.585));
#5094 = VECTOR('',#5095,1.);
#5095 = DIRECTION('',(0.127449986583,-0.991844998435,0.));
#5096 = ORIENTED_EDGE('',*,*,#5097,.T.);
#5097 = EDGE_CURVE('',#5090,#5098,#5100,.T.);
#5098 = VERTEX_POINT('',#5099);
#5099 = CARTESIAN_POINT('',(82.353497,-42.330521,1.585));
#5100 = LINE('',#5101,#5102);
#5101 = CARTESIAN_POINT('',(82.340658,-42.055975,1.585));
#5102 = VECTOR('',#5103,1.);
#5103 = DIRECTION('',(4.671342534778E-02,-0.998908332077,0.));
#5104 = ORIENTED_EDGE('',*,*,#5105,.T.);
#5105 = EDGE_CURVE('',#5098,#5106,#5108,.T.);
#5106 = VERTEX_POINT('',#5107);
#5107 = CARTESIAN_POINT('',(82.329378,-43.081263,1.585));
#5108 = LINE('',#5109,#5110);
#5109 = CARTESIAN_POINT('',(82.353497,-42.330521,1.585));
#5110 = VECTOR('',#5111,1.);
#5111 = DIRECTION('',(-3.211031562901E-02,-0.999484330858,0.));
#5112 = ORIENTED_EDGE('',*,*,#5113,.T.);
#5113 = EDGE_CURVE('',#5106,#5114,#5116,.T.);
#5114 = VERTEX_POINT('',#5115);
#5115 = CARTESIAN_POINT('',(82.312587,-43.830478,1.585));
#5116 = LINE('',#5117,#5118);
#5117 = CARTESIAN_POINT('',(82.329378,-43.081263,1.585));
#5118 = VECTOR('',#5119,1.);
#5119 = DIRECTION('',(-2.240583110503E-02,-0.999748957855,0.));
#5120 = ORIENTED_EDGE('',*,*,#5121,.T.);
#5121 = EDGE_CURVE('',#5114,#5122,#5124,.T.);
#5122 = VERTEX_POINT('',#5123);
#5123 = CARTESIAN_POINT('',(82.315945,-44.131202,1.585));
#5124 = LINE('',#5125,#5126);
#5125 = CARTESIAN_POINT('',(82.312587,-43.830478,1.585));
#5126 = VECTOR('',#5127,1.);
#5127 = DIRECTION('',(1.116568903103E-02,-0.999937661751,0.));
#5128 = ORIENTED_EDGE('',*,*,#5129,.T.);
#5129 = EDGE_CURVE('',#5122,#5130,#5132,.T.);
#5130 = VERTEX_POINT('',#5131);
#5131 = CARTESIAN_POINT('',(82.515162,-43.893015,1.585));
#5132 = LINE('',#5133,#5134);
#5133 = CARTESIAN_POINT('',(82.315945,-44.131202,1.585));
#5134 = VECTOR('',#5135,1.);
#5135 = DIRECTION('',(0.641566673359,0.767067274517,0.));
#5136 = ORIENTED_EDGE('',*,*,#5137,.T.);
#5137 = EDGE_CURVE('',#5130,#5138,#5140,.T.);
#5138 = VERTEX_POINT('',#5139);
#5139 = CARTESIAN_POINT('',(82.714648,-43.70795,1.585));
#5140 = LINE('',#5141,#5142);
#5141 = CARTESIAN_POINT('',(82.515162,-43.893015,1.585));
#5142 = VECTOR('',#5143,1.);
#5143 = DIRECTION('',(0.73310859607,0.680111598466,0.));
#5144 = ORIENTED_EDGE('',*,*,#5145,.T.);
#5145 = EDGE_CURVE('',#5138,#5146,#5148,.T.);
#5146 = VERTEX_POINT('',#5147);
#5147 = CARTESIAN_POINT('',(82.915256,-43.569138,1.585));
#5148 = LINE('',#5149,#5150);
#5149 = CARTESIAN_POINT('',(82.714648,-43.70795,1.585));
#5150 = VECTOR('',#5151,1.);
#5151 = DIRECTION('',(0.822327342862,0.569014710866,0.));
#5152 = ORIENTED_EDGE('',*,*,#5153,.T.);
#5153 = EDGE_CURVE('',#5146,#5154,#5156,.T.);
#5154 = VERTEX_POINT('',#5155);
#5155 = CARTESIAN_POINT('',(83.134182,-43.465058,1.585));
#5156 = LINE('',#5157,#5158);
#5157 = CARTESIAN_POINT('',(82.915256,-43.569138,1.585));
#5158 = VECTOR('',#5159,1.);
#5159 = DIRECTION('',(0.903133322769,0.429360223244,0.));
#5160 = ORIENTED_EDGE('',*,*,#5161,.T.);
#5161 = EDGE_CURVE('',#5154,#5162,#5164,.T.);
#5162 = VERTEX_POINT('',#5163);
#5163 = CARTESIAN_POINT('',(83.359114,-43.403495,1.585));
#5164 = LINE('',#5165,#5166);
#5165 = CARTESIAN_POINT('',(83.134182,-43.465058,1.585));
#5166 = VECTOR('',#5167,1.);
#5167 = DIRECTION('',(0.964526232466,0.263987020296,0.));
#5168 = ORIENTED_EDGE('',*,*,#5169,.T.);
#5169 = EDGE_CURVE('',#5162,#5170,#5172,.T.);
#5170 = VERTEX_POINT('',#5171);
#5171 = CARTESIAN_POINT('',(83.593335,-43.382903,1.585));
#5172 = LINE('',#5173,#5174);
#5173 = CARTESIAN_POINT('',(83.359114,-43.403495,1.585));
#5174 = VECTOR('',#5175,1.);
#5175 = DIRECTION('',(0.996157563912,8.757915198069E-02,0.));
#5176 = ORIENTED_EDGE('',*,*,#5177,.T.);
#5177 = EDGE_CURVE('',#5170,#5178,#5180,.T.);
#5178 = VERTEX_POINT('',#5179);
#5179 = CARTESIAN_POINT('',(83.872992,-43.409637,1.585));
#5180 = LINE('',#5181,#5182);
#5181 = CARTESIAN_POINT('',(83.593335,-43.382903,1.585));
#5182 = VECTOR('',#5183,1.);
#5183 = DIRECTION('',(0.995461814045,-9.516184517708E-02,0.));
#5184 = ORIENTED_EDGE('',*,*,#5185,.T.);
#5185 = EDGE_CURVE('',#5178,#5186,#5188,.T.);
#5186 = VERTEX_POINT('',#5187);
#5187 = CARTESIAN_POINT('',(84.086942,-43.48254,1.585));
#5188 = LINE('',#5189,#5190);
#5189 = CARTESIAN_POINT('',(83.872992,-43.409637,1.585));
#5190 = VECTOR('',#5191,1.);
#5191 = DIRECTION('',(0.946556795122,-0.322537181747,0.));
#5192 = ORIENTED_EDGE('',*,*,#5193,.T.);
#5193 = EDGE_CURVE('',#5186,#5194,#5196,.T.);
#5194 = VERTEX_POINT('',#5195);
#5195 = CARTESIAN_POINT('',(84.250151,-43.595882,1.585));
#5196 = LINE('',#5197,#5198);
#5197 = CARTESIAN_POINT('',(84.086942,-43.48254,1.585));
#5198 = VECTOR('',#5199,1.);
#5199 = DIRECTION('',(0.821364267617,-0.570404014609,0.));
#5200 = ORIENTED_EDGE('',*,*,#5201,.T.);
#5201 = EDGE_CURVE('',#5194,#5202,#5204,.T.);
#5202 = VERTEX_POINT('',#5203);
#5203 = CARTESIAN_POINT('',(84.372165,-43.751404,1.585));
#5204 = LINE('',#5205,#5206);
#5205 = CARTESIAN_POINT('',(84.250151,-43.595882,1.585));
#5206 = VECTOR('',#5207,1.);
#5207 = DIRECTION('',(0.617252563002,-0.786765068789,0.));
#5208 = ORIENTED_EDGE('',*,*,#5209,.T.);
#5209 = EDGE_CURVE('',#5202,#5210,#5212,.T.);
#5210 = VERTEX_POINT('',#5211);
#5211 = CARTESIAN_POINT('',(84.448771,-43.932859,1.585));
#5212 = LINE('',#5213,#5214);
#5213 = CARTESIAN_POINT('',(84.372165,-43.751404,1.585));
#5214 = VECTOR('',#5215,1.);
#5215 = DIRECTION('',(0.388936128941,-0.921264721784,0.));
#5216 = ORIENTED_EDGE('',*,*,#5217,.T.);
#5217 = EDGE_CURVE('',#5210,#5218,#5220,.T.);
#5218 = VERTEX_POINT('',#5219);
#5219 = CARTESIAN_POINT('',(84.50904,-44.212589,1.585));
#5220 = LINE('',#5221,#5222);
#5221 = CARTESIAN_POINT('',(84.448771,-43.932859,1.585));
#5222 = VECTOR('',#5223,1.);
#5223 = DIRECTION('',(0.210621072164,-0.977567779727,0.));
#5224 = ORIENTED_EDGE('',*,*,#5225,.T.);
#5225 = EDGE_CURVE('',#5218,#5226,#5228,.T.);
#5226 = VERTEX_POINT('',#5227);
#5227 = CARTESIAN_POINT('',(84.542829,-44.624572,1.585));
#5228 = LINE('',#5229,#5230);
#5229 = CARTESIAN_POINT('',(84.50904,-44.212589,1.585));
#5230 = VECTOR('',#5231,1.);
#5231 = DIRECTION('',(8.174106332866E-02,-0.996653600087,0.));
#5232 = ORIENTED_EDGE('',*,*,#5233,.T.);
#5233 = EDGE_CURVE('',#5226,#5234,#5236,.T.);
#5234 = VERTEX_POINT('',#5235);
#5235 = CARTESIAN_POINT('',(84.570001,-45.27609,1.585));
#5236 = LINE('',#5237,#5238);
#5237 = CARTESIAN_POINT('',(84.542829,-44.624572,1.585));
#5238 = VECTOR('',#5239,1.);
#5239 = DIRECTION('',(4.166945470249E-02,-0.999131451084,0.));
#5240 = ORIENTED_EDGE('',*,*,#5241,.T.);
#5241 = EDGE_CURVE('',#5234,#5242,#5244,.T.);
#5242 = VERTEX_POINT('',#5243);
#5243 = CARTESIAN_POINT('',(84.638389,-45.985921,1.585));
#5244 = LINE('',#5245,#5246);
#5245 = CARTESIAN_POINT('',(84.570001,-45.27609,1.585));
#5246 = VECTOR('',#5247,1.);
#5247 = DIRECTION('',(9.590000696716E-02,-0.995390972766,0.));
#5248 = ORIENTED_EDGE('',*,*,#5249,.T.);
#5249 = EDGE_CURVE('',#5242,#5250,#5252,.T.);
#5250 = VERTEX_POINT('',#5251);
#5251 = CARTESIAN_POINT('',(84.768143,-46.787342,1.585));
#5252 = LINE('',#5253,#5254);
#5253 = CARTESIAN_POINT('',(84.638389,-45.985921,1.585));
#5254 = VECTOR('',#5255,1.);
#5255 = DIRECTION('',(0.159823721125,-0.987145570909,0.));
#5256 = ORIENTED_EDGE('',*,*,#5257,.T.);
#5257 = EDGE_CURVE('',#5250,#5258,#5260,.T.);
#5258 = VERTEX_POINT('',#5259);
#5259 = CARTESIAN_POINT('',(84.742456,-46.915742,1.585));
#5260 = LINE('',#5261,#5262);
#5261 = CARTESIAN_POINT('',(84.768143,-46.787342,1.585));
#5262 = VECTOR('',#5263,1.);
#5263 = DIRECTION('',(-0.196167536684,-0.980570393981,0.));
#5264 = ORIENTED_EDGE('',*,*,#5265,.T.);
#5265 = EDGE_CURVE('',#5258,#5266,#5268,.T.);
#5266 = VERTEX_POINT('',#5267);
#5267 = CARTESIAN_POINT('',(84.419792,-47.114933,1.585));
#5268 = CIRCLE('',#5269,0.349174644303);
#5269 = AXIS2_PLACEMENT_3D('',#5270,#5271,#5272);
#5270 = CARTESIAN_POINT('',(84.427097851064,-46.76583479495,1.585));
#5271 = DIRECTION('',(0.,0.,-1.));
#5272 = DIRECTION('',(0.903153061315,-0.429318701942,0.));
#5273 = ORIENTED_EDGE('',*,*,#5274,.T.);
#5274 = EDGE_CURVE('',#5266,#5275,#5277,.T.);
#5275 = VERTEX_POINT('',#5276);
#5276 = CARTESIAN_POINT('',(84.277286,-47.086335,1.585));
#5277 = LINE('',#5278,#5279);
#5278 = CARTESIAN_POINT('',(84.419792,-47.114933,1.585));
#5279 = VECTOR('',#5280,1.);
#5280 = DIRECTION('',(-0.980452391292,0.196756469806,0.));
#5281 = ORIENTED_EDGE('',*,*,#5282,.T.);
#5282 = EDGE_CURVE('',#5275,#5283,#5285,.T.);
#5283 = VERTEX_POINT('',#5284);
#5284 = CARTESIAN_POINT('',(84.174307,-47.003975,1.585));
#5285 = LINE('',#5286,#5287);
#5286 = CARTESIAN_POINT('',(84.277286,-47.086335,1.585));
#5287 = VECTOR('',#5288,1.);
#5288 = DIRECTION('',(-0.780954626568,0.62458776104,0.));
#5289 = ORIENTED_EDGE('',*,*,#5290,.T.);
#5290 = EDGE_CURVE('',#5283,#5291,#5293,.T.);
#5291 = VERTEX_POINT('',#5292);
#5292 = CARTESIAN_POINT('',(84.102276,-46.855425,1.585));
#5293 = LINE('',#5294,#5295);
#5294 = CARTESIAN_POINT('',(84.174307,-47.003975,1.585));
#5295 = VECTOR('',#5296,1.);
#5296 = DIRECTION('',(-0.436306647475,0.8997980381,0.));
#5297 = ORIENTED_EDGE('',*,*,#5298,.T.);
#5298 = EDGE_CURVE('',#5291,#5299,#5301,.T.);
#5299 = VERTEX_POINT('',#5300);
#5300 = CARTESIAN_POINT('',(84.032232,-46.54525,1.585));
#5301 = LINE('',#5302,#5303);
#5302 = CARTESIAN_POINT('',(84.102276,-46.855425,1.585));
#5303 = VECTOR('',#5304,1.);
#5304 = DIRECTION('',(-0.220274288184,0.975437972382,0.));
#5305 = ORIENTED_EDGE('',*,*,#5306,.T.);
#5306 = EDGE_CURVE('',#5299,#5307,#5309,.T.);
#5307 = VERTEX_POINT('',#5308);
#5308 = CARTESIAN_POINT('',(83.958784,-46.060109,1.585));
#5309 = LINE('',#5310,#5311);
#5310 = CARTESIAN_POINT('',(84.032232,-46.54525,1.585));
#5311 = VECTOR('',#5312,1.);
#5312 = DIRECTION('',(-0.149689402646,0.988733069506,0.));
#5313 = ORIENTED_EDGE('',*,*,#5314,.T.);
#5314 = EDGE_CURVE('',#5307,#5315,#5317,.T.);
#5315 = VERTEX_POINT('',#5316);
#5316 = CARTESIAN_POINT('',(83.910835,-45.586721,1.585));
#5317 = LINE('',#5318,#5319);
#5318 = CARTESIAN_POINT('',(83.958784,-46.060109,1.585));
#5319 = VECTOR('',#5320,1.);
#5320 = DIRECTION('',(-0.100773384789,0.994909405382,0.));
#5321 = ORIENTED_EDGE('',*,*,#5322,.T.);
#5322 = EDGE_CURVE('',#5315,#5323,#5325,.T.);
#5323 = VERTEX_POINT('',#5324);
#5324 = CARTESIAN_POINT('',(83.897112,-45.247697,1.585));
#5325 = LINE('',#5326,#5327);
#5326 = CARTESIAN_POINT('',(83.910835,-45.586721,1.585));
#5327 = VECTOR('',#5328,1.);
#5328 = DIRECTION('',(-4.044484009055E-02,0.999181772707,0.));
#5329 = ORIENTED_EDGE('',*,*,#5330,.T.);
#5330 = EDGE_CURVE('',#5323,#5331,#5333,.T.);
#5331 = VERTEX_POINT('',#5332);
#5332 = CARTESIAN_POINT('',(83.914209,-44.708531,1.585));
#5333 = LINE('',#5334,#5335);
#5334 = CARTESIAN_POINT('',(83.897112,-45.247697,1.585));
#5335 = VECTOR('',#5336,1.);
#5336 = DIRECTION('',(3.169415487601E-02,0.999497614078,0.));
#5337 = ORIENTED_EDGE('',*,*,#5338,.T.);
#5338 = EDGE_CURVE('',#5331,#5339,#5341,.T.);
#5339 = VERTEX_POINT('',#5340);
#5340 = CARTESIAN_POINT('',(83.884997,-44.379817,1.585));
#5341 = LINE('',#5342,#5343);
#5342 = CARTESIAN_POINT('',(83.914209,-44.708531,1.585));
#5343 = VECTOR('',#5344,1.);
#5344 = DIRECTION('',(-8.851867822294E-02,0.996074517095,0.));
#5345 = ORIENTED_EDGE('',*,*,#5346,.T.);
#5346 = EDGE_CURVE('',#5339,#5347,#5349,.T.);
#5347 = VERTEX_POINT('',#5348);
#5348 = CARTESIAN_POINT('',(83.814903,-44.193265,1.585));
#5349 = LINE('',#5350,#5351);
#5350 = CARTESIAN_POINT('',(83.884997,-44.379817,1.585));
#5351 = VECTOR('',#5352,1.);
#5352 = DIRECTION('',(-0.351726069131,0.936102970989,0.));
#5353 = ORIENTED_EDGE('',*,*,#5354,.T.);
#5354 = EDGE_CURVE('',#5347,#5355,#5357,.T.);
#5355 = VERTEX_POINT('',#5356);
#5356 = CARTESIAN_POINT('',(83.71891,-44.097903,1.585));
#5357 = LINE('',#5358,#5359);
#5358 = CARTESIAN_POINT('',(83.814903,-44.193265,1.585));
#5359 = VECTOR('',#5360,1.);
#5360 = DIRECTION('',(-0.709434634154,0.704771239384,0.));
#5361 = ORIENTED_EDGE('',*,*,#5362,.T.);
#5362 = EDGE_CURVE('',#5355,#5363,#5365,.T.);
#5363 = VERTEX_POINT('',#5364);
#5364 = CARTESIAN_POINT('',(83.59303,-44.066782,1.585));
#5365 = LINE('',#5366,#5367);
#5366 = CARTESIAN_POINT('',(83.71891,-44.097903,1.585));
#5367 = VECTOR('',#5368,1.);
#5368 = DIRECTION('',(-0.970772475134,0.240001669833,0.));
#5369 = ORIENTED_EDGE('',*,*,#5370,.T.);
#5370 = EDGE_CURVE('',#5363,#5371,#5373,.T.);
#5371 = VERTEX_POINT('',#5372);
#5372 = CARTESIAN_POINT('',(83.386822,-44.090021,1.585));
#5373 = LINE('',#5374,#5375);
#5374 = CARTESIAN_POINT('',(83.59303,-44.066782,1.585));
#5375 = VECTOR('',#5376,1.);
#5376 = DIRECTION('',(-0.993709561835,-0.11198797577,0.));
#5377 = ORIENTED_EDGE('',*,*,#5378,.T.);
#5378 = EDGE_CURVE('',#5371,#5379,#5381,.T.);
#5379 = VERTEX_POINT('',#5380);
#5380 = CARTESIAN_POINT('',(83.191615,-44.159713,1.585));
#5381 = LINE('',#5382,#5383);
#5382 = CARTESIAN_POINT('',(83.386822,-44.090021,1.585));
#5383 = VECTOR('',#5384,1.);
#5384 = DIRECTION('',(-0.941779781368,-0.33623034278,0.));
#5385 = ORIENTED_EDGE('',*,*,#5386,.T.);
#5386 = EDGE_CURVE('',#5379,#5387,#5389,.T.);
#5387 = VERTEX_POINT('',#5388);
#5388 = CARTESIAN_POINT('',(83.00294,-44.27932,1.585));
#5389 = LINE('',#5390,#5391);
#5390 = CARTESIAN_POINT('',(83.191615,-44.159713,1.585));
#5391 = VECTOR('',#5392,1.);
#5392 = DIRECTION('',(-0.844590686442,-0.535412525418,0.));
#5393 = ORIENTED_EDGE('',*,*,#5394,.T.);
#5394 = EDGE_CURVE('',#5387,#5395,#5397,.T.);
#5395 = VERTEX_POINT('',#5396);
#5396 = CARTESIAN_POINT('',(82.817864,-44.456655,1.585));
#5397 = LINE('',#5398,#5399);
#5398 = CARTESIAN_POINT('',(83.00294,-44.27932,1.585));
#5399 = VECTOR('',#5400,1.);
#5400 = DIRECTION('',(-0.722045695414,-0.691845368369,0.));
#5401 = ORIENTED_EDGE('',*,*,#5402,.T.);
#5402 = EDGE_CURVE('',#5395,#5403,#5405,.T.);
#5403 = VERTEX_POINT('',#5404);
#5404 = CARTESIAN_POINT('',(82.636956,-44.706941,1.585));
#5405 = LINE('',#5406,#5407);
#5406 = CARTESIAN_POINT('',(82.817864,-44.456655,1.585));
#5407 = VECTOR('',#5408,1.);
#5408 = DIRECTION('',(-0.585800975893,-0.810454944239,0.));
#5409 = ORIENTED_EDGE('',*,*,#5410,.T.);
#5410 = EDGE_CURVE('',#5403,#5411,#5413,.T.);
#5411 = VERTEX_POINT('',#5412);
#5412 = CARTESIAN_POINT('',(82.339759,-45.219609,1.585));
#5413 = LINE('',#5414,#5415);
#5414 = CARTESIAN_POINT('',(82.636956,-44.706941,1.585));
#5415 = VECTOR('',#5416,1.);
#5416 = DIRECTION('',(-0.501528110869,-0.865141349149,0.));
#5417 = ORIENTED_EDGE('',*,*,#5418,.T.);
#5418 = EDGE_CURVE('',#5411,#5419,#5421,.T.);
#5419 = VERTEX_POINT('',#5420);
#5420 = CARTESIAN_POINT('',(82.320526,-46.127775,1.585));
#5421 = LINE('',#5422,#5423);
#5422 = CARTESIAN_POINT('',(82.339759,-45.219609,1.585));
#5423 = VECTOR('',#5424,1.);
#5424 = DIRECTION('',(-2.117309879328E-02,-0.999775824816,0.));
#5425 = ORIENTED_EDGE('',*,*,#5426,.T.);
#5426 = EDGE_CURVE('',#5419,#5427,#5429,.T.);
#5427 = VERTEX_POINT('',#5428);
#5428 = CARTESIAN_POINT('',(82.277925,-46.581221,1.585));
#5429 = LINE('',#5430,#5431);
#5430 = CARTESIAN_POINT('',(82.320526,-46.127775,1.585));
#5431 = VECTOR('',#5432,1.);
#5432 = DIRECTION('',(-9.353754732733E-02,-0.995615752808,0.));
#5433 = ORIENTED_EDGE('',*,*,#5434,.T.);
#5434 = EDGE_CURVE('',#5427,#5435,#5437,.T.);
#5435 = VERTEX_POINT('',#5436);
#5436 = CARTESIAN_POINT('',(82.23046,-46.765666,1.585));
#5437 = LINE('',#5438,#5439);
#5438 = CARTESIAN_POINT('',(82.277925,-46.581221,1.585));
#5439 = VECTOR('',#5440,1.);
#5440 = DIRECTION('',(-0.249219740916,-0.968446963306,0.));
#5441 = ORIENTED_EDGE('',*,*,#5442,.T.);
#5442 = EDGE_CURVE('',#5435,#5443,#5445,.T.);
#5443 = VERTEX_POINT('',#5444);
#5444 = CARTESIAN_POINT('',(82.151436,-46.887496,1.585));
#5445 = LINE('',#5446,#5447);
#5446 = CARTESIAN_POINT('',(82.23046,-46.765666,1.585));
#5447 = VECTOR('',#5448,1.);
#5448 = DIRECTION('',(-0.544186913093,-0.838964006152,0.));
#5449 = ORIENTED_EDGE('',*,*,#5450,.T.);
#5450 = EDGE_CURVE('',#5443,#5451,#5453,.T.);
#5451 = VERTEX_POINT('',#5452);
#5452 = CARTESIAN_POINT('',(82.054395,-46.955209,1.585));
#5453 = LINE('',#5454,#5455);
#5454 = CARTESIAN_POINT('',(82.151436,-46.887496,1.585));
#5455 = VECTOR('',#5456,1.);
#5456 = DIRECTION('',(-0.820087387568,-0.572238304164,0.));
#5457 = ORIENTED_EDGE('',*,*,#5458,.T.);
#5458 = EDGE_CURVE('',#5451,#5459,#5461,.T.);
#5459 = VERTEX_POINT('',#5460);
#5460 = CARTESIAN_POINT('',(81.687325,-46.882597,1.585));
#5461 = CIRCLE('',#5462,0.353429480516);
#5462 = AXIS2_PLACEMENT_3D('',#5463,#5464,#5465);
#5463 = CARTESIAN_POINT('',(81.929047058261,-46.62475432655,1.585));
#5464 = DIRECTION('',(-0.,0.,-1.));
#5465 = DIRECTION('',(0.354661816992,-0.934994650021,-0.));
#5466 = ORIENTED_EDGE('',*,*,#5467,.T.);
#5467 = EDGE_CURVE('',#5459,#5468,#5470,.T.);
#5468 = VERTEX_POINT('',#5469);
#5469 = CARTESIAN_POINT('',(81.607554,-46.775885,1.585));
#5470 = LINE('',#5471,#5472);
#5471 = CARTESIAN_POINT('',(81.687325,-46.882597,1.585));
#5472 = VECTOR('',#5473,1.);
#5473 = DIRECTION('',(-0.59873589516,0.800946519967,0.));
#5474 = ORIENTED_EDGE('',*,*,#5475,.T.);
#5475 = EDGE_CURVE('',#5468,#5476,#5478,.T.);
#5476 = VERTEX_POINT('',#5477);
#5477 = CARTESIAN_POINT('',(81.581385,-46.650261,1.585));
#5478 = LINE('',#5479,#5480);
#5479 = CARTESIAN_POINT('',(81.607554,-46.775885,1.585));
#5480 = VECTOR('',#5481,1.);
#5481 = DIRECTION('',(-0.203934337251,0.978984568872,0.));
#5482 = ORIENTED_EDGE('',*,*,#5483,.T.);
#5483 = EDGE_CURVE('',#5476,#5484,#5486,.T.);
#5484 = VERTEX_POINT('',#5485);
#5485 = CARTESIAN_POINT('',(81.61222,-46.499747,1.585));
#5486 = LINE('',#5487,#5488);
#5487 = CARTESIAN_POINT('',(81.581385,-46.650261,1.585));
#5488 = VECTOR('',#5489,1.);
#5489 = DIRECTION('',(0.200696382968,0.979653490712,0.));
#5490 = ORIENTED_EDGE('',*,*,#5491,.T.);
#5491 = EDGE_CURVE('',#5484,#5492,#5494,.T.);
#5492 = VERTEX_POINT('',#5493);
#5493 = CARTESIAN_POINT('',(81.631649,-46.374846,1.585));
#5494 = LINE('',#5495,#5496);
#5495 = CARTESIAN_POINT('',(81.61222,-46.499747,1.585));
#5496 = VECTOR('',#5497,1.);
#5497 = DIRECTION('',(0.15370666298,0.988116522357,0.));
#5498 = ORIENTED_EDGE('',*,*,#5499,.T.);
#5499 = EDGE_CURVE('',#5492,#5500,#5502,.T.);
#5500 = VERTEX_POINT('',#5501);
#5501 = CARTESIAN_POINT('',(81.649773,-46.000881,1.585));
#5502 = LINE('',#5503,#5504);
#5503 = CARTESIAN_POINT('',(81.631649,-46.374846,1.585));
#5504 = VECTOR('',#5505,1.);
#5505 = DIRECTION('',(4.840761191295E-02,0.998827664369,0.));
#5506 = ORIENTED_EDGE('',*,*,#5507,.T.);
#5507 = EDGE_CURVE('',#5500,#5508,#5510,.T.);
#5508 = VERTEX_POINT('',#5509);
#5509 = CARTESIAN_POINT('',(81.660153,-45.495298,1.585));
#5510 = LINE('',#5511,#5512);
#5511 = CARTESIAN_POINT('',(81.649773,-46.000881,1.585));
#5512 = VECTOR('',#5513,1.);
#5513 = DIRECTION('',(2.052642799476E-02,0.999789310682,0.));
#5514 = ORIENTED_EDGE('',*,*,#5515,.T.);
#5515 = EDGE_CURVE('',#5508,#5516,#5518,.T.);
#5516 = VERTEX_POINT('',#5517);
#5517 = CARTESIAN_POINT('',(81.670228,-42.983565,1.585));
#5518 = LINE('',#5519,#5520);
#5519 = CARTESIAN_POINT('',(81.660153,-45.495298,1.585));
#5520 = VECTOR('',#5521,1.);
#5521 = DIRECTION('',(4.011142486087E-03,0.999991955336,0.));
#5522 = ORIENTED_EDGE('',*,*,#5523,.T.);
#5523 = EDGE_CURVE('',#5516,#5524,#5526,.T.);
#5524 = VERTEX_POINT('',#5525);
#5525 = CARTESIAN_POINT('',(81.694042,-42.412953,1.585));
#5526 = LINE('',#5527,#5528);
#5527 = CARTESIAN_POINT('',(81.670228,-42.983565,1.585));
#5528 = VECTOR('',#5529,1.);
#5529 = DIRECTION('',(4.169784051912E-02,0.99913026683,0.));
#5530 = ORIENTED_EDGE('',*,*,#5531,.T.);
#5531 = EDGE_CURVE('',#5524,#5532,#5534,.T.);
#5532 = VERTEX_POINT('',#5533);
#5533 = CARTESIAN_POINT('',(81.629317,-41.760519,1.585));
#5534 = LINE('',#5535,#5536);
#5535 = CARTESIAN_POINT('',(81.694042,-42.412953,1.585));
#5536 = VECTOR('',#5537,1.);
#5537 = DIRECTION('',(-9.872083493757E-02,0.995115167581,0.));
#5538 = ORIENTED_EDGE('',*,*,#5539,.T.);
#5539 = EDGE_CURVE('',#5532,#5047,#5540,.T.);
#5540 = LINE('',#5541,#5542);
#5541 = CARTESIAN_POINT('',(81.629317,-41.760519,1.585));
#5542 = VECTOR('',#5543,1.);
#5543 = DIRECTION('',(0.186604500435,0.982435117663,0.));
#5544 = PLANE('',#5545);
#5545 = AXIS2_PLACEMENT_3D('',#5546,#5547,#5548);
#5546 = CARTESIAN_POINT('',(0.,0.,1.585));
#5547 = DIRECTION('',(0.,0.,1.));
#5548 = DIRECTION('',(1.,0.,-0.));
#5549 = SHELL_BASED_SURFACE_MODEL('',(#5550));
#5550 = OPEN_SHELL('',(#5551));
#5551 = ADVANCED_FACE('',(#5552),#5884,.T.);
#5552 = FACE_BOUND('',#5553,.F.);
#5553 = EDGE_LOOP('',(#5554,#5564,#5572,#5580,#5588,#5596,#5604,#5612,
    #5620,#5628,#5636,#5644,#5652,#5660,#5668,#5676,#5685,#5693,#5701,
    #5709,#5717,#5725,#5733,#5741,#5749,#5758,#5766,#5774,#5782,#5790,
    #5798,#5806,#5814,#5822,#5830,#5838,#5846,#5854,#5862,#5870,#5878));
#5554 = ORIENTED_EDGE('',*,*,#5555,.T.);
#5555 = EDGE_CURVE('',#5556,#5558,#5560,.T.);
#5556 = VERTEX_POINT('',#5557);
#5557 = CARTESIAN_POINT('',(86.461357,-42.225802,1.585));
#5558 = VERTEX_POINT('',#5559);
#5559 = CARTESIAN_POINT('',(86.570846,-42.156045,1.585));
#5560 = LINE('',#5561,#5562);
#5561 = CARTESIAN_POINT('',(86.461357,-42.225802,1.585));
#5562 = VECTOR('',#5563,1.);
#5563 = DIRECTION('',(0.843374641071,0.537325985598,0.));
#5564 = ORIENTED_EDGE('',*,*,#5565,.T.);
#5565 = EDGE_CURVE('',#5558,#5566,#5568,.T.);
#5566 = VERTEX_POINT('',#5567);
#5567 = CARTESIAN_POINT('',(86.704073,-42.132379,1.585));
#5568 = LINE('',#5569,#5570);
#5569 = CARTESIAN_POINT('',(86.570846,-42.156045,1.585));
#5570 = VECTOR('',#5571,1.);
#5571 = DIRECTION('',(0.984586441847,0.174898652171,0.));
#5572 = ORIENTED_EDGE('',*,*,#5573,.T.);
#5573 = EDGE_CURVE('',#5566,#5574,#5576,.T.);
#5574 = VERTEX_POINT('',#5575);
#5575 = CARTESIAN_POINT('',(86.832455,-42.159128,1.585));
#5576 = LINE('',#5577,#5578);
#5577 = CARTESIAN_POINT('',(86.704073,-42.132379,1.585));
#5578 = VECTOR('',#5579,1.);
#5579 = DIRECTION('',(0.978976232488,-0.203974351878,0.));
#5580 = ORIENTED_EDGE('',*,*,#5581,.T.);
#5581 = EDGE_CURVE('',#5574,#5582,#5584,.T.);
#5582 = VERTEX_POINT('',#5583);
#5583 = CARTESIAN_POINT('',(86.932953,-42.238748,1.585));
#5584 = LINE('',#5585,#5586);
#5585 = CARTESIAN_POINT('',(86.832455,-42.159128,1.585));
#5586 = VECTOR('',#5587,1.);
#5587 = DIRECTION('',(0.783821514226,-0.620986178458,0.));
#5588 = ORIENTED_EDGE('',*,*,#5589,.T.);
#5589 = EDGE_CURVE('',#5582,#5590,#5592,.T.);
#5590 = VERTEX_POINT('',#5591);
#5591 = CARTESIAN_POINT('',(87.011769,-42.385992,1.585));
#5592 = LINE('',#5593,#5594);
#5593 = CARTESIAN_POINT('',(86.932953,-42.238748,1.585));
#5594 = VECTOR('',#5595,1.);
#5595 = DIRECTION('',(0.471920306754,-0.881641210512,0.));
#5596 = ORIENTED_EDGE('',*,*,#5597,.T.);
#5597 = EDGE_CURVE('',#5590,#5598,#5600,.T.);
#5598 = VERTEX_POINT('',#5599);
#5599 = CARTESIAN_POINT('',(87.0625,-42.632466,1.585));
#5600 = LINE('',#5601,#5602);
#5601 = CARTESIAN_POINT('',(87.011769,-42.385992,1.585));
#5602 = VECTOR('',#5603,1.);
#5603 = DIRECTION('',(0.201600893375,-0.979467753318,0.));
#5604 = ORIENTED_EDGE('',*,*,#5605,.T.);
#5605 = EDGE_CURVE('',#5598,#5606,#5608,.T.);
#5606 = VERTEX_POINT('',#5607);
#5607 = CARTESIAN_POINT('',(87.07288,-42.935327,1.585));
#5608 = LINE('',#5609,#5610);
#5609 = CARTESIAN_POINT('',(87.0625,-42.632466,1.585));
#5610 = VECTOR('',#5611,1.);
#5611 = DIRECTION('',(3.42530366698E-02,-0.999413192568,0.));
#5612 = ORIENTED_EDGE('',*,*,#5613,.T.);
#5613 = EDGE_CURVE('',#5606,#5614,#5616,.T.);
#5614 = VERTEX_POINT('',#5615);
#5615 = CARTESIAN_POINT('',(87.0625,-43.343824,1.585));
#5616 = LINE('',#5617,#5618);
#5617 = CARTESIAN_POINT('',(87.07288,-42.935327,1.585));
#5618 = VECTOR('',#5619,1.);
#5619 = DIRECTION('',(-2.540202387183E-02,-0.999677316529,0.));
#5620 = ORIENTED_EDGE('',*,*,#5621,.T.);
#5621 = EDGE_CURVE('',#5614,#5622,#5624,.T.);
#5622 = VERTEX_POINT('',#5623);
#5623 = CARTESIAN_POINT('',(87.547627,-43.289174,1.585));
#5624 = LINE('',#5625,#5626);
#5625 = CARTESIAN_POINT('',(87.0625,-43.343824,1.585));
#5626 = VECTOR('',#5627,1.);
#5627 = DIRECTION('',(0.993714644857,0.111942863088,0.));
#5628 = ORIENTED_EDGE('',*,*,#5629,.T.);
#5629 = EDGE_CURVE('',#5622,#5630,#5632,.T.);
#5630 = VERTEX_POINT('',#5631);
#5631 = CARTESIAN_POINT('',(87.872405,-43.30027,1.585));
#5632 = LINE('',#5633,#5634);
#5633 = CARTESIAN_POINT('',(87.547627,-43.289174,1.585));
#5634 = VECTOR('',#5635,1.);
#5635 = DIRECTION('',(0.999416891055,-3.414495385507E-02,0.));
#5636 = ORIENTED_EDGE('',*,*,#5637,.T.);
#5637 = EDGE_CURVE('',#5630,#5638,#5640,.T.);
#5638 = VERTEX_POINT('',#5639);
#5639 = CARTESIAN_POINT('',(88.011994,-43.323368,1.585));
#5640 = LINE('',#5641,#5642);
#5641 = CARTESIAN_POINT('',(87.872405,-43.30027,1.585));
#5642 = VECTOR('',#5643,1.);
#5643 = DIRECTION('',(0.986584468763,-0.163251603346,0.));
#5644 = ORIENTED_EDGE('',*,*,#5645,.T.);
#5645 = EDGE_CURVE('',#5638,#5646,#5648,.T.);
#5646 = VERTEX_POINT('',#5647);
#5647 = CARTESIAN_POINT('',(88.126763,-43.388483,1.585));
#5648 = LINE('',#5649,#5650);
#5649 = CARTESIAN_POINT('',(88.011994,-43.323368,1.585));
#5650 = VECTOR('',#5651,1.);
#5651 = DIRECTION('',(0.869764510141,-0.493467017033,0.));
#5652 = ORIENTED_EDGE('',*,*,#5653,.T.);
#5653 = EDGE_CURVE('',#5646,#5654,#5656,.T.);
#5654 = VERTEX_POINT('',#5655);
#5655 = CARTESIAN_POINT('',(88.195278,-43.491106,1.585));
#5656 = LINE('',#5657,#5658);
#5657 = CARTESIAN_POINT('',(88.126763,-43.388483,1.585));
#5658 = VECTOR('',#5659,1.);
#5659 = DIRECTION('',(0.555259260753,-0.831677313234,0.));
#5660 = ORIENTED_EDGE('',*,*,#5661,.T.);
#5661 = EDGE_CURVE('',#5654,#5662,#5664,.T.);
#5662 = VERTEX_POINT('',#5663);
#5663 = CARTESIAN_POINT('',(88.220516,-43.644853,1.585));
#5664 = LINE('',#5665,#5666);
#5665 = CARTESIAN_POINT('',(88.195278,-43.491106,1.585));
#5666 = VECTOR('',#5667,1.);
#5667 = DIRECTION('',(0.161984870168,-0.986793241686,0.));
#5668 = ORIENTED_EDGE('',*,*,#5669,.T.);
#5669 = EDGE_CURVE('',#5662,#5670,#5672,.T.);
#5670 = VERTEX_POINT('',#5671);
#5671 = CARTESIAN_POINT('',(88.196383,-43.783566,1.585));
#5672 = LINE('',#5673,#5674);
#5673 = CARTESIAN_POINT('',(88.220516,-43.644853,1.585));
#5674 = VECTOR('',#5675,1.);
#5675 = DIRECTION('',(-0.171403219776,-0.985200962368,0.));
#5676 = ORIENTED_EDGE('',*,*,#5677,.T.);
#5677 = EDGE_CURVE('',#5670,#5678,#5680,.T.);
#5678 = VERTEX_POINT('',#5679);
#5679 = CARTESIAN_POINT('',(87.885598,-43.990151,1.585));
#5680 = CIRCLE('',#5681,0.322422630192);
#5681 = AXIS2_PLACEMENT_3D('',#5682,#5683,#5684);
#5682 = CARTESIAN_POINT('',(87.895429994212,-43.66787831367,1.585));
#5683 = DIRECTION('',(0.,0.,-1.));
#5684 = DIRECTION('',(0.933411546235,-0.358807588207,0.));
#5685 = ORIENTED_EDGE('',*,*,#5686,.T.);
#5686 = EDGE_CURVE('',#5678,#5687,#5689,.T.);
#5687 = VERTEX_POINT('',#5688);
#5688 = CARTESIAN_POINT('',(87.547627,-43.976413,1.585));
#5689 = LINE('',#5690,#5691);
#5690 = CARTESIAN_POINT('',(87.885598,-43.990151,1.585));
#5691 = VECTOR('',#5692,1.);
#5692 = DIRECTION('',(-0.999174873806,4.061491789632E-02,0.));
#5693 = ORIENTED_EDGE('',*,*,#5694,.T.);
#5694 = EDGE_CURVE('',#5687,#5695,#5697,.T.);
#5695 = VERTEX_POINT('',#5696);
#5696 = CARTESIAN_POINT('',(87.082955,-44.027704,1.585));
#5697 = LINE('',#5698,#5699);
#5698 = CARTESIAN_POINT('',(87.547627,-43.976413,1.585));
#5699 = VECTOR('',#5700,1.);
#5700 = DIRECTION('',(-0.993963117216,-0.109714728336,0.));
#5701 = ORIENTED_EDGE('',*,*,#5702,.T.);
#5702 = EDGE_CURVE('',#5695,#5703,#5705,.T.);
#5703 = VERTEX_POINT('',#5704);
#5704 = CARTESIAN_POINT('',(87.151343,-46.193832,1.585));
#5705 = LINE('',#5706,#5707);
#5706 = CARTESIAN_POINT('',(87.082955,-44.027704,1.585));
#5707 = VECTOR('',#5708,1.);
#5708 = DIRECTION('',(3.155581857158E-02,-0.999501991151,0.));
#5709 = ORIENTED_EDGE('',*,*,#5710,.T.);
#5710 = EDGE_CURVE('',#5703,#5711,#5713,.T.);
#5711 = VERTEX_POINT('',#5712);
#5712 = CARTESIAN_POINT('',(87.154701,-46.367855,1.585));
#5713 = LINE('',#5714,#5715);
#5714 = CARTESIAN_POINT('',(87.151343,-46.193832,1.585));
#5715 = VECTOR('',#5716,1.);
#5716 = DIRECTION('',(1.92927084558E-02,-0.99981387838,0.));
#5717 = ORIENTED_EDGE('',*,*,#5718,.T.);
#5718 = EDGE_CURVE('',#5711,#5719,#5721,.T.);
#5719 = VERTEX_POINT('',#5720);
#5720 = CARTESIAN_POINT('',(87.138084,-46.690239,1.585));
#5721 = LINE('',#5722,#5723);
#5722 = CARTESIAN_POINT('',(87.154701,-46.367855,1.585));
#5723 = VECTOR('',#5724,1.);
#5724 = DIRECTION('',(-5.147578631135E-02,-0.998674242896,0.));
#5725 = ORIENTED_EDGE('',*,*,#5726,.T.);
#5726 = EDGE_CURVE('',#5719,#5727,#5729,.T.);
#5727 = VERTEX_POINT('',#5728);
#5728 = CARTESIAN_POINT('',(87.085651,-46.897007,1.585));
#5729 = LINE('',#5730,#5731);
#5730 = CARTESIAN_POINT('',(87.138084,-46.690239,1.585));
#5731 = VECTOR('',#5732,1.);
#5732 = DIRECTION('',(-0.245803684591,-0.969319631825,0.));
#5733 = ORIENTED_EDGE('',*,*,#5734,.T.);
#5734 = EDGE_CURVE('',#5727,#5735,#5737,.T.);
#5735 = VERTEX_POINT('',#5736);
#5736 = CARTESIAN_POINT('',(87.010153,-47.02257,1.585));
#5737 = LINE('',#5738,#5739);
#5738 = CARTESIAN_POINT('',(87.085651,-46.897007,1.585));
#5739 = VECTOR('',#5740,1.);
#5740 = DIRECTION('',(-0.515299514178,-0.857010157868,0.));
#5741 = ORIENTED_EDGE('',*,*,#5742,.T.);
#5742 = EDGE_CURVE('',#5735,#5743,#5745,.T.);
#5743 = VERTEX_POINT('',#5744);
#5744 = CARTESIAN_POINT('',(86.915614,-47.091576,1.585));
#5745 = LINE('',#5746,#5747);
#5746 = CARTESIAN_POINT('',(87.010153,-47.02257,1.585));
#5747 = VECTOR('',#5748,1.);
#5748 = DIRECTION('',(-0.807717383077,-0.589569867849,0.));
#5749 = ORIENTED_EDGE('',*,*,#5750,.T.);
#5750 = EDGE_CURVE('',#5743,#5751,#5753,.T.);
#5751 = VERTEX_POINT('',#5752);
#5752 = CARTESIAN_POINT('',(86.483141,-46.926004,1.585));
#5753 = CIRCLE('',#5754,0.344391893765);
#5754 = AXIS2_PLACEMENT_3D('',#5755,#5756,#5757);
#5755 = CARTESIAN_POINT('',(86.790528966532,-46.77070295517,1.585));
#5756 = DIRECTION('',(-0.,0.,-1.));
#5757 = DIRECTION('',(0.363205510155,-0.9317090519,-0.));
#5758 = ORIENTED_EDGE('',*,*,#5759,.T.);
#5759 = EDGE_CURVE('',#5751,#5760,#5762,.T.);
#5760 = VERTEX_POINT('',#5761);
#5761 = CARTESIAN_POINT('',(86.457998,-46.803829,1.585));
#5762 = LINE('',#5763,#5764);
#5763 = CARTESIAN_POINT('',(86.483141,-46.926004,1.585));
#5764 = VECTOR('',#5765,1.);
#5765 = DIRECTION('',(-0.201570807507,0.97947394532,0.));
#5766 = ORIENTED_EDGE('',*,*,#5767,.T.);
#5767 = EDGE_CURVE('',#5760,#5768,#5770,.T.);
#5768 = VERTEX_POINT('',#5769);
#5769 = CARTESIAN_POINT('',(86.478454,-46.024389,1.585));
#5770 = LINE('',#5771,#5772);
#5771 = CARTESIAN_POINT('',(86.457998,-46.803829,1.585));
#5772 = VECTOR('',#5773,1.);
#5773 = DIRECTION('',(2.623544964061E-02,0.999655791351,0.));
#5774 = ORIENTED_EDGE('',*,*,#5775,.T.);
#5775 = EDGE_CURVE('',#5768,#5776,#5778,.T.);
#5776 = VERTEX_POINT('',#5777);
#5777 = CARTESIAN_POINT('',(86.410371,-44.027704,1.585));
#5778 = LINE('',#5779,#5780);
#5779 = CARTESIAN_POINT('',(86.478454,-46.024389,1.585));
#5780 = VECTOR('',#5781,1.);
#5781 = DIRECTION('',(-3.407821227978E-02,0.999419169042,0.));
#5782 = ORIENTED_EDGE('',*,*,#5783,.T.);
#5783 = EDGE_CURVE('',#5776,#5784,#5786,.T.);
#5784 = VERTEX_POINT('',#5785);
#5785 = CARTESIAN_POINT('',(85.651997,-43.970001,1.585));
#5786 = LINE('',#5787,#5788);
#5787 = CARTESIAN_POINT('',(86.410371,-44.027704,1.585));
#5788 = VECTOR('',#5789,1.);
#5789 = DIRECTION('',(-0.997117832662,7.586849008285E-02,0.));
#5790 = ORIENTED_EDGE('',*,*,#5791,.T.);
#5791 = EDGE_CURVE('',#5784,#5792,#5794,.T.);
#5792 = VERTEX_POINT('',#5793);
#5793 = CARTESIAN_POINT('',(85.51386,-43.931201,1.585));
#5794 = LINE('',#5795,#5796);
#5795 = CARTESIAN_POINT('',(85.651997,-43.970001,1.585));
#5796 = VECTOR('',#5797,1.);
#5797 = DIRECTION('',(-0.96274358102,0.270415970693,0.));
#5798 = ORIENTED_EDGE('',*,*,#5799,.T.);
#5799 = EDGE_CURVE('',#5792,#5800,#5802,.T.);
#5800 = VERTEX_POINT('',#5801);
#5801 = CARTESIAN_POINT('',(85.423097,-43.864349,1.585));
#5802 = LINE('',#5803,#5804);
#5803 = CARTESIAN_POINT('',(85.51386,-43.931201,1.585));
#5804 = VECTOR('',#5805,1.);
#5805 = DIRECTION('',(-0.80516597141,0.59304954134,0.));
#5806 = ORIENTED_EDGE('',*,*,#5807,.T.);
#5807 = EDGE_CURVE('',#5800,#5808,#5810,.T.);
#5808 = VERTEX_POINT('',#5809);
#5809 = CARTESIAN_POINT('',(85.368035,-43.768413,1.585));
#5810 = LINE('',#5811,#5812);
#5811 = CARTESIAN_POINT('',(85.423097,-43.864349,1.585));
#5812 = VECTOR('',#5813,1.);
#5813 = DIRECTION('',(-0.497783403264,0.867301379818,0.));
#5814 = ORIENTED_EDGE('',*,*,#5815,.T.);
#5815 = EDGE_CURVE('',#5808,#5816,#5818,.T.);
#5816 = VERTEX_POINT('',#5817);
#5817 = CARTESIAN_POINT('',(85.347915,-43.632946,1.585));
#5818 = LINE('',#5819,#5820);
#5819 = CARTESIAN_POINT('',(85.368035,-43.768413,1.585));
#5820 = VECTOR('',#5821,1.);
#5821 = DIRECTION('',(-0.146911720974,0.989149607613,0.));
#5822 = ORIENTED_EDGE('',*,*,#5823,.T.);
#5823 = EDGE_CURVE('',#5816,#5824,#5826,.T.);
#5824 = VERTEX_POINT('',#5825);
#5825 = CARTESIAN_POINT('',(85.371577,-43.494459,1.585));
#5826 = LINE('',#5827,#5828);
#5827 = CARTESIAN_POINT('',(85.347915,-43.632946,1.585));
#5828 = VECTOR('',#5829,1.);
#5829 = DIRECTION('',(0.16842010875,0.985715307261,0.));
#5830 = ORIENTED_EDGE('',*,*,#5831,.T.);
#5831 = EDGE_CURVE('',#5824,#5832,#5834,.T.);
#5832 = VERTEX_POINT('',#5833);
#5833 = CARTESIAN_POINT('',(85.440116,-43.384734,1.585));
#5834 = LINE('',#5835,#5836);
#5835 = CARTESIAN_POINT('',(85.371577,-43.494459,1.585));
#5836 = VECTOR('',#5837,1.);
#5837 = DIRECTION('',(0.529781450598,0.848134196105,0.));
#5838 = ORIENTED_EDGE('',*,*,#5839,.T.);
#5839 = EDGE_CURVE('',#5832,#5840,#5842,.T.);
#5840 = VERTEX_POINT('',#5841);
#5841 = CARTESIAN_POINT('',(85.544232,-43.310929,1.585));
#5842 = LINE('',#5843,#5844);
#5843 = CARTESIAN_POINT('',(85.440116,-43.384734,1.585));
#5844 = VECTOR('',#5845,1.);
#5845 = DIRECTION('',(0.815816842555,0.578310365984,0.));
#5846 = ORIENTED_EDGE('',*,*,#5847,.T.);
#5847 = EDGE_CURVE('',#5840,#5848,#5850,.T.);
#5848 = VERTEX_POINT('',#5849);
#5849 = CARTESIAN_POINT('',(85.675811,-43.285816,1.585));
#5850 = LINE('',#5851,#5852);
#5851 = CARTESIAN_POINT('',(85.544232,-43.310929,1.585));
#5852 = VECTOR('',#5853,1.);
#5853 = DIRECTION('',(0.982269433738,0.18747469041,0.));
#5854 = ORIENTED_EDGE('',*,*,#5855,.T.);
#5855 = EDGE_CURVE('',#5848,#5856,#5858,.T.);
#5856 = VERTEX_POINT('',#5857);
#5857 = CARTESIAN_POINT('',(86.393274,-43.343824,1.585));
#5858 = LINE('',#5859,#5860);
#5859 = CARTESIAN_POINT('',(85.675811,-43.285816,1.585));
#5860 = VECTOR('',#5861,1.);
#5861 = DIRECTION('',(0.996747450652,-8.058858243203E-02,0.));
#5862 = ORIENTED_EDGE('',*,*,#5863,.T.);
#5863 = EDGE_CURVE('',#5856,#5864,#5866,.T.);
#5864 = VERTEX_POINT('',#5865);
#5865 = CARTESIAN_POINT('',(86.362438,-42.461496,1.585));
#5866 = LINE('',#5867,#5868);
#5867 = CARTESIAN_POINT('',(86.393274,-43.343824,1.585));
#5868 = VECTOR('',#5869,1.);
#5869 = DIRECTION('',(-3.492713114957E-02,0.99938986162,0.));
#5870 = ORIENTED_EDGE('',*,*,#5871,.T.);
#5871 = EDGE_CURVE('',#5864,#5872,#5874,.T.);
#5872 = VERTEX_POINT('',#5873);
#5873 = CARTESIAN_POINT('',(86.387479,-42.330545,1.585));
#5874 = LINE('',#5875,#5876);
#5875 = CARTESIAN_POINT('',(86.362438,-42.461496,1.585));
#5876 = VECTOR('',#5877,1.);
#5877 = DIRECTION('',(0.18782103256,0.98220326803,0.));
#5878 = ORIENTED_EDGE('',*,*,#5879,.T.);
#5879 = EDGE_CURVE('',#5872,#5556,#5880,.T.);
#5880 = LINE('',#5881,#5882);
#5881 = CARTESIAN_POINT('',(86.387479,-42.330545,1.585));
#5882 = VECTOR('',#5883,1.);
#5883 = DIRECTION('',(0.57637991547,0.817181860447,0.));
#5884 = PLANE('',#5885);
#5885 = AXIS2_PLACEMENT_3D('',#5886,#5887,#5888);
#5886 = CARTESIAN_POINT('',(0.,0.,1.585));
#5887 = DIRECTION('',(0.,0.,1.));
#5888 = DIRECTION('',(1.,0.,-0.));
#5889 = SHELL_BASED_SURFACE_MODEL('',(#5890));
#5890 = OPEN_SHELL('',(#5891));
#5891 = ADVANCED_FACE('',(#5892),#6345,.T.);
#5892 = FACE_BOUND('',#5893,.F.);
#5893 = EDGE_LOOP('',(#5894,#5904,#5912,#5920,#5928,#5936,#5944,#5952,
    #5960,#5969,#5977,#5985,#5993,#6001,#6009,#6017,#6025,#6033,#6041,
    #6049,#6057,#6065,#6073,#6081,#6089,#6098,#6106,#6114,#6122,#6130,
    #6138,#6146,#6154,#6162,#6170,#6178,#6186,#6194,#6202,#6210,#6218,
    #6226,#6234,#6242,#6250,#6258,#6267,#6275,#6283,#6291,#6299,#6307,
    #6315,#6323,#6331,#6339));
#5894 = ORIENTED_EDGE('',*,*,#5895,.T.);
#5895 = EDGE_CURVE('',#5896,#5898,#5900,.T.);
#5896 = VERTEX_POINT('',#5897);
#5897 = CARTESIAN_POINT('',(92.024765,-43.381023,1.585));
#5898 = VERTEX_POINT('',#5899);
#5899 = CARTESIAN_POINT('',(92.253067,-43.294202,1.585));
#5900 = LINE('',#5901,#5902);
#5901 = CARTESIAN_POINT('',(92.024765,-43.381023,1.585));
#5902 = VECTOR('',#5903,1.);
#5903 = DIRECTION('',(0.934693500165,0.355454723909,0.));
#5904 = ORIENTED_EDGE('',*,*,#5905,.T.);
#5905 = EDGE_CURVE('',#5898,#5906,#5908,.T.);
#5906 = VERTEX_POINT('',#5907);
#5907 = CARTESIAN_POINT('',(92.488049,-43.265666,1.585));
#5908 = LINE('',#5909,#5910);
#5909 = CARTESIAN_POINT('',(92.253067,-43.294202,1.585));
#5910 = VECTOR('',#5911,1.);
#5911 = DIRECTION('',(0.99270684205,0.120553414494,0.));
#5912 = ORIENTED_EDGE('',*,*,#5913,.T.);
#5913 = EDGE_CURVE('',#5906,#5914,#5916,.T.);
#5914 = VERTEX_POINT('',#5915);
#5915 = CARTESIAN_POINT('',(92.82911,-43.302061,1.585));
#5916 = LINE('',#5917,#5918);
#5917 = CARTESIAN_POINT('',(92.488049,-43.265666,1.585));
#5918 = VECTOR('',#5919,1.);
#5919 = DIRECTION('',(0.994354538113,-0.106108682654,0.));
#5920 = ORIENTED_EDGE('',*,*,#5921,.T.);
#5921 = EDGE_CURVE('',#5914,#5922,#5924,.T.);
#5922 = VERTEX_POINT('',#5923);
#5923 = CARTESIAN_POINT('',(93.236043,-43.422287,1.585));
#5924 = LINE('',#5925,#5926);
#5925 = CARTESIAN_POINT('',(92.82911,-43.302061,1.585));
#5926 = VECTOR('',#5927,1.);
#5927 = DIRECTION('',(0.959020400591,-0.283337027672,0.));
#5928 = ORIENTED_EDGE('',*,*,#5929,.T.);
#5929 = EDGE_CURVE('',#5922,#5930,#5932,.T.);
#5930 = VERTEX_POINT('',#5931);
#5931 = CARTESIAN_POINT('',(93.496399,-43.546931,1.585));
#5932 = LINE('',#5933,#5934);
#5933 = CARTESIAN_POINT('',(93.236043,-43.422287,1.585));
#5934 = VECTOR('',#5935,1.);
#5935 = DIRECTION('',(0.901964366646,-0.431810469189,0.));
#5936 = ORIENTED_EDGE('',*,*,#5937,.T.);
#5937 = EDGE_CURVE('',#5930,#5938,#5940,.T.);
#5938 = VERTEX_POINT('',#5939);
#5939 = CARTESIAN_POINT('',(93.652019,-43.669045,1.585));
#5940 = LINE('',#5941,#5942);
#5941 = CARTESIAN_POINT('',(93.496399,-43.546931,1.585));
#5942 = VECTOR('',#5943,1.);
#5943 = DIRECTION('',(0.786708318506,-0.617324891441,0.));
#5944 = ORIENTED_EDGE('',*,*,#5945,.T.);
#5945 = EDGE_CURVE('',#5938,#5946,#5948,.T.);
#5946 = VERTEX_POINT('',#5947);
#5947 = CARTESIAN_POINT('',(93.733284,-43.789026,1.585));
#5948 = LINE('',#5949,#5950);
#5949 = CARTESIAN_POINT('',(93.652019,-43.669045,1.585));
#5950 = VECTOR('',#5951,1.);
#5951 = DIRECTION('',(0.560789246215,-0.827958586724,0.));
#5952 = ORIENTED_EDGE('',*,*,#5953,.T.);
#5953 = EDGE_CURVE('',#5946,#5954,#5956,.T.);
#5954 = VERTEX_POINT('',#5955);
#5955 = CARTESIAN_POINT('',(93.758722,-43.912299,1.585));
#5956 = LINE('',#5957,#5958);
#5957 = CARTESIAN_POINT('',(93.733284,-43.789026,1.585));
#5958 = VECTOR('',#5959,1.);
#5959 = DIRECTION('',(0.202096971738,-0.979365516043,0.));
#5960 = ORIENTED_EDGE('',*,*,#5961,.T.);
#5961 = EDGE_CURVE('',#5954,#5962,#5964,.T.);
#5962 = VERTEX_POINT('',#5963);
#5963 = CARTESIAN_POINT('',(93.577182,-44.217797,1.585));
#5964 = CIRCLE('',#5965,0.34272884767);
#5965 = AXIS2_PLACEMENT_3D('',#5966,#5967,#5968);
#5966 = CARTESIAN_POINT('',(93.416006566132,-43.91533122913,1.585));
#5967 = DIRECTION('',(0.,0.,-1.));
#5968 = DIRECTION('',(0.999960861767,8.847312269396E-03,0.));
#5969 = ORIENTED_EDGE('',*,*,#5970,.T.);
#5970 = EDGE_CURVE('',#5962,#5971,#5973,.T.);
#5971 = VERTEX_POINT('',#5972);
#5972 = CARTESIAN_POINT('',(93.461662,-44.242637,1.585));
#5973 = LINE('',#5974,#5975);
#5974 = CARTESIAN_POINT('',(93.577182,-44.217797,1.585));
#5975 = VECTOR('',#5976,1.);
#5976 = DIRECTION('',(-0.977653548385,-0.210222594719,0.));
#5977 = ORIENTED_EDGE('',*,*,#5978,.T.);
#5978 = EDGE_CURVE('',#5971,#5979,#5981,.T.);
#5979 = VERTEX_POINT('',#5980);
#5980 = CARTESIAN_POINT('',(93.368269,-44.227785,1.585));
#5981 = LINE('',#5982,#5983);
#5982 = CARTESIAN_POINT('',(93.461662,-44.242637,1.585));
#5983 = VECTOR('',#5984,1.);
#5984 = DIRECTION('',(-0.987590111852,0.15705340166,0.));
#5985 = ORIENTED_EDGE('',*,*,#5986,.T.);
#5986 = EDGE_CURVE('',#5979,#5987,#5989,.T.);
#5987 = VERTEX_POINT('',#5988);
#5988 = CARTESIAN_POINT('',(93.28886,-44.184019,1.585));
#5989 = LINE('',#5990,#5991);
#5990 = CARTESIAN_POINT('',(93.368269,-44.227785,1.585));
#5991 = VECTOR('',#5992,1.);
#5992 = DIRECTION('',(-0.875791540142,0.482689525694,0.));
#5993 = ORIENTED_EDGE('',*,*,#5994,.T.);
#5994 = EDGE_CURVE('',#5987,#5995,#5997,.T.);
#5995 = VERTEX_POINT('',#5996);
#5996 = CARTESIAN_POINT('',(93.147199,-44.068309,1.585));
#5997 = LINE('',#5998,#5999);
#5998 = CARTESIAN_POINT('',(93.28886,-44.184019,1.585));
#5999 = VECTOR('',#6000,1.);
#6000 = DIRECTION('',(-0.774478064836,0.632600764375,0.));
#6001 = ORIENTED_EDGE('',*,*,#6002,.T.);
#6002 = EDGE_CURVE('',#5995,#6003,#6005,.T.);
#6003 = VERTEX_POINT('',#6004);
#6004 = CARTESIAN_POINT('',(93.003104,-43.987753,1.585));
#6005 = LINE('',#6006,#6007);
#6006 = CARTESIAN_POINT('',(93.147199,-44.068309,1.585));
#6007 = VECTOR('',#6008,1.);
#6008 = DIRECTION('',(-0.872860089473,0.487970556699,0.));
#6009 = ORIENTED_EDGE('',*,*,#6010,.T.);
#6010 = EDGE_CURVE('',#6003,#6011,#6013,.T.);
#6011 = VERTEX_POINT('',#6012);
#6012 = CARTESIAN_POINT('',(92.791172,-43.932,1.585));
#6013 = LINE('',#6014,#6015);
#6014 = CARTESIAN_POINT('',(93.003104,-43.987753,1.585));
#6015 = VECTOR('',#6016,1.);
#6016 = DIRECTION('',(-0.967095399579,0.254414009271,0.));
#6017 = ORIENTED_EDGE('',*,*,#6018,.T.);
#6018 = EDGE_CURVE('',#6011,#6019,#6021,.T.);
#6019 = VERTEX_POINT('',#6020);
#6020 = CARTESIAN_POINT('',(92.488049,-43.910467,1.585));
#6021 = LINE('',#6022,#6023);
#6022 = CARTESIAN_POINT('',(92.791172,-43.932,1.585));
#6023 = VECTOR('',#6024,1.);
#6024 = DIRECTION('',(-0.997486369629,7.085860854249E-02,0.));
#6025 = ORIENTED_EDGE('',*,*,#6026,.T.);
#6026 = EDGE_CURVE('',#6019,#6027,#6029,.T.);
#6027 = VERTEX_POINT('',#6028);
#6028 = CARTESIAN_POINT('',(92.336814,-43.939866,1.585));
#6029 = LINE('',#6030,#6031);
#6030 = CARTESIAN_POINT('',(92.488049,-43.910467,1.585));
#6031 = VECTOR('',#6032,1.);
#6032 = DIRECTION('',(-0.981624880839,-0.190820840889,0.));
#6033 = ORIENTED_EDGE('',*,*,#6034,.T.);
#6034 = EDGE_CURVE('',#6027,#6035,#6037,.T.);
#6035 = VERTEX_POINT('',#6036);
#6036 = CARTESIAN_POINT('',(92.176113,-44.036101,1.585));
#6037 = LINE('',#6038,#6039);
#6038 = CARTESIAN_POINT('',(92.336814,-43.939866,1.585));
#6039 = VECTOR('',#6040,1.);
#6040 = DIRECTION('',(-0.857929759134,-0.513766998154,0.));
#6041 = ORIENTED_EDGE('',*,*,#6042,.T.);
#6042 = EDGE_CURVE('',#6035,#6043,#6045,.T.);
#6043 = VERTEX_POINT('',#6044);
#6044 = CARTESIAN_POINT('',(91.998102,-44.221961,1.585));
#6045 = LINE('',#6046,#6047);
#6046 = CARTESIAN_POINT('',(92.176113,-44.036101,1.585));
#6047 = VECTOR('',#6048,1.);
#6048 = DIRECTION('',(-0.691692996087,-0.722191663732,0.));
#6049 = ORIENTED_EDGE('',*,*,#6050,.T.);
#6050 = EDGE_CURVE('',#6043,#6051,#6053,.T.);
#6051 = VERTEX_POINT('',#6052);
#6052 = CARTESIAN_POINT('',(91.798063,-44.53176,1.585));
#6053 = LINE('',#6054,#6055);
#6054 = CARTESIAN_POINT('',(91.998102,-44.221961,1.585));
#6055 = VECTOR('',#6056,1.);
#6056 = DIRECTION('',(-0.542449803428,-0.840088216059,0.));
#6057 = ORIENTED_EDGE('',*,*,#6058,.T.);
#6058 = EDGE_CURVE('',#6051,#6059,#6061,.T.);
#6059 = VERTEX_POINT('',#6060);
#6060 = CARTESIAN_POINT('',(91.614487,-44.922287,1.585));
#6061 = LINE('',#6062,#6063);
#6062 = CARTESIAN_POINT('',(91.798063,-44.53176,1.585));
#6063 = VECTOR('',#6064,1.);
#6064 = DIRECTION('',(-0.425414873985,-0.904998444746,0.));
#6065 = ORIENTED_EDGE('',*,*,#6066,.T.);
#6066 = EDGE_CURVE('',#6059,#6067,#6069,.T.);
#6067 = VERTEX_POINT('',#6068);
#6068 = CARTESIAN_POINT('',(91.516777,-45.246687,1.585));
#6069 = LINE('',#6070,#6071);
#6070 = CARTESIAN_POINT('',(91.614487,-44.922287,1.585));
#6071 = VECTOR('',#6072,1.);
#6072 = DIRECTION('',(-0.288403798815,-0.957508876632,0.));
#6073 = ORIENTED_EDGE('',*,*,#6074,.T.);
#6074 = EDGE_CURVE('',#6067,#6075,#6077,.T.);
#6075 = VERTEX_POINT('',#6076);
#6076 = CARTESIAN_POINT('',(91.487264,-45.51789,1.585));
#6077 = LINE('',#6078,#6079);
#6078 = CARTESIAN_POINT('',(91.516777,-45.246687,1.585));
#6079 = VECTOR('',#6080,1.);
#6080 = DIRECTION('',(-0.108183852561,-0.994130903878,0.));
#6081 = ORIENTED_EDGE('',*,*,#6082,.T.);
#6082 = EDGE_CURVE('',#6075,#6083,#6085,.T.);
#6083 = VERTEX_POINT('',#6084);
#6084 = CARTESIAN_POINT('',(91.507824,-45.738154,1.585));
#6085 = LINE('',#6086,#6087);
#6086 = CARTESIAN_POINT('',(91.487264,-45.51789,1.585));
#6087 = VECTOR('',#6088,1.);
#6088 = DIRECTION('',(9.293853373845E-02,-0.995671848024,0.));
#6089 = ORIENTED_EDGE('',*,*,#6090,.T.);
#6090 = EDGE_CURVE('',#6083,#6091,#6093,.T.);
#6091 = VERTEX_POINT('',#6092);
#6092 = CARTESIAN_POINT('',(91.794705,-46.227721,1.585));
#6093 = CIRCLE('',#6094,0.838726877929);
#6094 = AXIS2_PLACEMENT_3D('',#6095,#6096,#6097);
#6095 = CARTESIAN_POINT('',(92.3322425322,-45.58389169246,1.585));
#6096 = DIRECTION('',(0.,0.,1.));
#6097 = DIRECTION('',(-0.982940399187,-0.183924363927,0.));
#6098 = ORIENTED_EDGE('',*,*,#6099,.T.);
#6099 = EDGE_CURVE('',#6091,#6100,#6102,.T.);
#6100 = VERTEX_POINT('',#6101);
#6101 = CARTESIAN_POINT('',(91.998212,-46.359515,1.585));
#6102 = LINE('',#6103,#6104);
#6103 = CARTESIAN_POINT('',(91.794705,-46.227721,1.585));
#6104 = VECTOR('',#6105,1.);
#6105 = DIRECTION('',(0.83935752197,-0.543579755245,0.));
#6106 = ORIENTED_EDGE('',*,*,#6107,.T.);
#6107 = EDGE_CURVE('',#6100,#6108,#6110,.T.);
#6108 = VERTEX_POINT('',#6109);
#6109 = CARTESIAN_POINT('',(92.240787,-46.441235,1.585));
#6110 = LINE('',#6111,#6112);
#6111 = CARTESIAN_POINT('',(91.998212,-46.359515,1.585));
#6112 = VECTOR('',#6113,1.);
#6113 = DIRECTION('',(0.947668577572,-0.319255801955,0.));
#6114 = ORIENTED_EDGE('',*,*,#6115,.T.);
#6115 = EDGE_CURVE('',#6108,#6116,#6118,.T.);
#6116 = VERTEX_POINT('',#6117);
#6117 = CARTESIAN_POINT('',(92.532623,-46.470132,1.585));
#6118 = LINE('',#6119,#6120);
#6119 = CARTESIAN_POINT('',(92.240787,-46.441235,1.585));
#6120 = VECTOR('',#6121,1.);
#6121 = DIRECTION('',(0.995133480065,-9.853606879698E-02,0.));
#6122 = ORIENTED_EDGE('',*,*,#6123,.T.);
#6123 = EDGE_CURVE('',#6116,#6124,#6126,.T.);
#6124 = VERTEX_POINT('',#6125);
#6125 = CARTESIAN_POINT('',(92.738148,-46.444626,1.585));
#6126 = LINE('',#6127,#6128);
#6127 = CARTESIAN_POINT('',(92.532623,-46.470132,1.585));
#6128 = VECTOR('',#6129,1.);
#6129 = DIRECTION('',(0.992387207943,0.123156930426,0.));
#6130 = ORIENTED_EDGE('',*,*,#6131,.T.);
#6131 = EDGE_CURVE('',#6124,#6132,#6134,.T.);
#6132 = VERTEX_POINT('',#6133);
#6133 = CARTESIAN_POINT('',(92.969818,-46.362055,1.585));
#6134 = LINE('',#6135,#6136);
#6135 = CARTESIAN_POINT('',(92.738148,-46.444626,1.585));
#6136 = VECTOR('',#6137,1.);
#6137 = DIRECTION('',(0.941958444047,0.335729488857,0.));
#6138 = ORIENTED_EDGE('',*,*,#6139,.T.);
#6139 = EDGE_CURVE('',#6132,#6140,#6142,.T.);
#6140 = VERTEX_POINT('',#6141);
#6141 = CARTESIAN_POINT('',(93.366102,-46.152922,1.585));
#6142 = LINE('',#6143,#6144);
#6143 = CARTESIAN_POINT('',(92.969818,-46.362055,1.585));
#6144 = VECTOR('',#6145,1.);
#6145 = DIRECTION('',(0.884400311189,0.466729139405,0.));
#6146 = ORIENTED_EDGE('',*,*,#6147,.T.);
#6147 = EDGE_CURVE('',#6140,#6148,#6150,.T.);
#6148 = VERTEX_POINT('',#6149);
#6149 = CARTESIAN_POINT('',(93.512953,-46.098883,1.585));
#6150 = LINE('',#6151,#6152);
#6151 = CARTESIAN_POINT('',(93.366102,-46.152922,1.585));
#6152 = VECTOR('',#6153,1.);
#6153 = DIRECTION('',(0.938475724178,0.345345211533,0.));
#6154 = ORIENTED_EDGE('',*,*,#6155,.T.);
#6155 = EDGE_CURVE('',#6148,#6156,#6158,.T.);
#6156 = VERTEX_POINT('',#6157);
#6157 = CARTESIAN_POINT('',(93.629696,-46.123564,1.585));
#6158 = LINE('',#6159,#6160);
#6159 = CARTESIAN_POINT('',(93.512953,-46.098883,1.585));
#6160 = VECTOR('',#6161,1.);
#6161 = DIRECTION('',(0.978374529304,-0.206841196112,0.));
#6162 = ORIENTED_EDGE('',*,*,#6163,.T.);
#6163 = EDGE_CURVE('',#6156,#6164,#6166,.T.);
#6164 = VERTEX_POINT('',#6165);
#6165 = CARTESIAN_POINT('',(93.73155,-46.199633,1.585));
#6166 = LINE('',#6167,#6168);
#6167 = CARTESIAN_POINT('',(93.629696,-46.123564,1.585));
#6168 = VECTOR('',#6169,1.);
#6169 = DIRECTION('',(0.801212287289,-0.598380205803,0.));
#6170 = ORIENTED_EDGE('',*,*,#6171,.T.);
#6171 = EDGE_CURVE('',#6164,#6172,#6174,.T.);
#6172 = VERTEX_POINT('',#6173);
#6173 = CARTESIAN_POINT('',(93.801007,-46.308093,1.585));
#6174 = LINE('',#6175,#6176);
#6175 = CARTESIAN_POINT('',(93.73155,-46.199633,1.585));
#6176 = VECTOR('',#6177,1.);
#6177 = DIRECTION('',(0.539288324503,-0.842121192617,0.));
#6178 = ORIENTED_EDGE('',*,*,#6179,.T.);
#6179 = EDGE_CURVE('',#6172,#6180,#6182,.T.);
#6180 = VERTEX_POINT('',#6181);
#6181 = CARTESIAN_POINT('',(93.823752,-46.429527,1.585));
#6182 = LINE('',#6183,#6184);
#6183 = CARTESIAN_POINT('',(93.801007,-46.308093,1.585));
#6184 = VECTOR('',#6185,1.);
#6185 = DIRECTION('',(0.184101846618,-0.982907172663,0.));
#6186 = ORIENTED_EDGE('',*,*,#6187,.T.);
#6187 = EDGE_CURVE('',#6180,#6188,#6190,.T.);
#6188 = VERTEX_POINT('',#6189);
#6189 = CARTESIAN_POINT('',(93.800312,-46.53393,1.585));
#6190 = LINE('',#6191,#6192);
#6191 = CARTESIAN_POINT('',(93.823752,-46.429527,1.585));
#6192 = VECTOR('',#6193,1.);
#6193 = DIRECTION('',(-0.21906140244,-0.975711075043,0.));
#6194 = ORIENTED_EDGE('',*,*,#6195,.T.);
#6195 = EDGE_CURVE('',#6188,#6196,#6198,.T.);
#6196 = VERTEX_POINT('',#6197);
#6197 = CARTESIAN_POINT('',(93.721988,-46.64531,1.585));
#6198 = LINE('',#6199,#6200);
#6199 = CARTESIAN_POINT('',(93.800312,-46.53393,1.585));
#6200 = VECTOR('',#6201,1.);
#6201 = DIRECTION('',(-0.575225588985,-0.817994817695,0.));
#6202 = ORIENTED_EDGE('',*,*,#6203,.T.);
#6203 = EDGE_CURVE('',#6196,#6204,#6206,.T.);
#6204 = VERTEX_POINT('',#6205);
#6205 = CARTESIAN_POINT('',(93.565874,-46.769855,1.585));
#6206 = LINE('',#6207,#6208);
#6207 = CARTESIAN_POINT('',(93.721988,-46.64531,1.585));
#6208 = VECTOR('',#6209,1.);
#6209 = DIRECTION('',(-0.781713721485,-0.62363744086,0.));
#6210 = ORIENTED_EDGE('',*,*,#6211,.T.);
#6211 = EDGE_CURVE('',#6204,#6212,#6214,.T.);
#6212 = VERTEX_POINT('',#6213);
#6213 = CARTESIAN_POINT('',(93.297714,-46.91038,1.585));
#6214 = LINE('',#6215,#6216);
#6215 = CARTESIAN_POINT('',(93.565874,-46.769855,1.585));
#6216 = VECTOR('',#6217,1.);
#6217 = DIRECTION('',(-0.885749738352,-0.464163118966,0.));
#6218 = ORIENTED_EDGE('',*,*,#6219,.T.);
#6219 = EDGE_CURVE('',#6212,#6220,#6222,.T.);
#6220 = VERTEX_POINT('',#6221);
#6221 = CARTESIAN_POINT('',(92.983068,-47.032136,1.585));
#6222 = LINE('',#6223,#6224);
#6223 = CARTESIAN_POINT('',(93.297714,-46.91038,1.585));
#6224 = VECTOR('',#6225,1.);
#6225 = DIRECTION('',(-0.932610451558,-0.360884670836,0.));
#6226 = ORIENTED_EDGE('',*,*,#6227,.T.);
#6227 = EDGE_CURVE('',#6220,#6228,#6230,.T.);
#6228 = VERTEX_POINT('',#6229);
#6229 = CARTESIAN_POINT('',(92.732054,-47.096021,1.585));
#6230 = LINE('',#6231,#6232);
#6231 = CARTESIAN_POINT('',(92.983068,-47.032136,1.585));
#6232 = VECTOR('',#6233,1.);
#6233 = DIRECTION('',(-0.96910591607,-0.24664493394,0.));
#6234 = ORIENTED_EDGE('',*,*,#6235,.T.);
#6235 = EDGE_CURVE('',#6228,#6236,#6238,.T.);
#6236 = VERTEX_POINT('',#6237);
#6237 = CARTESIAN_POINT('',(92.532623,-47.114933,1.585));
#6238 = LINE('',#6239,#6240);
#6239 = CARTESIAN_POINT('',(92.732054,-47.096021,1.585));
#6240 = VECTOR('',#6241,1.);
#6241 = DIRECTION('',(-0.995533755581,-9.440625773098E-02,0.));
#6242 = ORIENTED_EDGE('',*,*,#6243,.T.);
#6243 = EDGE_CURVE('',#6236,#6244,#6246,.T.);
#6244 = VERTEX_POINT('',#6245);
#6245 = CARTESIAN_POINT('',(92.188051,-47.086933,1.585));
#6246 = LINE('',#6247,#6248);
#6247 = CARTESIAN_POINT('',(92.532623,-47.114933,1.585));
#6248 = VECTOR('',#6249,1.);
#6249 = DIRECTION('',(-0.996714649014,8.099326170548E-02,0.));
#6250 = ORIENTED_EDGE('',*,*,#6251,.T.);
#6251 = EDGE_CURVE('',#6244,#6252,#6254,.T.);
#6252 = VERTEX_POINT('',#6253);
#6253 = CARTESIAN_POINT('',(91.882852,-47.006171,1.585));
#6254 = LINE('',#6255,#6256);
#6255 = CARTESIAN_POINT('',(92.188051,-47.086933,1.585));
#6256 = VECTOR('',#6257,1.);
#6257 = DIRECTION('',(-0.966725574299,0.255815683641,0.));
#6258 = ORIENTED_EDGE('',*,*,#6259,.T.);
#6259 = EDGE_CURVE('',#6252,#6260,#6262,.T.);
#6260 = VERTEX_POINT('',#6261);
#6261 = CARTESIAN_POINT('',(91.150674,-46.453031,1.585));
#6262 = CIRCLE('',#6263,1.584594163278);
#6263 = AXIS2_PLACEMENT_3D('',#6264,#6265,#6266);
#6264 = CARTESIAN_POINT('',(92.431025067207,-45.51941447969,1.585));
#6265 = DIRECTION('',(0.,0.,-1.));
#6266 = DIRECTION('',(-0.345939092741,-0.938256971258,-0.));
#6267 = ORIENTED_EDGE('',*,*,#6268,.T.);
#6268 = EDGE_CURVE('',#6260,#6269,#6271,.T.);
#6269 = VERTEX_POINT('',#6270);
#6270 = CARTESIAN_POINT('',(90.998682,-46.18292,1.585));
#6271 = LINE('',#6272,#6273);
#6272 = CARTESIAN_POINT('',(91.150674,-46.453031,1.585));
#6273 = VECTOR('',#6274,1.);
#6274 = DIRECTION('',(-0.490394964093,0.87150030361,0.));
#6275 = ORIENTED_EDGE('',*,*,#6276,.T.);
#6276 = EDGE_CURVE('',#6269,#6277,#6279,.T.);
#6277 = VERTEX_POINT('',#6278);
#6278 = CARTESIAN_POINT('',(90.905257,-45.874467,1.585));
#6279 = LINE('',#6280,#6281);
#6280 = CARTESIAN_POINT('',(90.998682,-46.18292,1.585));
#6281 = VECTOR('',#6282,1.);
#6282 = DIRECTION('',(-0.289877788023,0.957063669779,0.));
#6283 = ORIENTED_EDGE('',*,*,#6284,.T.);
#6284 = EDGE_CURVE('',#6277,#6285,#6287,.T.);
#6285 = VERTEX_POINT('',#6286);
#6286 = CARTESIAN_POINT('',(90.872688,-45.518501,1.585));
#6287 = LINE('',#6288,#6289);
#6288 = CARTESIAN_POINT('',(90.905257,-45.874467,1.585));
#6289 = VECTOR('',#6290,1.);
#6290 = DIRECTION('',(-9.111411728653E-02,0.99584045792,0.));
#6291 = ORIENTED_EDGE('',*,*,#6292,.T.);
#6292 = EDGE_CURVE('',#6285,#6293,#6295,.T.);
#6293 = VERTEX_POINT('',#6294);
#6294 = CARTESIAN_POINT('',(90.899346,-45.182172,1.585));
#6295 = LINE('',#6296,#6297);
#6296 = CARTESIAN_POINT('',(90.872688,-45.518501,1.585));
#6297 = VECTOR('',#6298,1.);
#6298 = DIRECTION('',(7.901386505269E-02,0.996873517117,0.));
#6299 = ORIENTED_EDGE('',*,*,#6300,.T.);
#6300 = EDGE_CURVE('',#6293,#6301,#6303,.T.);
#6301 = VERTEX_POINT('',#6302);
#6302 = CARTESIAN_POINT('',(90.981387,-44.834053,1.585));
#6303 = LINE('',#6304,#6305);
#6304 = CARTESIAN_POINT('',(90.899346,-45.182172,1.585));
#6305 = VECTOR('',#6306,1.);
#6306 = DIRECTION('',(0.229385443913,0.973335665699,0.));
#6307 = ORIENTED_EDGE('',*,*,#6308,.T.);
#6308 = EDGE_CURVE('',#6301,#6309,#6311,.T.);
#6309 = VERTEX_POINT('',#6310);
#6310 = CARTESIAN_POINT('',(91.123755,-44.469984,1.585));
#6311 = LINE('',#6312,#6313);
#6312 = CARTESIAN_POINT('',(90.981387,-44.834053,1.585));
#6313 = VECTOR('',#6314,1.);
#6314 = DIRECTION('',(0.364191290637,0.931324166885,0.));
#6315 = ORIENTED_EDGE('',*,*,#6316,.T.);
#6316 = EDGE_CURVE('',#6309,#6317,#6319,.T.);
#6317 = VERTEX_POINT('',#6318);
#6318 = CARTESIAN_POINT('',(91.333696,-44.086017,1.585));
#6319 = LINE('',#6320,#6321);
#6320 = CARTESIAN_POINT('',(91.123755,-44.469984,1.585));
#6321 = VECTOR('',#6322,1.);
#6322 = DIRECTION('',(0.479740302154,0.87741053247,0.));
#6323 = ORIENTED_EDGE('',*,*,#6324,.T.);
#6324 = EDGE_CURVE('',#6317,#6325,#6327,.T.);
#6325 = VERTEX_POINT('',#6326);
#6326 = CARTESIAN_POINT('',(91.567769,-43.761955,1.585));
#6327 = LINE('',#6328,#6329);
#6328 = CARTESIAN_POINT('',(91.333696,-44.086017,1.585));
#6329 = VECTOR('',#6330,1.);
#6330 = DIRECTION('',(0.58553695014,0.810645717944,0.));
#6331 = ORIENTED_EDGE('',*,*,#6332,.T.);
#6332 = EDGE_CURVE('',#6325,#6333,#6335,.T.);
#6333 = VERTEX_POINT('',#6334);
#6334 = CARTESIAN_POINT('',(91.797567,-43.532773,1.585));
#6335 = LINE('',#6336,#6337);
#6336 = CARTESIAN_POINT('',(91.567769,-43.761955,1.585));
#6337 = VECTOR('',#6338,1.);
#6338 = DIRECTION('',(0.708055156038,0.706157132661,0.));
#6339 = ORIENTED_EDGE('',*,*,#6340,.T.);
#6340 = EDGE_CURVE('',#6333,#5896,#6341,.T.);
#6341 = LINE('',#6342,#6343);
#6342 = CARTESIAN_POINT('',(91.797567,-43.532773,1.585));
#6343 = VECTOR('',#6344,1.);
#6344 = DIRECTION('',(0.831569099859,0.555421310502,0.));
#6345 = PLANE('',#6346);
#6346 = AXIS2_PLACEMENT_3D('',#6347,#6348,#6349);
#6347 = CARTESIAN_POINT('',(0.,0.,1.585));
#6348 = DIRECTION('',(0.,0.,1.));
#6349 = DIRECTION('',(1.,0.,-0.));
#6350 = SHELL_BASED_SURFACE_MODEL('',(#6351));
#6351 = OPEN_SHELL('',(#6352));
#6352 = ADVANCED_FACE('',(#6353,#6662),#6841,.T.);
#6353 = FACE_BOUND('',#6354,.F.);
#6354 = EDGE_LOOP('',(#6355,#6365,#6373,#6381,#6389,#6397,#6405,#6413,
    #6421,#6429,#6437,#6445,#6453,#6461,#6469,#6477,#6485,#6493,#6501,
    #6509,#6517,#6525,#6533,#6541,#6550,#6558,#6566,#6574,#6582,#6590,
    #6598,#6607,#6615,#6624,#6632,#6640,#6648,#6656));
#6355 = ORIENTED_EDGE('',*,*,#6356,.T.);
#6356 = EDGE_CURVE('',#6357,#6359,#6361,.T.);
#6357 = VERTEX_POINT('',#6358);
#6358 = CARTESIAN_POINT('',(110.031028,-43.469857,1.585));
#6359 = VERTEX_POINT('',#6360);
#6360 = CARTESIAN_POINT('',(110.379981,-43.361253,1.585));
#6361 = LINE('',#6362,#6363);
#6362 = CARTESIAN_POINT('',(110.031028,-43.469857,1.585));
#6363 = VECTOR('',#6364,1.);
#6364 = DIRECTION('',(0.954825069244,0.297168449104,0.));
#6365 = ORIENTED_EDGE('',*,*,#6366,.T.);
#6366 = EDGE_CURVE('',#6359,#6367,#6369,.T.);
#6367 = VERTEX_POINT('',#6368);
#6368 = CARTESIAN_POINT('',(110.761994,-43.324284,1.585));
#6369 = LINE('',#6370,#6371);
#6370 = CARTESIAN_POINT('',(110.379981,-43.361253,1.585));
#6371 = VECTOR('',#6372,1.);
#6372 = DIRECTION('',(0.995350013555,9.632419486019E-02,0.));
#6373 = ORIENTED_EDGE('',*,*,#6374,.T.);
#6374 = EDGE_CURVE('',#6367,#6375,#6377,.T.);
#6375 = VERTEX_POINT('',#6376);
#6376 = CARTESIAN_POINT('',(111.064219,-43.359781,1.585));
#6377 = LINE('',#6378,#6379);
#6378 = CARTESIAN_POINT('',(110.761994,-43.324284,1.585));
#6379 = VECTOR('',#6380,1.);
#6380 = DIRECTION('',(0.993173039843,-0.11665038761,0.));
#6381 = ORIENTED_EDGE('',*,*,#6382,.T.);
#6382 = EDGE_CURVE('',#6375,#6383,#6385,.T.);
#6383 = VERTEX_POINT('',#6384);
#6384 = CARTESIAN_POINT('',(111.427861,-43.477852,1.585));
#6385 = LINE('',#6386,#6387);
#6386 = CARTESIAN_POINT('',(111.064219,-43.359781,1.585));
#6387 = VECTOR('',#6388,1.);
#6388 = DIRECTION('',(0.951120641441,-0.30881956775,0.));
#6389 = ORIENTED_EDGE('',*,*,#6390,.T.);
#6390 = EDGE_CURVE('',#6383,#6391,#6393,.T.);
#6391 = VERTEX_POINT('',#6392);
#6392 = CARTESIAN_POINT('',(111.657533,-43.595058,1.585));
#6393 = LINE('',#6394,#6395);
#6394 = CARTESIAN_POINT('',(111.427861,-43.477852,1.585));
#6395 = VECTOR('',#6396,1.);
#6396 = DIRECTION('',(0.890720405103,-0.454551603158,0.));
#6397 = ORIENTED_EDGE('',*,*,#6398,.T.);
#6398 = EDGE_CURVE('',#6391,#6399,#6401,.T.);
#6399 = VERTEX_POINT('',#6400);
#6400 = CARTESIAN_POINT('',(111.796128,-43.70976,1.585));
#6401 = LINE('',#6402,#6403);
#6402 = CARTESIAN_POINT('',(111.657533,-43.595058,1.585));
#6403 = VECTOR('',#6404,1.);
#6404 = DIRECTION('',(0.770386977671,-0.637576587271,0.));
#6405 = ORIENTED_EDGE('',*,*,#6406,.T.);
#6406 = EDGE_CURVE('',#6399,#6407,#6409,.T.);
#6407 = VERTEX_POINT('',#6408);
#6408 = CARTESIAN_POINT('',(111.869212,-43.822702,1.585));
#6409 = LINE('',#6410,#6411);
#6410 = CARTESIAN_POINT('',(111.796128,-43.70976,1.585));
#6411 = VECTOR('',#6412,1.);
#6412 = DIRECTION('',(0.543271620469,-0.83955699413,0.));
#6413 = ORIENTED_EDGE('',*,*,#6414,.T.);
#6414 = EDGE_CURVE('',#6407,#6415,#6417,.T.);
#6415 = VERTEX_POINT('',#6416);
#6416 = CARTESIAN_POINT('',(111.892227,-43.93886,1.585));
#6417 = LINE('',#6418,#6419);
#6418 = CARTESIAN_POINT('',(111.869212,-43.822702,1.585));
#6419 = VECTOR('',#6420,1.);
#6420 = DIRECTION('',(0.194357028075,-0.980930856706,0.));
#6421 = ORIENTED_EDGE('',*,*,#6422,.T.);
#6422 = EDGE_CURVE('',#6415,#6423,#6425,.T.);
#6423 = VERTEX_POINT('',#6424);
#6424 = CARTESIAN_POINT('',(111.875512,-44.025208,1.585));
#6425 = LINE('',#6426,#6427);
#6426 = CARTESIAN_POINT('',(111.892227,-43.93886,1.585));
#6427 = VECTOR('',#6428,1.);
#6428 = DIRECTION('',(-0.190049128288,-0.981774581478,0.));
#6429 = ORIENTED_EDGE('',*,*,#6430,.T.);
#6430 = EDGE_CURVE('',#6423,#6431,#6433,.T.);
#6431 = VERTEX_POINT('',#6432);
#6432 = CARTESIAN_POINT('',(111.824145,-44.102808,1.585));
#6433 = LINE('',#6434,#6435);
#6434 = CARTESIAN_POINT('',(111.875512,-44.025208,1.585));
#6435 = VECTOR('',#6436,1.);
#6436 = DIRECTION('',(-0.551971957893,-0.833862673166,0.));
#6437 = ORIENTED_EDGE('',*,*,#6438,.T.);
#6438 = EDGE_CURVE('',#6431,#6439,#6441,.T.);
#6439 = VERTEX_POINT('',#6440);
#6440 = CARTESIAN_POINT('',(111.771022,-44.529928,1.585));
#6441 = LINE('',#6442,#6443);
#6442 = CARTESIAN_POINT('',(111.824145,-44.102808,1.585));
#6443 = VECTOR('',#6444,1.);
#6444 = DIRECTION('',(-0.123423917302,-0.992354037951,0.));
#6445 = ORIENTED_EDGE('',*,*,#6446,.T.);
#6446 = EDGE_CURVE('',#6439,#6447,#6449,.T.);
#6447 = VERTEX_POINT('',#6448);
#6448 = CARTESIAN_POINT('',(111.74904,-45.291355,1.585));
#6449 = LINE('',#6450,#6451);
#6450 = CARTESIAN_POINT('',(111.771022,-44.529928,1.585));
#6451 = VECTOR('',#6452,1.);
#6452 = DIRECTION('',(-2.885745489555E-02,-0.999583536928,0.));
#6453 = ORIENTED_EDGE('',*,*,#6454,.T.);
#6454 = EDGE_CURVE('',#6447,#6455,#6457,.T.);
#6455 = VERTEX_POINT('',#6456);
#6456 = CARTESIAN_POINT('',(111.763731,-45.692654,1.585));
#6457 = LINE('',#6458,#6459);
#6458 = CARTESIAN_POINT('',(111.74904,-45.291355,1.585));
#6459 = VECTOR('',#6460,1.);
#6460 = DIRECTION('',(3.658410689794E-02,-0.999330577498,0.));
#6461 = ORIENTED_EDGE('',*,*,#6462,.T.);
#6462 = EDGE_CURVE('',#6455,#6463,#6465,.T.);
#6463 = VERTEX_POINT('',#6464);
#6464 = CARTESIAN_POINT('',(111.807048,-45.96058,1.585));
#6465 = LINE('',#6466,#6467);
#6466 = CARTESIAN_POINT('',(111.763731,-45.692654,1.585));
#6467 = VECTOR('',#6468,1.);
#6468 = DIRECTION('',(0.159602775176,-0.987181317771,0.));
#6469 = ORIENTED_EDGE('',*,*,#6470,.T.);
#6470 = EDGE_CURVE('',#6463,#6471,#6473,.T.);
#6471 = VERTEX_POINT('',#6472);
#6472 = CARTESIAN_POINT('',(111.863854,-46.146074,1.585));
#6473 = LINE('',#6474,#6475);
#6474 = CARTESIAN_POINT('',(111.807048,-45.96058,1.585));
#6475 = VECTOR('',#6476,1.);
#6476 = DIRECTION('',(0.292818534501,-0.956168032227,0.));
#6477 = ORIENTED_EDGE('',*,*,#6478,.T.);
#6478 = EDGE_CURVE('',#6471,#6479,#6481,.T.);
#6479 = VERTEX_POINT('',#6480);
#6480 = CARTESIAN_POINT('',(112.022287,-46.561723,1.585));
#6481 = LINE('',#6482,#6483);
#6482 = CARTESIAN_POINT('',(111.863854,-46.146074,1.585));
#6483 = VECTOR('',#6484,1.);
#6484 = DIRECTION('',(0.356173036703,-0.934420016869,0.));
#6485 = ORIENTED_EDGE('',*,*,#6486,.T.);
#6486 = EDGE_CURVE('',#6479,#6487,#6489,.T.);
#6487 = VERTEX_POINT('',#6488);
#6488 = CARTESIAN_POINT('',(112.10075,-46.742768,1.585));
#6489 = LINE('',#6490,#6491);
#6490 = CARTESIAN_POINT('',(112.022287,-46.561723,1.585));
#6491 = VECTOR('',#6492,1.);
#6492 = DIRECTION('',(0.397650816272,-0.917536826682,0.));
#6493 = ORIENTED_EDGE('',*,*,#6494,.T.);
#6494 = EDGE_CURVE('',#6487,#6495,#6497,.T.);
#6495 = VERTEX_POINT('',#6496);
#6496 = CARTESIAN_POINT('',(112.121205,-46.800776,1.585));
#6497 = LINE('',#6498,#6499);
#6498 = CARTESIAN_POINT('',(112.10075,-46.742768,1.585));
#6499 = VECTOR('',#6500,1.);
#6500 = DIRECTION('',(0.33255392627,-0.943084241265,0.));
#6501 = ORIENTED_EDGE('',*,*,#6502,.T.);
#6502 = EDGE_CURVE('',#6495,#6503,#6505,.T.);
#6503 = VERTEX_POINT('',#6504);
#6504 = CARTESIAN_POINT('',(112.097035,-46.925997,1.585));
#6505 = LINE('',#6506,#6507);
#6506 = CARTESIAN_POINT('',(112.121205,-46.800776,1.585));
#6507 = VECTOR('',#6508,1.);
#6508 = DIRECTION('',(-0.18952061441,-0.981876742119,0.));
#6509 = ORIENTED_EDGE('',*,*,#6510,.T.);
#6510 = EDGE_CURVE('',#6503,#6511,#6513,.T.);
#6511 = VERTEX_POINT('',#6512);
#6512 = CARTESIAN_POINT('',(112.025645,-47.02609,1.585));
#6513 = LINE('',#6514,#6515);
#6514 = CARTESIAN_POINT('',(112.097035,-46.925997,1.585));
#6515 = VECTOR('',#6516,1.);
#6516 = DIRECTION('',(-0.580672533885,-0.814137217176,0.));
#6517 = ORIENTED_EDGE('',*,*,#6518,.T.);
#6518 = EDGE_CURVE('',#6511,#6519,#6521,.T.);
#6519 = VERTEX_POINT('',#6520);
#6520 = CARTESIAN_POINT('',(111.921924,-47.092903,1.585));
#6521 = LINE('',#6522,#6523);
#6522 = CARTESIAN_POINT('',(112.025645,-47.02609,1.585));
#6523 = VECTOR('',#6524,1.);
#6524 = DIRECTION('',(-0.84067960415,-0.541532827413,0.));
#6525 = ORIENTED_EDGE('',*,*,#6526,.T.);
#6526 = EDGE_CURVE('',#6519,#6527,#6529,.T.);
#6527 = VERTEX_POINT('',#6528);
#6528 = CARTESIAN_POINT('',(111.803689,-47.114933,1.585));
#6529 = LINE('',#6530,#6531);
#6530 = CARTESIAN_POINT('',(111.921924,-47.092903,1.585));
#6531 = VECTOR('',#6532,1.);
#6532 = DIRECTION('',(-0.983080986934,-0.183171430982,0.));
#6533 = ORIENTED_EDGE('',*,*,#6534,.T.);
#6534 = EDGE_CURVE('',#6527,#6535,#6537,.T.);
#6535 = VERTEX_POINT('',#6536);
#6536 = CARTESIAN_POINT('',(111.730732,-47.089198,1.585));
#6537 = LINE('',#6538,#6539);
#6538 = CARTESIAN_POINT('',(111.803689,-47.114933,1.585));
#6539 = VECTOR('',#6540,1.);
#6540 = DIRECTION('',(-0.943049261797,0.332653107342,0.));
#6541 = ORIENTED_EDGE('',*,*,#6542,.T.);
#6542 = EDGE_CURVE('',#6535,#6543,#6545,.T.);
#6543 = VERTEX_POINT('',#6544);
#6544 = CARTESIAN_POINT('',(111.339017,-46.724145,1.585));
#6545 = CIRCLE('',#6546,1.518689911106);
#6546 = AXIS2_PLACEMENT_3D('',#6547,#6548,#6549);
#6547 = CARTESIAN_POINT('',(112.55405846431,-45.81305044612,1.585));
#6548 = DIRECTION('',(0.,0.,-1.));
#6549 = DIRECTION('',(-0.54212940923,-0.840295009891,-0.));
#6550 = ORIENTED_EDGE('',*,*,#6551,.T.);
#6551 = EDGE_CURVE('',#6543,#6552,#6554,.T.);
#6552 = VERTEX_POINT('',#6553);
#6553 = CARTESIAN_POINT('',(111.018084,-46.882762,1.585));
#6554 = LINE('',#6555,#6556);
#6555 = CARTESIAN_POINT('',(111.339017,-46.724145,1.585));
#6556 = VECTOR('',#6557,1.);
#6557 = DIRECTION('',(-0.896484175795,-0.443075752609,0.));
#6558 = ORIENTED_EDGE('',*,*,#6559,.T.);
#6559 = EDGE_CURVE('',#6552,#6560,#6562,.T.);
#6560 = VERTEX_POINT('',#6561);
#6561 = CARTESIAN_POINT('',(110.761688,-46.987011,1.585));
#6562 = LINE('',#6563,#6564);
#6563 = CARTESIAN_POINT('',(111.018084,-46.882762,1.585));
#6564 = VECTOR('',#6565,1.);
#6565 = DIRECTION('',(-0.926355512408,-0.376650321428,0.));
#6566 = ORIENTED_EDGE('',*,*,#6567,.T.);
#6567 = EDGE_CURVE('',#6560,#6568,#6570,.T.);
#6568 = VERTEX_POINT('',#6569);
#6569 = CARTESIAN_POINT('',(110.520436,-47.056261,1.585));
#6570 = LINE('',#6571,#6572);
#6571 = CARTESIAN_POINT('',(110.761688,-46.987011,1.585));
#6572 = VECTOR('',#6573,1.);
#6573 = DIRECTION('',(-0.961185545296,-0.275902786347,0.));
#6574 = ORIENTED_EDGE('',*,*,#6575,.T.);
#6575 = EDGE_CURVE('',#6568,#6576,#6578,.T.);
#6576 = VERTEX_POINT('',#6577);
#6577 = CARTESIAN_POINT('',(110.345254,-47.075854,1.585));
#6578 = LINE('',#6579,#6580);
#6579 = CARTESIAN_POINT('',(110.520436,-47.056261,1.585));
#6580 = VECTOR('',#6581,1.);
#6581 = DIRECTION('',(-0.993803568526,-0.111150650855,0.));
#6582 = ORIENTED_EDGE('',*,*,#6583,.T.);
#6583 = EDGE_CURVE('',#6576,#6584,#6586,.T.);
#6584 = VERTEX_POINT('',#6585);
#6585 = CARTESIAN_POINT('',(109.946354,-47.043175,1.585));
#6586 = LINE('',#6587,#6588);
#6587 = CARTESIAN_POINT('',(110.345254,-47.075854,1.585));
#6588 = VECTOR('',#6589,1.);
#6589 = DIRECTION('',(-0.996661125313,8.164925774405E-02,0.));
#6590 = ORIENTED_EDGE('',*,*,#6591,.T.);
#6591 = EDGE_CURVE('',#6584,#6592,#6594,.T.);
#6592 = VERTEX_POINT('',#6593);
#6593 = CARTESIAN_POINT('',(109.629597,-46.953222,1.585));
#6594 = LINE('',#6595,#6596);
#6595 = CARTESIAN_POINT('',(109.946354,-47.043175,1.585));
#6596 = VECTOR('',#6597,1.);
#6597 = DIRECTION('',(-0.961963121627,0.273179341513,0.));
#6598 = ORIENTED_EDGE('',*,*,#6599,.T.);
#6599 = EDGE_CURVE('',#6592,#6600,#6602,.T.);
#6600 = VERTEX_POINT('',#6601);
#6601 = CARTESIAN_POINT('',(109.040806,-46.407586,1.585));
#6602 = CIRCLE('',#6603,1.11103484691);
#6603 = AXIS2_PLACEMENT_3D('',#6604,#6605,#6606);
#6604 = CARTESIAN_POINT('',(110.0393885309,-45.92052197954,1.585));
#6605 = DIRECTION('',(0.,0.,-1.));
#6606 = DIRECTION('',(-0.368837694014,-0.929493816803,-0.));
#6607 = ORIENTED_EDGE('',*,*,#6608,.T.);
#6608 = EDGE_CURVE('',#6600,#6609,#6611,.T.);
#6609 = VERTEX_POINT('',#6610);
#6610 = CARTESIAN_POINT('',(108.93291,-46.128618,1.585));
#6611 = LINE('',#6612,#6613);
#6612 = CARTESIAN_POINT('',(109.040806,-46.407586,1.585));
#6613 = VECTOR('',#6614,1.);
#6614 = DIRECTION('',(-0.360727713777,0.932671172768,0.));
#6615 = ORIENTED_EDGE('',*,*,#6616,.T.);
#6616 = EDGE_CURVE('',#6609,#6617,#6619,.T.);
#6617 = VERTEX_POINT('',#6618);
#6618 = CARTESIAN_POINT('',(108.87187,-44.923669,1.585));
#6619 = CIRCLE('',#6620,2.891490896341);
#6620 = AXIS2_PLACEMENT_3D('',#6621,#6622,#6623);
#6621 = CARTESIAN_POINT('',(111.72663213897,-45.38307375998,1.585));
#6622 = DIRECTION('',(0.,0.,-1.));
#6623 = DIRECTION('',(-0.966187423419,-0.257840770296,-0.));
#6624 = ORIENTED_EDGE('',*,*,#6625,.T.);
#6625 = EDGE_CURVE('',#6617,#6626,#6628,.T.);
#6626 = VERTEX_POINT('',#6627);
#6627 = CARTESIAN_POINT('',(108.978052,-44.55846,1.585));
#6628 = LINE('',#6629,#6630);
#6629 = CARTESIAN_POINT('',(108.87187,-44.923669,1.585));
#6630 = VECTOR('',#6631,1.);
#6631 = DIRECTION('',(0.279182590978,0.960238033456,0.));
#6632 = ORIENTED_EDGE('',*,*,#6633,.T.);
#6633 = EDGE_CURVE('',#6626,#6634,#6636,.T.);
#6634 = VERTEX_POINT('',#6635);
#6635 = CARTESIAN_POINT('',(109.153779,-44.223095,1.585));
#6636 = LINE('',#6637,#6638);
#6637 = CARTESIAN_POINT('',(108.978052,-44.55846,1.585));
#6638 = VECTOR('',#6639,1.);
#6639 = DIRECTION('',(0.464130553307,0.885766803108,0.));
#6640 = ORIENTED_EDGE('',*,*,#6641,.T.);
#6641 = EDGE_CURVE('',#6634,#6642,#6644,.T.);
#6642 = VERTEX_POINT('',#6643);
#6643 = CARTESIAN_POINT('',(109.404003,-43.911994,1.585));
#6644 = LINE('',#6645,#6646);
#6645 = CARTESIAN_POINT('',(109.153779,-44.223095,1.585));
#6646 = VECTOR('',#6647,1.);
#6647 = DIRECTION('',(0.626744329281,0.779224964766,0.));
#6648 = ORIENTED_EDGE('',*,*,#6649,.T.);
#6649 = EDGE_CURVE('',#6642,#6650,#6652,.T.);
#6650 = VERTEX_POINT('',#6651);
#6651 = CARTESIAN_POINT('',(109.707472,-43.651138,1.585));
#6652 = LINE('',#6653,#6654);
#6653 = CARTESIAN_POINT('',(109.404003,-43.911994,1.585));
#6654 = VECTOR('',#6655,1.);
#6655 = DIRECTION('',(0.758342487369,0.651856327615,0.));
#6656 = ORIENTED_EDGE('',*,*,#6657,.T.);
#6657 = EDGE_CURVE('',#6650,#6357,#6658,.T.);
#6658 = LINE('',#6659,#6660);
#6659 = CARTESIAN_POINT('',(109.707472,-43.651138,1.585));
#6660 = VECTOR('',#6661,1.);
#6661 = DIRECTION('',(0.872402959264,0.48878735322,0.));
#6662 = FACE_BOUND('',#6663,.F.);
#6663 = EDGE_LOOP('',(#6664,#6674,#6682,#6691,#6699,#6707,#6715,#6723,
    #6731,#6739,#6747,#6755,#6763,#6771,#6779,#6787,#6795,#6803,#6811,
    #6819,#6827,#6835));
#6664 = ORIENTED_EDGE('',*,*,#6665,.T.);
#6665 = EDGE_CURVE('',#6666,#6668,#6670,.T.);
#6666 = VERTEX_POINT('',#6667);
#6667 = CARTESIAN_POINT('',(111.168353,-44.056097,1.585));
#6668 = VERTEX_POINT('',#6669);
#6669 = CARTESIAN_POINT('',(110.951282,-43.960842,1.585));
#6670 = LINE('',#6671,#6672);
#6671 = CARTESIAN_POINT('',(111.168353,-44.056097,1.585));
#6672 = VECTOR('',#6673,1.);
#6673 = DIRECTION('',(-0.915713056944,0.401832797744,0.));
#6674 = ORIENTED_EDGE('',*,*,#6675,.T.);
#6675 = EDGE_CURVE('',#6668,#6676,#6678,.T.);
#6676 = VERTEX_POINT('',#6677);
#6677 = CARTESIAN_POINT('',(110.806263,-43.930006,1.585));
#6678 = LINE('',#6679,#6680);
#6679 = CARTESIAN_POINT('',(110.951282,-43.960842,1.585));
#6680 = VECTOR('',#6681,1.);
#6681 = DIRECTION('',(-0.97813215283,0.20798435422,0.));
#6682 = ORIENTED_EDGE('',*,*,#6683,.T.);
#6683 = EDGE_CURVE('',#6676,#6684,#6686,.T.);
#6684 = VERTEX_POINT('',#6685);
#6685 = CARTESIAN_POINT('',(110.099663,-44.1678,1.585));
#6686 = CIRCLE('',#6687,1.142267635034);
#6687 = AXIS2_PLACEMENT_3D('',#6688,#6689,#6690);
#6688 = CARTESIAN_POINT('',(110.79734896913,-45.07223885283,1.585));
#6689 = DIRECTION('',(0.,0.,1.));
#6690 = DIRECTION('',(7.803802360716E-03,0.999969549871,-0.));
#6691 = ORIENTED_EDGE('',*,*,#6692,.T.);
#6692 = EDGE_CURVE('',#6684,#6693,#6695,.T.);
#6693 = VERTEX_POINT('',#6694);
#6694 = CARTESIAN_POINT('',(109.892489,-44.36079,1.585));
#6695 = LINE('',#6696,#6697);
#6696 = CARTESIAN_POINT('',(110.099663,-44.1678,1.585));
#6697 = VECTOR('',#6698,1.);
#6698 = DIRECTION('',(-0.731711001845,-0.68161500114,0.));
#6699 = ORIENTED_EDGE('',*,*,#6700,.T.);
#6700 = EDGE_CURVE('',#6693,#6701,#6703,.T.);
#6701 = VERTEX_POINT('',#6702);
#6702 = CARTESIAN_POINT('',(109.722534,-44.58747,1.585));
#6703 = LINE('',#6704,#6705);
#6704 = CARTESIAN_POINT('',(109.892489,-44.36079,1.585));
#6705 = VECTOR('',#6706,1.);
#6706 = DIRECTION('',(-0.599875750309,-0.800093172194,0.));
#6707 = ORIENTED_EDGE('',*,*,#6708,.T.);
#6708 = EDGE_CURVE('',#6701,#6709,#6711,.T.);
#6709 = VERTEX_POINT('',#6710);
#6710 = CARTESIAN_POINT('',(109.603775,-44.826026,1.585));
#6711 = LINE('',#6712,#6713);
#6712 = CARTESIAN_POINT('',(109.722534,-44.58747,1.585));
#6713 = VECTOR('',#6714,1.);
#6714 = DIRECTION('',(-0.44565483809,-0.89520487336,0.));
#6715 = ORIENTED_EDGE('',*,*,#6716,.T.);
#6716 = EDGE_CURVE('',#6709,#6717,#6719,.T.);
#6717 = VERTEX_POINT('',#6718);
#6718 = CARTESIAN_POINT('',(109.532571,-45.079815,1.585));
#6719 = LINE('',#6720,#6721);
#6720 = CARTESIAN_POINT('',(109.603775,-44.826026,1.585));
#6721 = VECTOR('',#6722,1.);
#6722 = DIRECTION('',(-0.270133241719,-0.96282294931,0.));
#6723 = ORIENTED_EDGE('',*,*,#6724,.T.);
#6724 = EDGE_CURVE('',#6717,#6725,#6727,.T.);
#6725 = VERTEX_POINT('',#6726);
#6726 = CARTESIAN_POINT('',(109.508417,-45.353332,1.585));
#6727 = LINE('',#6728,#6729);
#6728 = CARTESIAN_POINT('',(109.532571,-45.079815,1.585));
#6729 = VECTOR('',#6730,1.);
#6730 = DIRECTION('',(-8.79666169367E-02,-0.996123423229,0.));
#6731 = ORIENTED_EDGE('',*,*,#6732,.T.);
#6732 = EDGE_CURVE('',#6725,#6733,#6735,.T.);
#6733 = VERTEX_POINT('',#6734);
#6734 = CARTESIAN_POINT('',(109.534586,-45.722339,1.585));
#6735 = LINE('',#6736,#6737);
#6736 = CARTESIAN_POINT('',(109.508417,-45.353332,1.585));
#6737 = VECTOR('',#6738,1.);
#6738 = DIRECTION('',(7.073969242345E-02,-0.997494809969,0.));
#6739 = ORIENTED_EDGE('',*,*,#6740,.T.);
#6740 = EDGE_CURVE('',#6733,#6741,#6743,.T.);
#6741 = VERTEX_POINT('',#6742);
#6742 = CARTESIAN_POINT('',(109.603906,-45.994142,1.585));
#6743 = LINE('',#6744,#6745);
#6744 = CARTESIAN_POINT('',(109.534586,-45.722339,1.585));
#6745 = VECTOR('',#6746,1.);
#6746 = DIRECTION('',(0.247127167305,-0.968983056188,0.));
#6747 = ORIENTED_EDGE('',*,*,#6748,.T.);
#6748 = EDGE_CURVE('',#6741,#6749,#6751,.T.);
#6749 = VERTEX_POINT('',#6750);
#6750 = CARTESIAN_POINT('',(109.706559,-46.191085,1.585));
#6751 = LINE('',#6752,#6753);
#6752 = CARTESIAN_POINT('',(109.603906,-45.994142,1.585));
#6753 = VECTOR('',#6754,1.);
#6754 = DIRECTION('',(0.462212507052,-0.886769191123,0.));
#6755 = ORIENTED_EDGE('',*,*,#6756,.T.);
#6756 = EDGE_CURVE('',#6749,#6757,#6759,.T.);
#6757 = VERTEX_POINT('',#6758);
#6758 = CARTESIAN_POINT('',(109.857603,-46.343938,1.585));
#6759 = LINE('',#6760,#6761);
#6760 = CARTESIAN_POINT('',(109.706559,-46.191085,1.585));
#6761 = VECTOR('',#6762,1.);
#6762 = DIRECTION('',(0.702885151477,-0.711303355702,0.));
#6763 = ORIENTED_EDGE('',*,*,#6764,.T.);
#6764 = EDGE_CURVE('',#6757,#6765,#6767,.T.);
#6765 = VERTEX_POINT('',#6766);
#6766 = CARTESIAN_POINT('',(110.051147,-46.436923,1.585));
#6767 = LINE('',#6768,#6769);
#6768 = CARTESIAN_POINT('',(109.857603,-46.343938,1.585));
#6769 = VECTOR('',#6770,1.);
#6770 = DIRECTION('',(0.901370604352,-0.433048534936,0.));
#6771 = ORIENTED_EDGE('',*,*,#6772,.T.);
#6772 = EDGE_CURVE('',#6765,#6773,#6775,.T.);
#6773 = VERTEX_POINT('',#6774);
#6774 = CARTESIAN_POINT('',(110.300985,-46.470132,1.585));
#6775 = LINE('',#6776,#6777);
#6776 = CARTESIAN_POINT('',(110.051147,-46.436923,1.585));
#6777 = VECTOR('',#6778,1.);
#6778 = DIRECTION('',(0.991281219071,-0.13176321458,0.));
#6779 = ORIENTED_EDGE('',*,*,#6780,.T.);
#6780 = EDGE_CURVE('',#6773,#6781,#6783,.T.);
#6781 = VERTEX_POINT('',#6782);
#6782 = CARTESIAN_POINT('',(110.612572,-46.438514,1.585));
#6783 = LINE('',#6784,#6785);
#6784 = CARTESIAN_POINT('',(110.300985,-46.470132,1.585));
#6785 = VECTOR('',#6786,1.);
#6786 = DIRECTION('',(0.99489092924,0.100955628446,0.));
#6787 = ORIENTED_EDGE('',*,*,#6788,.T.);
#6788 = EDGE_CURVE('',#6781,#6789,#6791,.T.);
#6789 = VERTEX_POINT('',#6790);
#6790 = CARTESIAN_POINT('',(110.857554,-46.351064,1.585));
#6791 = LINE('',#6792,#6793);
#6792 = CARTESIAN_POINT('',(110.612572,-46.438514,1.585));
#6793 = VECTOR('',#6794,1.);
#6794 = DIRECTION('',(0.941794955297,0.33618783764,0.));
#6795 = ORIENTED_EDGE('',*,*,#6796,.T.);
#6796 = EDGE_CURVE('',#6789,#6797,#6799,.T.);
#6797 = VERTEX_POINT('',#6798);
#6798 = CARTESIAN_POINT('',(110.989228,-46.26593,1.585));
#6799 = LINE('',#6800,#6801);
#6800 = CARTESIAN_POINT('',(110.857554,-46.351064,1.585));
#6801 = VECTOR('',#6802,1.);
#6802 = DIRECTION('',(0.839764480301,0.542950842733,0.));
#6803 = ORIENTED_EDGE('',*,*,#6804,.T.);
#6804 = EDGE_CURVE('',#6797,#6805,#6807,.T.);
#6805 = VERTEX_POINT('',#6806);
#6806 = CARTESIAN_POINT('',(111.202547,-46.092166,1.585));
#6807 = LINE('',#6808,#6809);
#6808 = CARTESIAN_POINT('',(110.989228,-46.26593,1.585));
#6809 = VECTOR('',#6810,1.);
#6810 = DIRECTION('',(0.775326606125,0.631560491033,0.));
#6811 = ORIENTED_EDGE('',*,*,#6812,.T.);
#6812 = EDGE_CURVE('',#6805,#6813,#6815,.T.);
#6813 = VERTEX_POINT('',#6814);
#6814 = CARTESIAN_POINT('',(111.116087,-45.245981,1.585));
#6815 = LINE('',#6816,#6817);
#6816 = CARTESIAN_POINT('',(111.202547,-46.092166,1.585));
#6817 = VECTOR('',#6818,1.);
#6818 = DIRECTION('',(-0.101647019122,0.994820528288,0.));
#6819 = ORIENTED_EDGE('',*,*,#6820,.T.);
#6820 = EDGE_CURVE('',#6813,#6821,#6823,.T.);
#6821 = VERTEX_POINT('',#6822);
#6822 = CARTESIAN_POINT('',(111.093248,-44.740282,1.585));
#6823 = LINE('',#6824,#6825);
#6824 = CARTESIAN_POINT('',(111.116087,-45.245981,1.585));
#6825 = VECTOR('',#6826,1.);
#6826 = DIRECTION('',(-4.51172397424E-02,0.99898169887,0.));
#6827 = ORIENTED_EDGE('',*,*,#6828,.T.);
#6828 = EDGE_CURVE('',#6821,#6829,#6831,.T.);
#6829 = VERTEX_POINT('',#6830);
#6830 = CARTESIAN_POINT('',(111.111871,-44.422156,1.585));
#6831 = LINE('',#6832,#6833);
#6832 = CARTESIAN_POINT('',(111.093248,-44.740282,1.585));
#6833 = VECTOR('',#6834,1.);
#6834 = DIRECTION('',(5.843965043735E-02,0.998290943191,0.));
#6835 = ORIENTED_EDGE('',*,*,#6836,.T.);
#6836 = EDGE_CURVE('',#6829,#6666,#6837,.T.);
#6837 = LINE('',#6838,#6839);
#6838 = CARTESIAN_POINT('',(111.111871,-44.422156,1.585));
#6839 = VECTOR('',#6840,1.);
#6840 = DIRECTION('',(0.152492953428,0.988304557894,0.));
#6841 = PLANE('',#6842);
#6842 = AXIS2_PLACEMENT_3D('',#6843,#6844,#6845);
#6843 = CARTESIAN_POINT('',(0.,0.,1.585));
#6844 = DIRECTION('',(0.,0.,1.));
#6845 = DIRECTION('',(1.,0.,-0.));
#6846 = SHELL_BASED_SURFACE_MODEL('',(#6847));
#6847 = OPEN_SHELL('',(#6848));
#6848 = ADVANCED_FACE('',(#6849,#7093),#7280,.T.);
#6849 = FACE_BOUND('',#6850,.F.);
#6850 = EDGE_LOOP('',(#6851,#6861,#6869,#6877,#6885,#6893,#6901,#6909,
    #6917,#6925,#6933,#6941,#6949,#6957,#6965,#6973,#6981,#6989,#6997,
    #7005,#7013,#7021,#7029,#7038,#7046,#7054,#7062,#7070,#7079,#7087));
#6851 = ORIENTED_EDGE('',*,*,#6852,.T.);
#6852 = EDGE_CURVE('',#6853,#6855,#6857,.T.);
#6853 = VERTEX_POINT('',#6854);
#6854 = CARTESIAN_POINT('',(95.487159,-43.47558,1.585));
#6855 = VERTEX_POINT('',#6856);
#6856 = CARTESIAN_POINT('',(95.780714,-43.392267,1.585));
#6857 = LINE('',#6858,#6859);
#6858 = CARTESIAN_POINT('',(95.487159,-43.47558,1.585));
#6859 = VECTOR('',#6860,1.);
#6860 = DIRECTION('',(0.962007090265,0.273024464619,0.));
#6861 = ORIENTED_EDGE('',*,*,#6862,.T.);
#6862 = EDGE_CURVE('',#6855,#6863,#6865,.T.);
#6863 = VERTEX_POINT('',#6864);
#6864 = CARTESIAN_POINT('',(96.114139,-43.363363,1.585));
#6865 = LINE('',#6866,#6867);
#6866 = CARTESIAN_POINT('',(95.780714,-43.392267,1.585));
#6867 = VECTOR('',#6868,1.);
#6868 = DIRECTION('',(0.996263626931,8.63642614465E-02,0.));
#6869 = ORIENTED_EDGE('',*,*,#6870,.T.);
#6870 = EDGE_CURVE('',#6863,#6871,#6873,.T.);
#6871 = VERTEX_POINT('',#6872);
#6872 = CARTESIAN_POINT('',(96.377489,-43.38896,1.585));
#6873 = LINE('',#6874,#6875);
#6874 = CARTESIAN_POINT('',(96.114139,-43.363363,1.585));
#6875 = VECTOR('',#6876,1.);
#6876 = DIRECTION('',(0.995309517378,-9.67417418505E-02,0.));
#6877 = ORIENTED_EDGE('',*,*,#6878,.T.);
#6878 = EDGE_CURVE('',#6871,#6879,#6881,.T.);
#6879 = VERTEX_POINT('',#6880);
#6880 = CARTESIAN_POINT('',(96.60695,-43.462721,1.585));
#6881 = LINE('',#6882,#6883);
#6882 = CARTESIAN_POINT('',(96.377489,-43.38896,1.585));
#6883 = VECTOR('',#6884,1.);
#6884 = DIRECTION('',(0.952021697295,-0.306030534227,0.));
#6885 = ORIENTED_EDGE('',*,*,#6886,.T.);
#6886 = EDGE_CURVE('',#6879,#6887,#6889,.T.);
#6887 = VERTEX_POINT('',#6888);
#6888 = CARTESIAN_POINT('',(96.80945,-43.58366,1.585));
#6889 = LINE('',#6890,#6891);
#6890 = CARTESIAN_POINT('',(96.60695,-43.462721,1.585));
#6891 = VECTOR('',#6892,1.);
#6892 = DIRECTION('',(0.85854046951,-0.512745806627,0.));
#6893 = ORIENTED_EDGE('',*,*,#6894,.T.);
#6894 = EDGE_CURVE('',#6887,#6895,#6897,.T.);
#6895 = VERTEX_POINT('',#6896);
#6896 = CARTESIAN_POINT('',(96.989575,-43.755533,1.585));
#6897 = LINE('',#6898,#6899);
#6898 = CARTESIAN_POINT('',(96.80945,-43.58366,1.585));
#6899 = VECTOR('',#6900,1.);
#6900 = DIRECTION('',(0.723484925833,-0.69034017853,0.));
#6901 = ORIENTED_EDGE('',*,*,#6902,.T.);
#6902 = EDGE_CURVE('',#6895,#6903,#6905,.T.);
#6903 = VERTEX_POINT('',#6904);
#6904 = CARTESIAN_POINT('',(97.149118,-43.986488,1.585));
#6905 = LINE('',#6906,#6907);
#6906 = CARTESIAN_POINT('',(96.989575,-43.755533,1.585));
#6907 = VECTOR('',#6908,1.);
#6908 = DIRECTION('',(0.568369391322,-0.822773501644,0.));
#6909 = ORIENTED_EDGE('',*,*,#6910,.T.);
#6910 = EDGE_CURVE('',#6903,#6911,#6913,.T.);
#6911 = VERTEX_POINT('',#6912);
#6912 = CARTESIAN_POINT('',(97.299582,-44.333009,1.585));
#6913 = LINE('',#6914,#6915);
#6914 = CARTESIAN_POINT('',(97.149118,-43.986488,1.585));
#6915 = VECTOR('',#6916,1.);
#6916 = DIRECTION('',(0.39828682251,-0.917260926354,0.));
#6917 = ORIENTED_EDGE('',*,*,#6918,.T.);
#6918 = EDGE_CURVE('',#6911,#6919,#6921,.T.);
#6919 = VERTEX_POINT('',#6920);
#6920 = CARTESIAN_POINT('',(97.391304,-44.733486,1.585));
#6921 = LINE('',#6922,#6923);
#6922 = CARTESIAN_POINT('',(97.299582,-44.333009,1.585));
#6923 = VECTOR('',#6924,1.);
#6924 = DIRECTION('',(0.223251324939,-0.974760917309,0.));
#6925 = ORIENTED_EDGE('',*,*,#6926,.T.);
#6926 = EDGE_CURVE('',#6919,#6927,#6929,.T.);
#6927 = VERTEX_POINT('',#6928);
#6928 = CARTESIAN_POINT('',(97.419007,-45.198848,1.585));
#6929 = LINE('',#6930,#6931);
#6930 = CARTESIAN_POINT('',(97.391304,-44.733486,1.585));
#6931 = VECTOR('',#6932,1.);
#6932 = DIRECTION('',(5.942479800128E-02,-0.998232785167,0.));
#6933 = ORIENTED_EDGE('',*,*,#6934,.T.);
#6934 = EDGE_CURVE('',#6927,#6935,#6937,.T.);
#6935 = VERTEX_POINT('',#6936);
#6936 = CARTESIAN_POINT('',(97.388677,-45.574028,1.585));
#6937 = LINE('',#6938,#6939);
#6938 = CARTESIAN_POINT('',(97.419007,-45.198848,1.585));
#6939 = VECTOR('',#6940,1.);
#6940 = DIRECTION('',(-8.057832329654E-02,-0.996748280066,0.));
#6941 = ORIENTED_EDGE('',*,*,#6942,.T.);
#6942 = EDGE_CURVE('',#6935,#6943,#6945,.T.);
#6943 = VERTEX_POINT('',#6944);
#6944 = CARTESIAN_POINT('',(97.311303,-45.910548,1.585));
#6945 = LINE('',#6946,#6947);
#6946 = CARTESIAN_POINT('',(97.388677,-45.574028,1.585));
#6947 = VECTOR('',#6948,1.);
#6948 = DIRECTION('',(-0.224077278888,-0.974571379164,0.));
#6949 = ORIENTED_EDGE('',*,*,#6950,.T.);
#6950 = EDGE_CURVE('',#6943,#6951,#6953,.T.);
#6951 = VERTEX_POINT('',#6952);
#6952 = CARTESIAN_POINT('',(97.189287,-46.214107,1.585));
#6953 = LINE('',#6954,#6955);
#6954 = CARTESIAN_POINT('',(97.311303,-45.910548,1.585));
#6955 = VECTOR('',#6956,1.);
#6956 = DIRECTION('',(-0.372951112968,-0.927850994145,0.));
#6957 = ORIENTED_EDGE('',*,*,#6958,.T.);
#6958 = EDGE_CURVE('',#6951,#6959,#6961,.T.);
#6959 = VERTEX_POINT('',#6960);
#6960 = CARTESIAN_POINT('',(97.022723,-46.489366,1.585));
#6961 = LINE('',#6962,#6963);
#6962 = CARTESIAN_POINT('',(97.189287,-46.214107,1.585));
#6963 = VECTOR('',#6964,1.);
#6964 = DIRECTION('',(-0.517711384414,-0.855555329858,0.));
#6965 = ORIENTED_EDGE('',*,*,#6966,.T.);
#6966 = EDGE_CURVE('',#6959,#6967,#6969,.T.);
#6967 = VERTEX_POINT('',#6968);
#6968 = CARTESIAN_POINT('',(96.831355,-46.712574,1.585));
#6969 = LINE('',#6970,#6971);
#6970 = CARTESIAN_POINT('',(97.022723,-46.489366,1.585));
#6971 = VECTOR('',#6972,1.);
#6972 = DIRECTION('',(-0.650883241444,-0.759177848733,0.));
#6973 = ORIENTED_EDGE('',*,*,#6974,.T.);
#6974 = EDGE_CURVE('',#6967,#6975,#6977,.T.);
#6975 = VERTEX_POINT('',#6976);
#6976 = CARTESIAN_POINT('',(96.623017,-46.880261,1.585));
#6977 = LINE('',#6978,#6979);
#6978 = CARTESIAN_POINT('',(96.831355,-46.712574,1.585));
#6979 = VECTOR('',#6980,1.);
#6980 = DIRECTION('',(-0.779011106164,-0.627010124698,0.));
#6981 = ORIENTED_EDGE('',*,*,#6982,.T.);
#6982 = EDGE_CURVE('',#6975,#6983,#6985,.T.);
#6983 = VERTEX_POINT('',#6984);
#6984 = CARTESIAN_POINT('',(96.3955,-46.998666,1.585));
#6985 = LINE('',#6986,#6987);
#6986 = CARTESIAN_POINT('',(96.623017,-46.880261,1.585));
#6987 = VECTOR('',#6988,1.);
#6988 = DIRECTION('',(-0.887063291136,-0.461647828457,0.));
#6989 = ORIENTED_EDGE('',*,*,#6990,.T.);
#6990 = EDGE_CURVE('',#6983,#6991,#6993,.T.);
#6991 = VERTEX_POINT('',#6992);
#6992 = CARTESIAN_POINT('',(96.144717,-47.070633,1.585));
#6993 = LINE('',#6994,#6995);
#6994 = CARTESIAN_POINT('',(96.3955,-46.998666,1.585));
#6995 = VECTOR('',#6996,1.);
#6996 = DIRECTION('',(-0.961204671108,-0.275836147449,0.));
#6997 = ORIENTED_EDGE('',*,*,#6998,.T.);
#6998 = EDGE_CURVE('',#6991,#6999,#7001,.T.);
#6999 = VERTEX_POINT('',#7000);
#7000 = CARTESIAN_POINT('',(95.865012,-47.095394,1.585));
#7001 = LINE('',#7002,#7003);
#7002 = CARTESIAN_POINT('',(96.144717,-47.070633,1.585));
#7003 = VECTOR('',#7004,1.);
#7004 = DIRECTION('',(-0.996104506935,-8.818056057709E-02,0.));
#7005 = ORIENTED_EDGE('',*,*,#7006,.T.);
#7006 = EDGE_CURVE('',#6999,#7007,#7009,.T.);
#7007 = VERTEX_POINT('',#7008);
#7008 = CARTESIAN_POINT('',(95.5869,-47.06877,1.585));
#7009 = LINE('',#7010,#7011);
#7010 = CARTESIAN_POINT('',(95.865012,-47.095394,1.585));
#7011 = VECTOR('',#7012,1.);
#7012 = DIRECTION('',(-0.995449023791,9.529554571331E-02,0.));
#7013 = ORIENTED_EDGE('',*,*,#7014,.T.);
#7014 = EDGE_CURVE('',#7007,#7015,#7017,.T.);
#7015 = VERTEX_POINT('',#7016);
#7016 = CARTESIAN_POINT('',(95.333098,-46.990617,1.585));
#7017 = LINE('',#7018,#7019);
#7018 = CARTESIAN_POINT('',(95.5869,-47.06877,1.585));
#7019 = VECTOR('',#7020,1.);
#7020 = DIRECTION('',(-0.95571539872,0.294292501857,0.));
#7021 = ORIENTED_EDGE('',*,*,#7022,.T.);
#7022 = EDGE_CURVE('',#7015,#7023,#7025,.T.);
#7023 = VERTEX_POINT('',#7024);
#7024 = CARTESIAN_POINT('',(95.098072,-46.860333,1.585));
#7025 = LINE('',#7026,#7027);
#7026 = CARTESIAN_POINT('',(95.333098,-46.990617,1.585));
#7027 = VECTOR('',#7028,1.);
#7028 = DIRECTION('',(-0.874608723128,0.484829435399,0.));
#7029 = ORIENTED_EDGE('',*,*,#7030,.T.);
#7030 = EDGE_CURVE('',#7023,#7031,#7033,.T.);
#7031 = VERTEX_POINT('',#7032);
#7032 = CARTESIAN_POINT('',(94.531954,-46.137613,1.585));
#7033 = CIRCLE('',#7034,1.592120678686);
#7034 = AXIS2_PLACEMENT_3D('',#7035,#7036,#7037);
#7035 = CARTESIAN_POINT('',(96.015163883294,-45.55887584238,1.585));
#7036 = DIRECTION('',(0.,0.,-1.));
#7037 = DIRECTION('',(-0.576019076676,-0.8174362503,-0.));
#7038 = ORIENTED_EDGE('',*,*,#7039,.T.);
#7039 = EDGE_CURVE('',#7031,#7040,#7042,.T.);
#7040 = VERTEX_POINT('',#7041);
#7041 = CARTESIAN_POINT('',(94.435132,-45.802275,1.585));
#7042 = LINE('',#7043,#7044);
#7043 = CARTESIAN_POINT('',(94.531954,-46.137613,1.585));
#7044 = VECTOR('',#7045,1.);
#7045 = DIRECTION('',(-0.277398382981,0.960754982875,0.));
#7046 = ORIENTED_EDGE('',*,*,#7047,.T.);
#7047 = EDGE_CURVE('',#7040,#7048,#7050,.T.);
#7048 = VERTEX_POINT('',#7049);
#7049 = CARTESIAN_POINT('',(94.39288,-45.408897,1.585));
#7050 = LINE('',#7051,#7052);
#7051 = CARTESIAN_POINT('',(94.435132,-45.802275,1.585));
#7052 = VECTOR('',#7053,1.);
#7053 = DIRECTION('',(-0.106793893921,0.994281179658,0.));
#7054 = ORIENTED_EDGE('',*,*,#7055,.T.);
#7055 = EDGE_CURVE('',#7048,#7056,#7058,.T.);
#7056 = VERTEX_POINT('',#7057);
#7057 = CARTESIAN_POINT('',(94.410272,-45.029172,1.585));
#7058 = LINE('',#7059,#7060);
#7059 = CARTESIAN_POINT('',(94.39288,-45.408897,1.585));
#7060 = VECTOR('',#7061,1.);
#7061 = DIRECTION('',(4.575360148965E-02,0.998952755615,0.));
#7062 = ORIENTED_EDGE('',*,*,#7063,.T.);
#7063 = EDGE_CURVE('',#7056,#7064,#7066,.T.);
#7064 = VERTEX_POINT('',#7065);
#7065 = CARTESIAN_POINT('',(94.481599,-44.679848,1.585));
#7066 = LINE('',#7067,#7068);
#7067 = CARTESIAN_POINT('',(94.410272,-45.029172,1.585));
#7068 = VECTOR('',#7069,1.);
#7069 = DIRECTION('',(0.200057990599,0.979784058044,0.));
#7070 = ORIENTED_EDGE('',*,*,#7071,.T.);
#7071 = EDGE_CURVE('',#7064,#7072,#7074,.T.);
#7072 = VERTEX_POINT('',#7073);
#7073 = CARTESIAN_POINT('',(94.992005,-43.802218,1.585));
#7074 = CIRCLE('',#7075,2.098042974007);
#7075 = AXIS2_PLACEMENT_3D('',#7076,#7077,#7078);
#7076 = CARTESIAN_POINT('',(96.496548158536,-45.26445402912,1.585));
#7077 = DIRECTION('',(0.,0.,-1.));
#7078 = DIRECTION('',(-0.960394607499,0.278643496044,0.));
#7079 = ORIENTED_EDGE('',*,*,#7080,.T.);
#7080 = EDGE_CURVE('',#7072,#7081,#7083,.T.);
#7081 = VERTEX_POINT('',#7082);
#7082 = CARTESIAN_POINT('',(95.226051,-43.611415,1.585));
#7083 = LINE('',#7084,#7085);
#7084 = CARTESIAN_POINT('',(94.992005,-43.802218,1.585));
#7085 = VECTOR('',#7086,1.);
#7086 = DIRECTION('',(0.77507465345,0.631869671356,0.));
#7087 = ORIENTED_EDGE('',*,*,#7088,.T.);
#7088 = EDGE_CURVE('',#7081,#6853,#7089,.T.);
#7089 = LINE('',#7090,#7091);
#7090 = CARTESIAN_POINT('',(95.226051,-43.611415,1.585));
#7091 = VECTOR('',#7092,1.);
#7092 = DIRECTION('',(0.887134958695,0.461510092047,0.));
#7093 = FACE_BOUND('',#7094,.F.);
#7094 = EDGE_LOOP('',(#7095,#7105,#7113,#7121,#7129,#7137,#7145,#7153,
    #7161,#7169,#7177,#7185,#7193,#7201,#7209,#7218,#7226,#7234,#7242,
    #7250,#7258,#7266,#7274));
#7095 = ORIENTED_EDGE('',*,*,#7096,.T.);
#7096 = EDGE_CURVE('',#7097,#7099,#7101,.T.);
#7097 = VERTEX_POINT('',#7098);
#7098 = CARTESIAN_POINT('',(96.456699,-44.170286,1.585));
#7099 = VERTEX_POINT('',#7100);
#7100 = CARTESIAN_POINT('',(96.285461,-44.079684,1.585));
#7101 = LINE('',#7102,#7103);
#7102 = CARTESIAN_POINT('',(96.456699,-44.170286,1.585));
#7103 = VECTOR('',#7104,1.);
#7104 = DIRECTION('',(-0.883901896858,0.467672360452,0.));
#7105 = ORIENTED_EDGE('',*,*,#7106,.T.);
#7106 = EDGE_CURVE('',#7099,#7107,#7109,.T.);
#7107 = VERTEX_POINT('',#7108);
#7108 = CARTESIAN_POINT('',(96.06987,-44.047243,1.585));
#7109 = LINE('',#7110,#7111);
#7110 = CARTESIAN_POINT('',(96.285461,-44.079684,1.585));
#7111 = VECTOR('',#7112,1.);
#7112 = DIRECTION('',(-0.98886737738,0.148799563013,0.));
#7113 = ORIENTED_EDGE('',*,*,#7114,.T.);
#7114 = EDGE_CURVE('',#7107,#7115,#7117,.T.);
#7115 = VERTEX_POINT('',#7116);
#7116 = CARTESIAN_POINT('',(95.833389,-44.075613,1.585));
#7117 = LINE('',#7118,#7119);
#7118 = CARTESIAN_POINT('',(96.06987,-44.047243,1.585));
#7119 = VECTOR('',#7120,1.);
#7120 = DIRECTION('',(-0.992880672308,-0.119113267761,0.));
#7121 = ORIENTED_EDGE('',*,*,#7122,.T.);
#7122 = EDGE_CURVE('',#7115,#7123,#7125,.T.);
#7123 = VERTEX_POINT('',#7124);
#7124 = CARTESIAN_POINT('',(95.628902,-44.161714,1.585));
#7125 = LINE('',#7126,#7127);
#7126 = CARTESIAN_POINT('',(95.833389,-44.075613,1.585));
#7127 = VECTOR('',#7128,1.);
#7128 = DIRECTION('',(-0.921633423838,-0.388061634363,0.));
#7129 = ORIENTED_EDGE('',*,*,#7130,.T.);
#7130 = EDGE_CURVE('',#7123,#7131,#7133,.T.);
#7131 = VERTEX_POINT('',#7132);
#7132 = CARTESIAN_POINT('',(95.448237,-44.3082,1.585));
#7133 = LINE('',#7134,#7135);
#7134 = CARTESIAN_POINT('',(95.628902,-44.161714,1.585));
#7135 = VECTOR('',#7136,1.);
#7136 = DIRECTION('',(-0.77675392966,-0.629804201922,0.));
#7137 = ORIENTED_EDGE('',*,*,#7138,.T.);
#7138 = EDGE_CURVE('',#7131,#7139,#7141,.T.);
#7139 = VERTEX_POINT('',#7140);
#7140 = CARTESIAN_POINT('',(95.287683,-44.526264,1.585));
#7141 = LINE('',#7142,#7143);
#7142 = CARTESIAN_POINT('',(95.448237,-44.3082,1.585));
#7143 = VECTOR('',#7144,1.);
#7144 = DIRECTION('',(-0.59290045391,-0.80527576131,0.));
#7145 = ORIENTED_EDGE('',*,*,#7146,.T.);
#7146 = EDGE_CURVE('',#7139,#7147,#7149,.T.);
#7147 = VERTEX_POINT('',#7148);
#7148 = CARTESIAN_POINT('',(95.165881,-44.79183,1.585));
#7149 = LINE('',#7150,#7151);
#7150 = CARTESIAN_POINT('',(95.287683,-44.526264,1.585));
#7151 = VECTOR('',#7152,1.);
#7152 = DIRECTION('',(-0.416892999335,-0.908955569379,0.));
#7153 = ORIENTED_EDGE('',*,*,#7154,.T.);
#7154 = EDGE_CURVE('',#7147,#7155,#7157,.T.);
#7155 = VERTEX_POINT('',#7156);
#7156 = CARTESIAN_POINT('',(95.091395,-45.084149,1.585));
#7157 = LINE('',#7158,#7159);
#7158 = CARTESIAN_POINT('',(95.165881,-44.79183,1.585));
#7159 = VECTOR('',#7160,1.);
#7160 = DIRECTION('',(-0.246920636651,-0.969035705841,0.));
#7161 = ORIENTED_EDGE('',*,*,#7162,.T.);
#7162 = EDGE_CURVE('',#7155,#7163,#7165,.T.);
#7163 = VERTEX_POINT('',#7164);
#7164 = CARTESIAN_POINT('',(95.065727,-45.408897,1.585));
#7165 = LINE('',#7166,#7167);
#7166 = CARTESIAN_POINT('',(95.091395,-45.084149,1.585));
#7167 = VECTOR('',#7168,1.);
#7168 = DIRECTION('',(-7.879400676941E-02,-0.996890919056,0.));
#7169 = ORIENTED_EDGE('',*,*,#7170,.T.);
#7170 = EDGE_CURVE('',#7163,#7171,#7173,.T.);
#7171 = VERTEX_POINT('',#7172);
#7172 = CARTESIAN_POINT('',(95.098718,-45.729054,1.585));
#7173 = LINE('',#7174,#7175);
#7174 = CARTESIAN_POINT('',(95.065727,-45.408897,1.585));
#7175 = VECTOR('',#7176,1.);
#7176 = DIRECTION('',(0.10250353585,-0.994732640029,0.));
#7177 = ORIENTED_EDGE('',*,*,#7178,.T.);
#7178 = EDGE_CURVE('',#7171,#7179,#7181,.T.);
#7179 = VERTEX_POINT('',#7180);
#7180 = CARTESIAN_POINT('',(95.19022,-45.981822,1.585));
#7181 = LINE('',#7182,#7183);
#7182 = CARTESIAN_POINT('',(95.098718,-45.729054,1.585));
#7183 = VECTOR('',#7184,1.);
#7184 = DIRECTION('',(0.340383698813,-0.940286625228,0.));
#7185 = ORIENTED_EDGE('',*,*,#7186,.T.);
#7186 = EDGE_CURVE('',#7179,#7187,#7189,.T.);
#7187 = VERTEX_POINT('',#7188);
#7188 = CARTESIAN_POINT('',(95.335615,-46.182231,1.585));
#7189 = LINE('',#7190,#7191);
#7190 = CARTESIAN_POINT('',(95.19022,-45.981822,1.585));
#7191 = VECTOR('',#7192,1.);
#7192 = DIRECTION('',(0.587228237802,-0.809421396263,0.));
#7193 = ORIENTED_EDGE('',*,*,#7194,.T.);
#7194 = EDGE_CURVE('',#7187,#7195,#7197,.T.);
#7195 = VERTEX_POINT('',#7196);
#7196 = CARTESIAN_POINT('',(95.497168,-46.311178,1.585));
#7197 = LINE('',#7198,#7199);
#7198 = CARTESIAN_POINT('',(95.335615,-46.182231,1.585));
#7199 = VECTOR('',#7200,1.);
#7200 = DIRECTION('',(0.781565442281,-0.623823259771,0.));
#7201 = ORIENTED_EDGE('',*,*,#7202,.T.);
#7202 = EDGE_CURVE('',#7195,#7203,#7205,.T.);
#7203 = VERTEX_POINT('',#7204);
#7204 = CARTESIAN_POINT('',(95.671721,-46.386224,1.585));
#7205 = LINE('',#7206,#7207);
#7206 = CARTESIAN_POINT('',(95.497168,-46.311178,1.585));
#7207 = VECTOR('',#7208,1.);
#7208 = DIRECTION('',(0.918691704773,-0.394975380981,0.));
#7209 = ORIENTED_EDGE('',*,*,#7210,.T.);
#7210 = EDGE_CURVE('',#7203,#7211,#7213,.T.);
#7211 = VERTEX_POINT('',#7212);
#7212 = CARTESIAN_POINT('',(96.292421,-46.297132,1.585));
#7213 = CIRCLE('',#7214,0.821496024088);
#7214 = AXIS2_PLACEMENT_3D('',#7215,#7216,#7217);
#7215 = CARTESIAN_POINT('',(95.874189047442,-45.59006923655,1.585));
#7216 = DIRECTION('',(0.,0.,1.));
#7217 = DIRECTION('',(-0.246462601771,-0.969152302751,0.));
#7218 = ORIENTED_EDGE('',*,*,#7219,.T.);
#7219 = EDGE_CURVE('',#7211,#7220,#7222,.T.);
#7220 = VERTEX_POINT('',#7221);
#7221 = CARTESIAN_POINT('',(96.476229,-46.151395,1.585));
#7222 = LINE('',#7223,#7224);
#7223 = CARTESIAN_POINT('',(96.292421,-46.297132,1.585));
#7224 = VECTOR('',#7225,1.);
#7225 = DIRECTION('',(0.783584342258,0.621285424397,0.));
#7226 = ORIENTED_EDGE('',*,*,#7227,.T.);
#7227 = EDGE_CURVE('',#7220,#7228,#7230,.T.);
#7228 = VERTEX_POINT('',#7229);
#7229 = CARTESIAN_POINT('',(96.635979,-45.943505,1.585));
#7230 = LINE('',#7231,#7232);
#7231 = CARTESIAN_POINT('',(96.476229,-46.151395,1.585));
#7232 = VECTOR('',#7233,1.);
#7233 = DIRECTION('',(0.609314379145,0.792928740409,0.));
#7234 = ORIENTED_EDGE('',*,*,#7235,.T.);
#7235 = EDGE_CURVE('',#7228,#7236,#7238,.T.);
#7236 = VERTEX_POINT('',#7237);
#7237 = CARTESIAN_POINT('',(96.739231,-45.688781,1.585));
#7238 = LINE('',#7239,#7240);
#7239 = CARTESIAN_POINT('',(96.635979,-45.943505,1.585));
#7240 = VECTOR('',#7241,1.);
#7241 = DIRECTION('',(0.375659842043,0.926757618299,0.));
#7242 = ORIENTED_EDGE('',*,*,#7243,.T.);
#7243 = EDGE_CURVE('',#7236,#7244,#7246,.T.);
#7244 = VERTEX_POINT('',#7245);
#7245 = CARTESIAN_POINT('',(96.78367,-45.374703,1.585));
#7246 = LINE('',#7247,#7248);
#7247 = CARTESIAN_POINT('',(96.739231,-45.688781,1.585));
#7248 = VECTOR('',#7249,1.);
#7249 = DIRECTION('',(0.140094962957,0.990138071864,0.));
#7250 = ORIENTED_EDGE('',*,*,#7251,.T.);
#7251 = EDGE_CURVE('',#7244,#7252,#7254,.T.);
#7252 = VERTEX_POINT('',#7253);
#7253 = CARTESIAN_POINT('',(96.769912,-44.893776,1.585));
#7254 = LINE('',#7255,#7256);
#7255 = CARTESIAN_POINT('',(96.78367,-45.374703,1.585));
#7256 = VECTOR('',#7257,1.);
#7257 = DIRECTION('',(-2.859555369563E-02,0.99959106354,0.));
#7258 = ORIENTED_EDGE('',*,*,#7259,.T.);
#7259 = EDGE_CURVE('',#7252,#7260,#7262,.T.);
#7260 = VERTEX_POINT('',#7261);
#7261 = CARTESIAN_POINT('',(96.701722,-44.554955,1.585));
#7262 = LINE('',#7263,#7264);
#7263 = CARTESIAN_POINT('',(96.769912,-44.893776,1.585));
#7264 = VECTOR('',#7265,1.);
#7265 = DIRECTION('',(-0.197300614768,0.980343035581,0.));
#7266 = ORIENTED_EDGE('',*,*,#7267,.T.);
#7267 = EDGE_CURVE('',#7260,#7268,#7270,.T.);
#7268 = VERTEX_POINT('',#7269);
#7269 = CARTESIAN_POINT('',(96.594788,-44.32298,1.585));
#7270 = LINE('',#7271,#7272);
#7271 = CARTESIAN_POINT('',(96.701722,-44.554955,1.585));
#7272 = VECTOR('',#7273,1.);
#7273 = DIRECTION('',(-0.418634102188,0.908154991444,0.));
#7274 = ORIENTED_EDGE('',*,*,#7275,.T.);
#7275 = EDGE_CURVE('',#7268,#7097,#7276,.T.);
#7276 = LINE('',#7277,#7278);
#7277 = CARTESIAN_POINT('',(96.594788,-44.32298,1.585));
#7278 = VECTOR('',#7279,1.);
#7279 = DIRECTION('',(-0.670745801156,0.741687312977,0.));
#7280 = PLANE('',#7281);
#7281 = AXIS2_PLACEMENT_3D('',#7282,#7283,#7284);
#7282 = CARTESIAN_POINT('',(0.,0.,1.585));
#7283 = DIRECTION('',(0.,0.,1.));
#7284 = DIRECTION('',(1.,0.,-0.));
#7285 = SHELL_BASED_SURFACE_MODEL('',(#7286));
#7286 = OPEN_SHELL('',(#7287));
#7287 = ADVANCED_FACE('',(#7288),#7450,.T.);
#7288 = FACE_BOUND('',#7289,.F.);
#7289 = EDGE_LOOP('',(#7290,#7300,#7308,#7316,#7324,#7332,#7340,#7348,
    #7356,#7364,#7372,#7380,#7388,#7396,#7404,#7412,#7420,#7428,#7436,
    #7444));
#7290 = ORIENTED_EDGE('',*,*,#7291,.T.);
#7291 = EDGE_CURVE('',#7292,#7294,#7296,.T.);
#7292 = VERTEX_POINT('',#7293);
#7293 = CARTESIAN_POINT('',(74.287973,-41.494299,1.585));
#7294 = VERTEX_POINT('',#7295);
#7295 = CARTESIAN_POINT('',(74.386866,-41.432568,1.585));
#7296 = LINE('',#7297,#7298);
#7297 = CARTESIAN_POINT('',(74.287973,-41.494299,1.585));
#7298 = VECTOR('',#7299,1.);
#7299 = DIRECTION('',(0.848295506066,0.529523119786,0.));
#7300 = ORIENTED_EDGE('',*,*,#7301,.T.);
#7301 = EDGE_CURVE('',#7294,#7302,#7304,.T.);
#7302 = VERTEX_POINT('',#7303);
#7303 = CARTESIAN_POINT('',(74.538337,-41.40942,1.585));
#7304 = LINE('',#7305,#7306);
#7305 = CARTESIAN_POINT('',(74.386866,-41.432568,1.585));
#7306 = VECTOR('',#7307,1.);
#7307 = DIRECTION('',(0.988523454035,0.151067471094,0.));
#7308 = ORIENTED_EDGE('',*,*,#7309,.T.);
#7309 = EDGE_CURVE('',#7302,#7310,#7312,.T.);
#7310 = VERTEX_POINT('',#7311);
#7311 = CARTESIAN_POINT('',(74.69179,-41.432684,1.585));
#7312 = LINE('',#7313,#7314);
#7313 = CARTESIAN_POINT('',(74.538337,-41.40942,1.585));
#7314 = VECTOR('',#7315,1.);
#7315 = DIRECTION('',(0.988702573994,-0.149890694098,0.));
#7316 = ORIENTED_EDGE('',*,*,#7317,.T.);
#7317 = EDGE_CURVE('',#7310,#7318,#7320,.T.);
#7318 = VERTEX_POINT('',#7319);
#7319 = CARTESIAN_POINT('',(74.791745,-41.494603,1.585));
#7320 = LINE('',#7321,#7322);
#7321 = CARTESIAN_POINT('',(74.69179,-41.432684,1.585));
#7322 = VECTOR('',#7323,1.);
#7323 = DIRECTION('',(0.850104881006,-0.526613417308,0.));
#7324 = ORIENTED_EDGE('',*,*,#7325,.T.);
#7325 = EDGE_CURVE('',#7318,#7326,#7328,.T.);
#7326 = VERTEX_POINT('',#7327);
#7327 = CARTESIAN_POINT('',(74.853372,-41.595597,1.585));
#7328 = LINE('',#7329,#7330);
#7329 = CARTESIAN_POINT('',(74.791745,-41.494603,1.585));
#7330 = VECTOR('',#7331,1.);
#7331 = DIRECTION('',(0.520886463467,-0.853625967375,0.));
#7332 = ORIENTED_EDGE('',*,*,#7333,.T.);
#7333 = EDGE_CURVE('',#7326,#7334,#7336,.T.);
#7334 = VERTEX_POINT('',#7335);
#7335 = CARTESIAN_POINT('',(74.876613,-41.75136,1.585));
#7336 = LINE('',#7337,#7338);
#7337 = CARTESIAN_POINT('',(74.853372,-41.595597,1.585));
#7338 = VECTOR('',#7339,1.);
#7339 = DIRECTION('',(0.147573784763,-0.989051049264,0.));
#7340 = ORIENTED_EDGE('',*,*,#7341,.T.);
#7341 = EDGE_CURVE('',#7334,#7342,#7344,.T.);
#7342 = VERTEX_POINT('',#7343);
#7343 = CARTESIAN_POINT('',(74.842419,-44.222487,1.585));
#7344 = LINE('',#7345,#7346);
#7345 = CARTESIAN_POINT('',(74.876613,-41.75136,1.585));
#7346 = VECTOR('',#7347,1.);
#7347 = DIRECTION('',(-1.383608646582E-02,-0.999904276774,0.));
#7348 = ORIENTED_EDGE('',*,*,#7349,.T.);
#7349 = EDGE_CURVE('',#7342,#7350,#7352,.T.);
#7350 = VERTEX_POINT('',#7351);
#7351 = CARTESIAN_POINT('',(74.763651,-46.714375,1.585));
#7352 = LINE('',#7353,#7354);
#7353 = CARTESIAN_POINT('',(74.842419,-44.222487,1.585));
#7354 = VECTOR('',#7355,1.);
#7355 = DIRECTION('',(-3.159398731502E-02,-0.999500785375,0.));
#7356 = ORIENTED_EDGE('',*,*,#7357,.T.);
#7357 = EDGE_CURVE('',#7350,#7358,#7360,.T.);
#7358 = VERTEX_POINT('',#7359);
#7359 = CARTESIAN_POINT('',(74.726303,-46.872854,1.585));
#7360 = LINE('',#7361,#7362);
#7361 = CARTESIAN_POINT('',(74.763651,-46.714375,1.585));
#7362 = VECTOR('',#7363,1.);
#7363 = DIRECTION('',(-0.229381645965,-0.973336560751,0.));
#7364 = ORIENTED_EDGE('',*,*,#7365,.T.);
#7365 = EDGE_CURVE('',#7358,#7366,#7368,.T.);
#7366 = VERTEX_POINT('',#7367);
#7367 = CARTESIAN_POINT('',(74.659317,-46.974423,1.585));
#7368 = LINE('',#7369,#7370);
#7369 = CARTESIAN_POINT('',(74.726303,-46.872854,1.585));
#7370 = VECTOR('',#7371,1.);
#7371 = DIRECTION('',(-0.550558553149,-0.834796549798,0.));
#7372 = ORIENTED_EDGE('',*,*,#7373,.T.);
#7373 = EDGE_CURVE('',#7366,#7374,#7376,.T.);
#7374 = VERTEX_POINT('',#7375);
#7375 = CARTESIAN_POINT('',(74.563557,-47.034595,1.585));
#7376 = LINE('',#7377,#7378);
#7377 = CARTESIAN_POINT('',(74.659317,-46.974423,1.585));
#7378 = VECTOR('',#7379,1.);
#7379 = DIRECTION('',(-0.846716216616,-0.532044780558,0.));
#7380 = ORIENTED_EDGE('',*,*,#7381,.T.);
#7381 = EDGE_CURVE('',#7374,#7382,#7384,.T.);
#7382 = VERTEX_POINT('',#7383);
#7383 = CARTESIAN_POINT('',(74.429038,-47.056315,1.585));
#7384 = LINE('',#7385,#7386);
#7385 = CARTESIAN_POINT('',(74.563557,-47.034595,1.585));
#7386 = VECTOR('',#7387,1.);
#7387 = DIRECTION('',(-0.987214125491,-0.159399719041,0.));
#7388 = ORIENTED_EDGE('',*,*,#7389,.T.);
#7389 = EDGE_CURVE('',#7382,#7390,#7392,.T.);
#7390 = VERTEX_POINT('',#7391);
#7391 = CARTESIAN_POINT('',(74.278142,-47.032922,1.585));
#7392 = LINE('',#7393,#7394);
#7393 = CARTESIAN_POINT('',(74.429038,-47.056315,1.585));
#7394 = VECTOR('',#7395,1.);
#7395 = DIRECTION('',(-0.988195621561,0.153197302614,0.));
#7396 = ORIENTED_EDGE('',*,*,#7397,.T.);
#7397 = EDGE_CURVE('',#7390,#7398,#7400,.T.);
#7398 = VERTEX_POINT('',#7399);
#7399 = CARTESIAN_POINT('',(74.179211,-46.970323,1.585));
#7400 = LINE('',#7401,#7402);
#7401 = CARTESIAN_POINT('',(74.278142,-47.032922,1.585));
#7402 = VECTOR('',#7403,1.);
#7403 = DIRECTION('',(-0.84504024116,0.534702712561,0.));
#7404 = ORIENTED_EDGE('',*,*,#7405,.T.);
#7405 = EDGE_CURVE('',#7398,#7406,#7408,.T.);
#7406 = VERTEX_POINT('',#7407);
#7407 = CARTESIAN_POINT('',(74.117733,-46.867409,1.585));
#7408 = LINE('',#7409,#7410);
#7409 = CARTESIAN_POINT('',(74.179211,-46.970323,1.585));
#7410 = VECTOR('',#7411,1.);
#7411 = DIRECTION('',(-0.512836249943,0.858486447618,0.));
#7412 = ORIENTED_EDGE('',*,*,#7413,.T.);
#7413 = EDGE_CURVE('',#7406,#7414,#7416,.T.);
#7414 = VERTEX_POINT('',#7415);
#7415 = CARTESIAN_POINT('',(74.094426,-46.707658,1.585));
#7416 = LINE('',#7417,#7418);
#7417 = CARTESIAN_POINT('',(74.117733,-46.867409,1.585));
#7418 = VECTOR('',#7419,1.);
#7419 = DIRECTION('',(-0.144367418197,0.989524152592,0.));
#7420 = ORIENTED_EDGE('',*,*,#7421,.T.);
#7421 = EDGE_CURVE('',#7414,#7422,#7424,.T.);
#7422 = VERTEX_POINT('',#7423);
#7423 = CARTESIAN_POINT('',(74.16953,-44.222487,1.585));
#7424 = LINE('',#7425,#7426);
#7425 = CARTESIAN_POINT('',(74.094426,-46.707658,1.585));
#7426 = VECTOR('',#7427,1.);
#7427 = DIRECTION('',(3.020706712851E-02,0.999543662426,0.));
#7428 = ORIENTED_EDGE('',*,*,#7429,.T.);
#7429 = EDGE_CURVE('',#7422,#7430,#7432,.T.);
#7430 = VERTEX_POINT('',#7431);
#7431 = CARTESIAN_POINT('',(74.203724,-41.75136,1.585));
#7432 = LINE('',#7433,#7434);
#7433 = CARTESIAN_POINT('',(74.16953,-44.222487,1.585));
#7434 = VECTOR('',#7435,1.);
#7435 = DIRECTION('',(1.383608646582E-02,0.999904276774,0.));
#7436 = ORIENTED_EDGE('',*,*,#7437,.T.);
#7437 = EDGE_CURVE('',#7430,#7438,#7440,.T.);
#7438 = VERTEX_POINT('',#7439);
#7439 = CARTESIAN_POINT('',(74.226828,-41.59527,1.585));
#7440 = LINE('',#7441,#7442);
#7441 = CARTESIAN_POINT('',(74.203724,-41.75136,1.585));
#7442 = VECTOR('',#7443,1.);
#7443 = DIRECTION('',(0.14642187562,0.989222237083,0.));
#7444 = ORIENTED_EDGE('',*,*,#7445,.T.);
#7445 = EDGE_CURVE('',#7438,#7292,#7446,.T.);
#7446 = LINE('',#7447,#7448);
#7447 = CARTESIAN_POINT('',(74.226828,-41.59527,1.585));
#7448 = VECTOR('',#7449,1.);
#7449 = DIRECTION('',(0.517994708858,0.855383821214,0.));
#7450 = PLANE('',#7451);
#7451 = AXIS2_PLACEMENT_3D('',#7452,#7453,#7454);
#7452 = CARTESIAN_POINT('',(0.,0.,1.585));
#7453 = DIRECTION('',(0.,0.,1.));
#7454 = DIRECTION('',(1.,0.,-0.));
#7455 = SHELL_BASED_SURFACE_MODEL('',(#7456));
#7456 = OPEN_SHELL('',(#7457));
#7457 = ADVANCED_FACE('',(#7458,#7813),#8000,.T.);
#7458 = FACE_BOUND('',#7459,.F.);
#7459 = EDGE_LOOP('',(#7460,#7470,#7478,#7486,#7494,#7502,#7510,#7518,
    #7526,#7534,#7542,#7550,#7558,#7566,#7574,#7582,#7590,#7598,#7606,
    #7614,#7622,#7630,#7638,#7646,#7654,#7663,#7671,#7679,#7687,#7695,
    #7703,#7711,#7719,#7727,#7735,#7743,#7751,#7759,#7767,#7775,#7783,
    #7791,#7799,#7807));
#7460 = ORIENTED_EDGE('',*,*,#7461,.T.);
#7461 = EDGE_CURVE('',#7462,#7464,#7466,.T.);
#7462 = VERTEX_POINT('',#7463);
#7463 = CARTESIAN_POINT('',(119.099469,-41.577544,1.585));
#7464 = VERTEX_POINT('',#7465);
#7465 = CARTESIAN_POINT('',(119.200025,-41.481906,1.585));
#7466 = LINE('',#7467,#7468);
#7467 = CARTESIAN_POINT('',(119.099469,-41.577544,1.585));
#7468 = VECTOR('',#7469,1.);
#7469 = DIRECTION('',(0.724604226027,0.689165231003,0.));
#7470 = ORIENTED_EDGE('',*,*,#7471,.T.);
#7471 = EDGE_CURVE('',#7464,#7472,#7474,.T.);
#7472 = VERTEX_POINT('',#7473);
#7473 = CARTESIAN_POINT('',(119.351709,-41.448499,1.585));
#7474 = LINE('',#7475,#7476);
#7475 = CARTESIAN_POINT('',(119.200025,-41.481906,1.585));
#7476 = VECTOR('',#7477,1.);
#7477 = DIRECTION('',(0.97659510072,0.215086050801,0.));
#7478 = ORIENTED_EDGE('',*,*,#7479,.T.);
#7479 = EDGE_CURVE('',#7472,#7480,#7482,.T.);
#7480 = VERTEX_POINT('',#7481);
#7481 = CARTESIAN_POINT('',(119.491219,-41.470504,1.585));
#7482 = LINE('',#7483,#7484);
#7483 = CARTESIAN_POINT('',(119.351709,-41.448499,1.585));
#7484 = VECTOR('',#7485,1.);
#7485 = DIRECTION('',(0.987787925462,-0.155804410435,0.));
#7486 = ORIENTED_EDGE('',*,*,#7487,.T.);
#7487 = EDGE_CURVE('',#7480,#7488,#7490,.T.);
#7488 = VERTEX_POINT('',#7489);
#7489 = CARTESIAN_POINT('',(119.583151,-41.529639,1.585));
#7490 = LINE('',#7491,#7492);
#7491 = CARTESIAN_POINT('',(119.491219,-41.470504,1.585));
#7492 = VECTOR('',#7493,1.);
#7493 = DIRECTION('',(0.841029228918,-0.54098968207,0.));
#7494 = ORIENTED_EDGE('',*,*,#7495,.T.);
#7495 = EDGE_CURVE('',#7488,#7496,#7498,.T.);
#7496 = VERTEX_POINT('',#7497);
#7497 = CARTESIAN_POINT('',(119.64063,-41.62746,1.585));
#7498 = LINE('',#7499,#7500);
#7499 = CARTESIAN_POINT('',(119.583151,-41.529639,1.585));
#7500 = VECTOR('',#7501,1.);
#7501 = DIRECTION('',(0.506609082473,-0.862175873912,0.));
#7502 = ORIENTED_EDGE('',*,*,#7503,.T.);
#7503 = EDGE_CURVE('',#7496,#7504,#7506,.T.);
#7504 = VERTEX_POINT('',#7505);
#7505 = CARTESIAN_POINT('',(119.662508,-41.780059,1.585));
#7506 = LINE('',#7507,#7508);
#7507 = CARTESIAN_POINT('',(119.64063,-41.62746,1.585));
#7508 = VECTOR('',#7509,1.);
#7509 = DIRECTION('',(0.14191809718,-0.989878403488,0.));
#7510 = ORIENTED_EDGE('',*,*,#7511,.T.);
#7511 = EDGE_CURVE('',#7504,#7512,#7514,.T.);
#7512 = VERTEX_POINT('',#7513);
#7513 = CARTESIAN_POINT('',(119.637667,-42.39474,1.585));
#7514 = LINE('',#7515,#7516);
#7515 = CARTESIAN_POINT('',(119.662508,-41.780059,1.585));
#7516 = VECTOR('',#7517,1.);
#7517 = DIRECTION('',(-4.037987133196E-02,-0.999184400394,0.));
#7518 = ORIENTED_EDGE('',*,*,#7519,.T.);
#7519 = EDGE_CURVE('',#7512,#7520,#7522,.T.);
#7520 = VERTEX_POINT('',#7521);
#7521 = CARTESIAN_POINT('',(119.526038,-43.879326,1.585));
#7522 = LINE('',#7523,#7524);
#7523 = CARTESIAN_POINT('',(119.637667,-42.39474,1.585));
#7524 = VECTOR('',#7525,1.);
#7525 = DIRECTION('',(-7.498034180232E-02,-0.997185012093,0.));
#7526 = ORIENTED_EDGE('',*,*,#7527,.T.);
#7527 = EDGE_CURVE('',#7520,#7528,#7530,.T.);
#7528 = VERTEX_POINT('',#7529);
#7529 = CARTESIAN_POINT('',(119.495345,-44.382318,1.585));
#7530 = LINE('',#7531,#7532);
#7531 = CARTESIAN_POINT('',(119.526038,-43.879326,1.585));
#7532 = VECTOR('',#7533,1.);
#7533 = DIRECTION('',(-6.090756058939E-02,-0.99814341107,0.));
#7534 = ORIENTED_EDGE('',*,*,#7535,.T.);
#7535 = EDGE_CURVE('',#7528,#7536,#7538,.T.);
#7536 = VERTEX_POINT('',#7537);
#7537 = CARTESIAN_POINT('',(119.485127,-44.884691,1.585));
#7538 = LINE('',#7539,#7540);
#7539 = CARTESIAN_POINT('',(119.495345,-44.382318,1.585));
#7540 = VECTOR('',#7541,1.);
#7541 = DIRECTION('',(-2.033526302753E-02,-0.999793217159,0.));
#7542 = ORIENTED_EDGE('',*,*,#7543,.T.);
#7543 = EDGE_CURVE('',#7536,#7544,#7546,.T.);
#7544 = VERTEX_POINT('',#7545);
#7545 = CARTESIAN_POINT('',(119.516038,-45.953359,1.585));
#7546 = LINE('',#7547,#7548);
#7547 = CARTESIAN_POINT('',(119.485127,-44.884691,1.585));
#7548 = VECTOR('',#7549,1.);
#7549 = DIRECTION('',(2.891270007411E-02,-0.9995819405,0.));
#7550 = ORIENTED_EDGE('',*,*,#7551,.T.);
#7551 = EDGE_CURVE('',#7544,#7552,#7554,.T.);
#7552 = VERTEX_POINT('',#7553);
#7553 = CARTESIAN_POINT('',(119.597784,-46.683234,1.585));
#7554 = LINE('',#7555,#7556);
#7555 = CARTESIAN_POINT('',(119.516038,-45.953359,1.585));
#7556 = VECTOR('',#7557,1.);
#7557 = DIRECTION('',(0.111304076447,-0.993786396851,0.));
#7558 = ORIENTED_EDGE('',*,*,#7559,.T.);
#7559 = EDGE_CURVE('',#7552,#7560,#7562,.T.);
#7560 = VERTEX_POINT('',#7561);
#7561 = CARTESIAN_POINT('',(119.5736,-46.808718,1.585));
#7562 = LINE('',#7563,#7564);
#7563 = CARTESIAN_POINT('',(119.597784,-46.683234,1.585));
#7564 = VECTOR('',#7565,1.);
#7565 = DIRECTION('',(-0.189243256863,-0.981930236693,0.));
#7566 = ORIENTED_EDGE('',*,*,#7567,.T.);
#7567 = EDGE_CURVE('',#7560,#7568,#7570,.T.);
#7568 = VERTEX_POINT('',#7569);
#7569 = CARTESIAN_POINT('',(119.502224,-46.908853,1.585));
#7570 = LINE('',#7571,#7572);
#7571 = CARTESIAN_POINT('',(119.5736,-46.808718,1.585));
#7572 = VECTOR('',#7573,1.);
#7573 = DIRECTION('',(-0.580435582261,-0.814306167756,0.));
#7574 = ORIENTED_EDGE('',*,*,#7575,.T.);
#7575 = EDGE_CURVE('',#7568,#7576,#7578,.T.);
#7576 = VERTEX_POINT('',#7577);
#7577 = CARTESIAN_POINT('',(119.39846,-46.975653,1.585));
#7578 = LINE('',#7579,#7580);
#7579 = CARTESIAN_POINT('',(119.502224,-46.908853,1.585));
#7580 = VECTOR('',#7581,1.);
#7581 = DIRECTION('',(-0.840829712893,-0.541299726507,0.));
#7582 = ORIENTED_EDGE('',*,*,#7583,.T.);
#7583 = EDGE_CURVE('',#7576,#7584,#7586,.T.);
#7584 = VERTEX_POINT('',#7585);
#7585 = CARTESIAN_POINT('',(119.279963,-46.997697,1.585));
#7586 = LINE('',#7587,#7588);
#7587 = CARTESIAN_POINT('',(119.39846,-46.975653,1.585));
#7588 = VECTOR('',#7589,1.);
#7589 = DIRECTION('',(-0.983132963826,-0.182892250897,0.));
#7590 = ORIENTED_EDGE('',*,*,#7591,.T.);
#7591 = EDGE_CURVE('',#7584,#7592,#7594,.T.);
#7592 = VERTEX_POINT('',#7593);
#7593 = CARTESIAN_POINT('',(119.159133,-46.967938,1.585));
#7594 = LINE('',#7595,#7596);
#7595 = CARTESIAN_POINT('',(119.279963,-46.997697,1.585));
#7596 = VECTOR('',#7597,1.);
#7597 = DIRECTION('',(-0.970984599569,0.239142023492,0.));
#7598 = ORIENTED_EDGE('',*,*,#7599,.T.);
#7599 = EDGE_CURVE('',#7592,#7600,#7602,.T.);
#7600 = VERTEX_POINT('',#7601);
#7601 = CARTESIAN_POINT('',(119.05689,-46.874303,1.585));
#7602 = LINE('',#7603,#7604);
#7603 = CARTESIAN_POINT('',(119.159133,-46.967938,1.585));
#7604 = VECTOR('',#7605,1.);
#7605 = DIRECTION('',(-0.737469332084,0.675380621751,0.));
#7606 = ORIENTED_EDGE('',*,*,#7607,.T.);
#7607 = EDGE_CURVE('',#7600,#7608,#7610,.T.);
#7608 = VERTEX_POINT('',#7609);
#7609 = CARTESIAN_POINT('',(118.969164,-46.690561,1.585));
#7610 = LINE('',#7611,#7612);
#7611 = CARTESIAN_POINT('',(119.05689,-46.874303,1.585));
#7612 = VECTOR('',#7613,1.);
#7613 = DIRECTION('',(-0.430853405298,0.902421931883,0.));
#7614 = ORIENTED_EDGE('',*,*,#7615,.T.);
#7615 = EDGE_CURVE('',#7608,#7616,#7618,.T.);
#7616 = VERTEX_POINT('',#7617);
#7617 = CARTESIAN_POINT('',(118.71578,-46.85066,1.585));
#7618 = LINE('',#7619,#7620);
#7619 = CARTESIAN_POINT('',(118.969164,-46.690561,1.585));
#7620 = VECTOR('',#7621,1.);
#7621 = DIRECTION('',(-0.84538796377,-0.534152778438,0.));
#7622 = ORIENTED_EDGE('',*,*,#7623,.T.);
#7623 = EDGE_CURVE('',#7616,#7624,#7626,.T.);
#7624 = VERTEX_POINT('',#7625);
#7625 = CARTESIAN_POINT('',(118.458391,-46.963808,1.585));
#7626 = LINE('',#7627,#7628);
#7627 = CARTESIAN_POINT('',(118.71578,-46.85066,1.585));
#7628 = VECTOR('',#7629,1.);
#7629 = DIRECTION('',(-0.915450234756,-0.402431196213,0.));
#7630 = ORIENTED_EDGE('',*,*,#7631,.T.);
#7631 = EDGE_CURVE('',#7624,#7632,#7634,.T.);
#7632 = VERTEX_POINT('',#7633);
#7633 = CARTESIAN_POINT('',(118.188934,-47.033064,1.585));
#7634 = LINE('',#7635,#7636);
#7635 = CARTESIAN_POINT('',(118.458391,-46.963808,1.585));
#7636 = VECTOR('',#7637,1.);
#7637 = DIRECTION('',(-0.968521485586,-0.248929974006,0.));
#7638 = ORIENTED_EDGE('',*,*,#7639,.T.);
#7639 = EDGE_CURVE('',#7632,#7640,#7642,.T.);
#7640 = VERTEX_POINT('',#7641);
#7641 = CARTESIAN_POINT('',(117.907013,-47.056315,1.585));
#7642 = LINE('',#7643,#7644);
#7643 = CARTESIAN_POINT('',(118.188934,-47.033064,1.585));
#7644 = VECTOR('',#7645,1.);
#7645 = DIRECTION('',(-0.996616316077,-8.219439475985E-02,0.));
#7646 = ORIENTED_EDGE('',*,*,#7647,.T.);
#7647 = EDGE_CURVE('',#7640,#7648,#7650,.T.);
#7648 = VERTEX_POINT('',#7649);
#7649 = CARTESIAN_POINT('',(117.561274,-47.025557,1.585));
#7650 = LINE('',#7651,#7652);
#7651 = CARTESIAN_POINT('',(117.907013,-47.056315,1.585));
#7652 = VECTOR('',#7653,1.);
#7653 = DIRECTION('',(-0.996066122273,8.861309192444E-02,0.));
#7654 = ORIENTED_EDGE('',*,*,#7655,.T.);
#7655 = EDGE_CURVE('',#7648,#7656,#7658,.T.);
#7656 = VERTEX_POINT('',#7657);
#7657 = CARTESIAN_POINT('',(116.735258,-46.585842,1.585));
#7658 = CIRCLE('',#7659,1.53187522761);
#7659 = AXIS2_PLACEMENT_3D('',#7660,#7661,#7662);
#7660 = CARTESIAN_POINT('',(117.83369695597,-45.51809972166,1.585));
#7661 = DIRECTION('',(0.,0.,-1.));
#7662 = DIRECTION('',(-0.177836256549,-0.984060092605,-0.));
#7663 = ORIENTED_EDGE('',*,*,#7664,.T.);
#7664 = EDGE_CURVE('',#7656,#7665,#7667,.T.);
#7665 = VERTEX_POINT('',#7666);
#7666 = CARTESIAN_POINT('',(116.528012,-46.331449,1.585));
#7667 = LINE('',#7668,#7669);
#7668 = CARTESIAN_POINT('',(116.735258,-46.585842,1.585));
#7669 = VECTOR('',#7670,1.);
#7670 = DIRECTION('',(-0.631604841063,0.775290477657,0.));
#7671 = ORIENTED_EDGE('',*,*,#7672,.T.);
#7672 = EDGE_CURVE('',#7665,#7673,#7675,.T.);
#7673 = VERTEX_POINT('',#7674);
#7674 = CARTESIAN_POINT('',(116.37997,-46.045484,1.585));
#7675 = LINE('',#7676,#7677);
#7676 = CARTESIAN_POINT('',(116.528012,-46.331449,1.585));
#7677 = VECTOR('',#7678,1.);
#7678 = DIRECTION('',(-0.459739108151,0.88805402563,0.));
#7679 = ORIENTED_EDGE('',*,*,#7680,.T.);
#7680 = EDGE_CURVE('',#7673,#7681,#7683,.T.);
#7681 = VERTEX_POINT('',#7682);
#7682 = CARTESIAN_POINT('',(116.288855,-45.721764,1.585));
#7683 = LINE('',#7684,#7685);
#7684 = CARTESIAN_POINT('',(116.37997,-46.045484,1.585));
#7685 = VECTOR('',#7686,1.);
#7686 = DIRECTION('',(-0.270935017764,0.9625976398,0.));
#7687 = ORIENTED_EDGE('',*,*,#7688,.T.);
#7688 = EDGE_CURVE('',#7681,#7689,#7691,.T.);
#7689 = VERTEX_POINT('',#7690);
#7690 = CARTESIAN_POINT('',(116.257826,-45.342646,1.585));
#7691 = LINE('',#7692,#7693);
#7692 = CARTESIAN_POINT('',(116.288855,-45.721764,1.585));
#7693 = VECTOR('',#7694,1.);
#7694 = DIRECTION('',(-8.157247386879E-02,0.996667412684,0.));
#7695 = ORIENTED_EDGE('',*,*,#7696,.T.);
#7696 = EDGE_CURVE('',#7689,#7697,#7699,.T.);
#7697 = VERTEX_POINT('',#7698);
#7698 = CARTESIAN_POINT('',(116.290483,-44.8987,1.585));
#7699 = LINE('',#7700,#7701);
#7700 = CARTESIAN_POINT('',(116.257826,-45.342646,1.585));
#7701 = VECTOR('',#7702,1.);
#7702 = DIRECTION('',(7.336252711491E-02,0.997305339209,0.));
#7703 = ORIENTED_EDGE('',*,*,#7704,.T.);
#7704 = EDGE_CURVE('',#7697,#7705,#7707,.T.);
#7705 = VERTEX_POINT('',#7706);
#7706 = CARTESIAN_POINT('',(116.384902,-44.511444,1.585));
#7707 = LINE('',#7708,#7709);
#7708 = CARTESIAN_POINT('',(116.290483,-44.8987,1.585));
#7709 = VECTOR('',#7710,1.);
#7710 = DIRECTION('',(0.236876421062,0.97153978876,0.));
#7711 = ORIENTED_EDGE('',*,*,#7712,.T.);
#7712 = EDGE_CURVE('',#7705,#7713,#7715,.T.);
#7713 = VERTEX_POINT('',#7714);
#7714 = CARTESIAN_POINT('',(116.535171,-44.179015,1.585));
#7715 = LINE('',#7716,#7717);
#7716 = CARTESIAN_POINT('',(116.384902,-44.511444,1.585));
#7717 = VECTOR('',#7718,1.);
#7718 = DIRECTION('',(0.411904929898,0.911226826166,0.));
#7719 = ORIENTED_EDGE('',*,*,#7720,.T.);
#7720 = EDGE_CURVE('',#7713,#7721,#7723,.T.);
#7721 = VERTEX_POINT('',#7722);
#7722 = CARTESIAN_POINT('',(116.740448,-43.892759,1.585));
#7723 = LINE('',#7724,#7725);
#7724 = CARTESIAN_POINT('',(116.535171,-44.179015,1.585));
#7725 = VECTOR('',#7726,1.);
#7726 = DIRECTION('',(0.582756863519,0.812646564025,0.));
#7727 = ORIENTED_EDGE('',*,*,#7728,.T.);
#7728 = EDGE_CURVE('',#7721,#7729,#7731,.T.);
#7729 = VERTEX_POINT('',#7730);
#7730 = CARTESIAN_POINT('',(117.000385,-43.652423,1.585));
#7731 = LINE('',#7732,#7733);
#7732 = CARTESIAN_POINT('',(116.740448,-43.892759,1.585));
#7733 = VECTOR('',#7734,1.);
#7734 = DIRECTION('',(0.73424829087,0.67888102592,0.));
#7735 = ORIENTED_EDGE('',*,*,#7736,.T.);
#7736 = EDGE_CURVE('',#7729,#7737,#7739,.T.);
#7737 = VERTEX_POINT('',#7738);
#7738 = CARTESIAN_POINT('',(117.291498,-43.483012,1.585));
#7739 = LINE('',#7740,#7741);
#7740 = CARTESIAN_POINT('',(117.000385,-43.652423,1.585));
#7741 = VECTOR('',#7742,1.);
#7742 = DIRECTION('',(0.864301663672,0.502973790742,0.));
#7743 = ORIENTED_EDGE('',*,*,#7744,.T.);
#7744 = EDGE_CURVE('',#7737,#7745,#7747,.T.);
#7745 = VERTEX_POINT('',#7746);
#7746 = CARTESIAN_POINT('',(117.62017,-43.379656,1.585));
#7747 = LINE('',#7748,#7749);
#7748 = CARTESIAN_POINT('',(117.291498,-43.483012,1.585));
#7749 = VECTOR('',#7750,1.);
#7750 = DIRECTION('',(0.953944651918,0.29998266796,0.));
#7751 = ORIENTED_EDGE('',*,*,#7752,.T.);
#7752 = EDGE_CURVE('',#7745,#7753,#7755,.T.);
#7753 = VERTEX_POINT('',#7754);
#7754 = CARTESIAN_POINT('',(117.995856,-43.343824,1.585));
#7755 = LINE('',#7756,#7757);
#7756 = CARTESIAN_POINT('',(117.62017,-43.379656,1.585));
#7757 = VECTOR('',#7758,1.);
#7758 = DIRECTION('',(0.995482363093,9.494664170172E-02,0.));
#7759 = ORIENTED_EDGE('',*,*,#7760,.T.);
#7760 = EDGE_CURVE('',#7753,#7761,#7763,.T.);
#7761 = VERTEX_POINT('',#7762);
#7762 = CARTESIAN_POINT('',(118.25871,-43.359927,1.585));
#7763 = LINE('',#7764,#7765);
#7764 = CARTESIAN_POINT('',(117.995856,-43.343824,1.585));
#7765 = VECTOR('',#7766,1.);
#7766 = DIRECTION('',(0.998128740318,-6.114750814268E-02,0.));
#7767 = ORIENTED_EDGE('',*,*,#7768,.T.);
#7768 = EDGE_CURVE('',#7761,#7769,#7771,.T.);
#7769 = VERTEX_POINT('',#7770);
#7770 = CARTESIAN_POINT('',(118.458037,-43.402961,1.585));
#7771 = LINE('',#7772,#7773);
#7772 = CARTESIAN_POINT('',(118.25871,-43.359927,1.585));
#7773 = VECTOR('',#7774,1.);
#7774 = DIRECTION('',(0.977478674672,-0.211034216568,0.));
#7775 = ORIENTED_EDGE('',*,*,#7776,.T.);
#7776 = EDGE_CURVE('',#7769,#7777,#7779,.T.);
#7777 = VERTEX_POINT('',#7778);
#7778 = CARTESIAN_POINT('',(118.607074,-43.466861,1.585));
#7779 = LINE('',#7780,#7781);
#7780 = CARTESIAN_POINT('',(118.458037,-43.402961,1.585));
#7781 = VECTOR('',#7782,1.);
#7782 = DIRECTION('',(0.919084733247,-0.394059961315,0.));
#7783 = ORIENTED_EDGE('',*,*,#7784,.T.);
#7784 = EDGE_CURVE('',#7777,#7785,#7787,.T.);
#7785 = VERTEX_POINT('',#7786);
#7786 = CARTESIAN_POINT('',(118.928253,-43.702555,1.585));
#7787 = LINE('',#7788,#7789);
#7788 = CARTESIAN_POINT('',(118.607074,-43.466861,1.585));
#7789 = VECTOR('',#7790,1.);
#7790 = DIRECTION('',(0.806210153659,-0.591629265788,0.));
#7791 = ORIENTED_EDGE('',*,*,#7792,.T.);
#7792 = EDGE_CURVE('',#7785,#7793,#7795,.T.);
#7793 = VERTEX_POINT('',#7794);
#7794 = CARTESIAN_POINT('',(118.987533,-42.374062,1.585));
#7795 = LINE('',#7796,#7797);
#7796 = CARTESIAN_POINT('',(118.928253,-43.702555,1.585));
#7797 = VECTOR('',#7798,1.);
#7798 = DIRECTION('',(4.457763129592E-02,0.9990059233,0.));
#7799 = ORIENTED_EDGE('',*,*,#7800,.T.);
#7800 = EDGE_CURVE('',#7793,#7801,#7803,.T.);
#7801 = VERTEX_POINT('',#7802);
#7802 = CARTESIAN_POINT('',(119.04091,-41.754719,1.585));
#7803 = LINE('',#7804,#7805);
#7804 = CARTESIAN_POINT('',(118.987533,-42.374062,1.585));
#7805 = VECTOR('',#7806,1.);
#7806 = DIRECTION('',(8.586496850992E-02,0.996306783668,0.));
#7807 = ORIENTED_EDGE('',*,*,#7808,.T.);
#7808 = EDGE_CURVE('',#7801,#7462,#7809,.T.);
#7809 = LINE('',#7810,#7811);
#7810 = CARTESIAN_POINT('',(119.04091,-41.754719,1.585));
#7811 = VECTOR('',#7812,1.);
#7812 = DIRECTION('',(0.313818406871,0.94948302118,0.));
#7813 = FACE_BOUND('',#7814,.F.);
#7814 = EDGE_LOOP('',(#7815,#7825,#7834,#7842,#7850,#7858,#7866,#7874,
    #7882,#7890,#7898,#7906,#7914,#7922,#7930,#7938,#7946,#7954,#7962,
    #7970,#7978,#7986,#7994));
#7815 = ORIENTED_EDGE('',*,*,#7816,.T.);
#7816 = EDGE_CURVE('',#7817,#7819,#7821,.T.);
#7817 = VERTEX_POINT('',#7818);
#7818 = CARTESIAN_POINT('',(118.524947,-44.126011,1.585));
#7819 = VERTEX_POINT('',#7820);
#7820 = CARTESIAN_POINT('',(118.293936,-44.0244,1.585));
#7821 = LINE('',#7822,#7823);
#7822 = CARTESIAN_POINT('',(118.524947,-44.126011,1.585));
#7823 = VECTOR('',#7824,1.);
#7824 = DIRECTION('',(-0.915364454959,0.402626271618,0.));
#7825 = ORIENTED_EDGE('',*,*,#7826,.T.);
#7826 = EDGE_CURVE('',#7819,#7827,#7829,.T.);
#7827 = VERTEX_POINT('',#7828);
#7828 = CARTESIAN_POINT('',(117.492641,-44.078951,1.585));
#7829 = CIRCLE('',#7830,1.359508456709);
#7830 = AXIS2_PLACEMENT_3D('',#7831,#7832,#7833);
#7831 = CARTESIAN_POINT('',(117.9815078497,-45.34752202565,1.585));
#7832 = DIRECTION('',(0.,0.,1.));
#7833 = DIRECTION('',(0.229809640944,0.973235597854,-0.));
#7834 = ORIENTED_EDGE('',*,*,#7835,.T.);
#7835 = EDGE_CURVE('',#7827,#7836,#7838,.T.);
#7836 = VERTEX_POINT('',#7837);
#7837 = CARTESIAN_POINT('',(117.303098,-44.183534,1.585));
#7838 = LINE('',#7839,#7840);
#7839 = CARTESIAN_POINT('',(117.492641,-44.078951,1.585));
#7840 = VECTOR('',#7841,1.);
#7841 = DIRECTION('',(-0.875562928691,-0.483104085992,0.));
#7842 = ORIENTED_EDGE('',*,*,#7843,.T.);
#7843 = EDGE_CURVE('',#7836,#7844,#7846,.T.);
#7844 = VERTEX_POINT('',#7845);
#7845 = CARTESIAN_POINT('',(117.148639,-44.32629,1.585));
#7846 = LINE('',#7847,#7848);
#7847 = CARTESIAN_POINT('',(117.303098,-44.183534,1.585));
#7848 = VECTOR('',#7849,1.);
#7849 = DIRECTION('',(-0.734380406608,-0.678738107366,0.));
#7850 = ORIENTED_EDGE('',*,*,#7851,.T.);
#7851 = EDGE_CURVE('',#7844,#7852,#7854,.T.);
#7852 = VERTEX_POINT('',#7853);
#7853 = CARTESIAN_POINT('',(117.031499,-44.500472,1.585));
#7854 = LINE('',#7855,#7856);
#7855 = CARTESIAN_POINT('',(117.148639,-44.32629,1.585));
#7856 = VECTOR('',#7857,1.);
#7857 = DIRECTION('',(-0.558055396162,-0.829803696554,0.));
#7858 = ORIENTED_EDGE('',*,*,#7859,.T.);
#7859 = EDGE_CURVE('',#7852,#7860,#7862,.T.);
#7860 = VERTEX_POINT('',#7861);
#7861 = CARTESIAN_POINT('',(116.941966,-44.720739,1.585));
#7862 = LINE('',#7863,#7864);
#7863 = CARTESIAN_POINT('',(117.031499,-44.500472,1.585));
#7864 = VECTOR('',#7865,1.);
#7865 = DIRECTION('',(-0.37655584717,-0.926393919433,0.));
#7866 = ORIENTED_EDGE('',*,*,#7867,.T.);
#7867 = EDGE_CURVE('',#7860,#7868,#7870,.T.);
#7868 = VERTEX_POINT('',#7869);
#7869 = CARTESIAN_POINT('',(116.883347,-44.99733,1.585));
#7870 = LINE('',#7871,#7872);
#7871 = CARTESIAN_POINT('',(116.941966,-44.720739,1.585));
#7872 = VECTOR('',#7873,1.);
#7873 = DIRECTION('',(-0.207328821387,-0.978271311969,0.));
#7874 = ORIENTED_EDGE('',*,*,#7875,.T.);
#7875 = EDGE_CURVE('',#7868,#7876,#7878,.T.);
#7876 = VERTEX_POINT('',#7877);
#7877 = CARTESIAN_POINT('',(116.861959,-45.342646,1.585));
#7878 = LINE('',#7879,#7880);
#7879 = CARTESIAN_POINT('',(116.883347,-44.99733,1.585));
#7880 = VECTOR('',#7881,1.);
#7881 = DIRECTION('',(-6.181900867113E-02,-0.998087376018,0.));
#7882 = ORIENTED_EDGE('',*,*,#7883,.T.);
#7883 = EDGE_CURVE('',#7876,#7884,#7886,.T.);
#7884 = VERTEX_POINT('',#7885);
#7885 = CARTESIAN_POINT('',(116.896886,-45.621801,1.585));
#7886 = LINE('',#7887,#7888);
#7887 = CARTESIAN_POINT('',(116.861959,-45.342646,1.585));
#7888 = VECTOR('',#7889,1.);
#7889 = DIRECTION('',(0.124148916068,-0.992263597357,0.));
#7890 = ORIENTED_EDGE('',*,*,#7891,.T.);
#7891 = EDGE_CURVE('',#7884,#7892,#7894,.T.);
#7892 = VERTEX_POINT('',#7893);
#7893 = CARTESIAN_POINT('',(116.999648,-45.870186,1.585));
#7894 = LINE('',#7895,#7896);
#7895 = CARTESIAN_POINT('',(116.896886,-45.621801,1.585));
#7896 = VECTOR('',#7897,1.);
#7897 = DIRECTION('',(0.382294618083,-0.924040488823,0.));
#7898 = ORIENTED_EDGE('',*,*,#7899,.T.);
#7899 = EDGE_CURVE('',#7892,#7900,#7902,.T.);
#7900 = VERTEX_POINT('',#7901);
#7901 = CARTESIAN_POINT('',(117.174284,-46.096135,1.585));
#7902 = LINE('',#7903,#7904);
#7903 = CARTESIAN_POINT('',(116.999648,-45.870186,1.585));
#7904 = VECTOR('',#7905,1.);
#7905 = DIRECTION('',(0.611533107113,-0.791218843876,0.));
#7906 = ORIENTED_EDGE('',*,*,#7907,.T.);
#7907 = EDGE_CURVE('',#7900,#7908,#7910,.T.);
#7908 = VERTEX_POINT('',#7909);
#7909 = CARTESIAN_POINT('',(117.398214,-46.273489,1.585));
#7910 = LINE('',#7911,#7912);
#7911 = CARTESIAN_POINT('',(117.174284,-46.096135,1.585));
#7912 = VECTOR('',#7913,1.);
#7913 = DIRECTION('',(0.783916187331,-0.620866661402,0.));
#7914 = ORIENTED_EDGE('',*,*,#7915,.T.);
#7915 = EDGE_CURVE('',#7908,#7916,#7918,.T.);
#7916 = VERTEX_POINT('',#7917);
#7917 = CARTESIAN_POINT('',(117.63984,-46.376732,1.585));
#7918 = LINE('',#7919,#7920);
#7919 = CARTESIAN_POINT('',(117.398214,-46.273489,1.585));
#7920 = VECTOR('',#7921,1.);
#7921 = DIRECTION('',(0.919573028954,-0.392919132164,0.));
#7922 = ORIENTED_EDGE('',*,*,#7923,.T.);
#7923 = EDGE_CURVE('',#7916,#7924,#7926,.T.);
#7924 = VERTEX_POINT('',#7925);
#7925 = CARTESIAN_POINT('',(117.907013,-46.411514,1.585));
#7926 = LINE('',#7927,#7928);
#7927 = CARTESIAN_POINT('',(117.63984,-46.376732,1.585));
#7928 = VECTOR('',#7929,1.);
#7929 = DIRECTION('',(0.991632109092,-0.129095934164,0.));
#7930 = ORIENTED_EDGE('',*,*,#7931,.T.);
#7931 = EDGE_CURVE('',#7924,#7932,#7934,.T.);
#7932 = VERTEX_POINT('',#7933);
#7933 = CARTESIAN_POINT('',(118.179331,-46.383495,1.585));
#7934 = LINE('',#7935,#7936);
#7935 = CARTESIAN_POINT('',(117.907013,-46.411514,1.585));
#7936 = VECTOR('',#7937,1.);
#7937 = DIRECTION('',(0.994748408418,0.1023503979,0.));
#7938 = ORIENTED_EDGE('',*,*,#7939,.T.);
#7939 = EDGE_CURVE('',#7932,#7940,#7942,.T.);
#7940 = VERTEX_POINT('',#7941);
#7941 = CARTESIAN_POINT('',(118.391835,-46.306184,1.585));
#7942 = LINE('',#7943,#7944);
#7943 = CARTESIAN_POINT('',(118.179331,-46.383495,1.585));
#7944 = VECTOR('',#7945,1.);
#7945 = DIRECTION('',(0.939741120448,0.341886862191,0.));
#7946 = ORIENTED_EDGE('',*,*,#7947,.T.);
#7947 = EDGE_CURVE('',#7940,#7948,#7950,.T.);
#7948 = VERTEX_POINT('',#7949);
#7949 = CARTESIAN_POINT('',(118.523019,-46.22127,1.585));
#7950 = LINE('',#7951,#7952);
#7951 = CARTESIAN_POINT('',(118.391835,-46.306184,1.585));
#7952 = VECTOR('',#7953,1.);
#7953 = DIRECTION('',(0.839481898574,0.543387653491,0.));
#7954 = ORIENTED_EDGE('',*,*,#7955,.T.);
#7955 = EDGE_CURVE('',#7948,#7956,#7958,.T.);
#7956 = VERTEX_POINT('',#7957);
#7957 = CARTESIAN_POINT('',(118.771022,-46.024694,1.585));
#7958 = LINE('',#7959,#7960);
#7959 = CARTESIAN_POINT('',(118.523019,-46.22127,1.585));
#7960 = VECTOR('',#7961,1.);
#7961 = DIRECTION('',(0.783676160659,0.621169602617,0.));
#7962 = ORIENTED_EDGE('',*,*,#7963,.T.);
#7963 = EDGE_CURVE('',#7956,#7964,#7966,.T.);
#7964 = VERTEX_POINT('',#7965);
#7965 = CARTESIAN_POINT('',(118.870245,-45.919364,1.585));
#7966 = LINE('',#7967,#7968);
#7967 = CARTESIAN_POINT('',(118.771022,-46.024694,1.585));
#7968 = VECTOR('',#7969,1.);
#7969 = DIRECTION('',(0.685690341549,0.727893368225,0.));
#7970 = ORIENTED_EDGE('',*,*,#7971,.T.);
#7971 = EDGE_CURVE('',#7964,#7972,#7974,.T.);
#7972 = VERTEX_POINT('',#7973);
#7973 = CARTESIAN_POINT('',(118.859865,-45.332266,1.585));
#7974 = LINE('',#7975,#7976);
#7975 = CARTESIAN_POINT('',(118.870245,-45.919364,1.585));
#7976 = VECTOR('',#7977,1.);
#7977 = DIRECTION('',(-1.767742019906E-02,0.999843742199,0.));
#7978 = ORIENTED_EDGE('',*,*,#7979,.T.);
#7979 = EDGE_CURVE('',#7972,#7980,#7982,.T.);
#7980 = VERTEX_POINT('',#7981);
#7981 = CARTESIAN_POINT('',(118.870245,-44.538476,1.585));
#7982 = LINE('',#7983,#7984);
#7983 = CARTESIAN_POINT('',(118.859865,-45.332266,1.585));
#7984 = VECTOR('',#7985,1.);
#7985 = DIRECTION('',(1.307538851541E-02,0.999914513454,0.));
#7986 = ORIENTED_EDGE('',*,*,#7987,.T.);
#7987 = EDGE_CURVE('',#7980,#7988,#7990,.T.);
#7988 = VERTEX_POINT('',#7989);
#7989 = CARTESIAN_POINT('',(118.715068,-44.293283,1.585));
#7990 = LINE('',#7991,#7992);
#7991 = CARTESIAN_POINT('',(118.870245,-44.538476,1.585));
#7992 = VECTOR('',#7993,1.);
#7993 = DIRECTION('',(-0.534776818378,0.844993345847,0.));
#7994 = ORIENTED_EDGE('',*,*,#7995,.T.);
#7995 = EDGE_CURVE('',#7988,#7817,#7996,.T.);
#7996 = LINE('',#7997,#7998);
#7997 = CARTESIAN_POINT('',(118.715068,-44.293283,1.585));
#7998 = VECTOR('',#7999,1.);
#7999 = DIRECTION('',(-0.750781040646,0.66055115548,0.));
#8000 = PLANE('',#8001);
#8001 = AXIS2_PLACEMENT_3D('',#8002,#8003,#8004);
#8002 = CARTESIAN_POINT('',(0.,0.,1.585));
#8003 = DIRECTION('',(0.,0.,1.));
#8004 = DIRECTION('',(1.,0.,-0.));
#8005 = SHELL_BASED_SURFACE_MODEL('',(#8006));
#8006 = OPEN_SHELL('',(#8007));
#8007 = ADVANCED_FACE('',(#8008,#8443),#8541,.T.);
#8008 = FACE_BOUND('',#8009,.F.);
#8009 = EDGE_LOOP('',(#8010,#8020,#8028,#8036,#8044,#8052,#8060,#8068,
    #8076,#8084,#8092,#8100,#8108,#8116,#8124,#8132,#8140,#8148,#8157,
    #8165,#8173,#8181,#8189,#8197,#8205,#8213,#8221,#8229,#8237,#8245,
    #8253,#8261,#8269,#8277,#8285,#8293,#8301,#8309,#8317,#8325,#8333,
    #8341,#8349,#8357,#8365,#8373,#8381,#8389,#8397,#8405,#8413,#8421,
    #8429,#8437));
#8010 = ORIENTED_EDGE('',*,*,#8011,.T.);
#8011 = EDGE_CURVE('',#8012,#8014,#8016,.T.);
#8012 = VERTEX_POINT('',#8013);
#8013 = CARTESIAN_POINT('',(121.415991,-43.429313,1.585));
#8014 = VERTEX_POINT('',#8015);
#8015 = CARTESIAN_POINT('',(121.687559,-43.351195,1.585));
#8016 = LINE('',#8017,#8018);
#8017 = CARTESIAN_POINT('',(121.415991,-43.429313,1.585));
#8018 = VECTOR('',#8019,1.);
#8019 = DIRECTION('',(0.96102963721,0.276445358804,0.));
#8020 = ORIENTED_EDGE('',*,*,#8021,.T.);
#8021 = EDGE_CURVE('',#8014,#8022,#8024,.T.);
#8022 = VERTEX_POINT('',#8023);
#8023 = CARTESIAN_POINT('',(121.991364,-43.324284,1.585));
#8024 = LINE('',#8025,#8026);
#8025 = CARTESIAN_POINT('',(121.687559,-43.351195,1.585));
#8026 = VECTOR('',#8027,1.);
#8027 = DIRECTION('',(0.996099742727,8.823436143755E-02,0.));
#8028 = ORIENTED_EDGE('',*,*,#8029,.T.);
#8029 = EDGE_CURVE('',#8022,#8030,#8032,.T.);
#8030 = VERTEX_POINT('',#8031);
#8031 = CARTESIAN_POINT('',(122.366042,-43.348072,1.585));
#8032 = LINE('',#8033,#8034);
#8033 = CARTESIAN_POINT('',(121.991364,-43.324284,1.585));
#8034 = VECTOR('',#8035,1.);
#8035 = DIRECTION('',(0.997990634431,-6.336160973382E-02,0.));
#8036 = ORIENTED_EDGE('',*,*,#8037,.T.);
#8037 = EDGE_CURVE('',#8030,#8038,#8040,.T.);
#8038 = VERTEX_POINT('',#8039);
#8039 = CARTESIAN_POINT('',(122.670478,-43.413705,1.585));
#8040 = LINE('',#8041,#8042);
#8041 = CARTESIAN_POINT('',(122.366042,-43.348072,1.585));
#8042 = VECTOR('',#8043,1.);
#8043 = DIRECTION('',(0.977540672648,-0.210746846522,0.));
#8044 = ORIENTED_EDGE('',*,*,#8045,.T.);
#8045 = EDGE_CURVE('',#8038,#8046,#8048,.T.);
#8046 = VERTEX_POINT('',#8047);
#8047 = CARTESIAN_POINT('',(122.917044,-43.514794,1.585));
#8048 = LINE('',#8049,#8050);
#8049 = CARTESIAN_POINT('',(122.670478,-43.413705,1.585));
#8050 = VECTOR('',#8051,1.);
#8051 = DIRECTION('',(0.92525593561,-0.379343450739,0.));
#8052 = ORIENTED_EDGE('',*,*,#8053,.T.);
#8053 = EDGE_CURVE('',#8046,#8054,#8056,.T.);
#8054 = VERTEX_POINT('',#8055);
#8055 = CARTESIAN_POINT('',(123.113825,-43.651725,1.585));
#8056 = LINE('',#8057,#8058);
#8057 = CARTESIAN_POINT('',(122.917044,-43.514794,1.585));
#8058 = VECTOR('',#8059,1.);
#8059 = DIRECTION('',(0.820827231187,-0.571176554615,0.));
#8060 = ORIENTED_EDGE('',*,*,#8061,.T.);
#8061 = EDGE_CURVE('',#8054,#8062,#8064,.T.);
#8062 = VERTEX_POINT('',#8063);
#8063 = CARTESIAN_POINT('',(123.248245,-43.814061,1.585));
#8064 = LINE('',#8065,#8066);
#8065 = CARTESIAN_POINT('',(123.113825,-43.651725,1.585));
#8066 = VECTOR('',#8067,1.);
#8067 = DIRECTION('',(0.637773160288,-0.770224250473,0.));
#8068 = ORIENTED_EDGE('',*,*,#8069,.T.);
#8069 = EDGE_CURVE('',#8062,#8070,#8072,.T.);
#8070 = VERTEX_POINT('',#8071);
#8071 = CARTESIAN_POINT('',(123.329288,-44.005972,1.585));
#8072 = LINE('',#8073,#8074);
#8073 = CARTESIAN_POINT('',(123.248245,-43.814061,1.585));
#8074 = VECTOR('',#8075,1.);
#8075 = DIRECTION('',(0.389028710133,-0.921225630718,0.));
#8076 = ORIENTED_EDGE('',*,*,#8077,.T.);
#8077 = EDGE_CURVE('',#8070,#8078,#8080,.T.);
#8078 = VERTEX_POINT('',#8079);
#8079 = CARTESIAN_POINT('',(123.357597,-44.236531,1.585));
#8080 = LINE('',#8081,#8082);
#8081 = CARTESIAN_POINT('',(123.329288,-44.005972,1.585));
#8082 = VECTOR('',#8083,1.);
#8083 = DIRECTION('',(0.121868980471,-0.992546196204,0.));
#8084 = ORIENTED_EDGE('',*,*,#8085,.T.);
#8085 = EDGE_CURVE('',#8078,#8086,#8088,.T.);
#8086 = VERTEX_POINT('',#8087);
#8087 = CARTESIAN_POINT('',(123.33597,-44.394266,1.585));
#8088 = LINE('',#8089,#8090);
#8089 = CARTESIAN_POINT('',(123.357597,-44.236531,1.585));
#8090 = VECTOR('',#8091,1.);
#8091 = DIRECTION('',(-0.135838832319,-0.990730948156,0.));
#8092 = ORIENTED_EDGE('',*,*,#8093,.T.);
#8093 = EDGE_CURVE('',#8086,#8094,#8096,.T.);
#8094 = VERTEX_POINT('',#8095);
#8095 = CARTESIAN_POINT('',(123.269728,-44.547433,1.585));
#8096 = LINE('',#8097,#8098);
#8097 = CARTESIAN_POINT('',(123.33597,-44.394266,1.585));
#8098 = VECTOR('',#8099,1.);
#8099 = DIRECTION('',(-0.39694962718,-0.917840396519,0.));
#8100 = ORIENTED_EDGE('',*,*,#8101,.T.);
#8101 = EDGE_CURVE('',#8094,#8102,#8104,.T.);
#8102 = VERTEX_POINT('',#8103);
#8103 = CARTESIAN_POINT('',(123.152289,-44.700476,1.585));
#8104 = LINE('',#8105,#8106);
#8105 = CARTESIAN_POINT('',(123.269728,-44.547433,1.585));
#8106 = VECTOR('',#8107,1.);
#8107 = DIRECTION('',(-0.608777663449,-0.793340882903,0.));
#8108 = ORIENTED_EDGE('',*,*,#8109,.T.);
#8109 = EDGE_CURVE('',#8102,#8110,#8112,.T.);
#8110 = VERTEX_POINT('',#8111);
#8111 = CARTESIAN_POINT('',(122.971693,-44.855992,1.585));
#8112 = LINE('',#8113,#8114);
#8113 = CARTESIAN_POINT('',(123.152289,-44.700476,1.585));
#8114 = VECTOR('',#8115,1.);
#8115 = DIRECTION('',(-0.757763039234,-0.652529827955,0.));
#8116 = ORIENTED_EDGE('',*,*,#8117,.T.);
#8117 = EDGE_CURVE('',#8110,#8118,#8120,.T.);
#8118 = VERTEX_POINT('',#8119);
#8119 = CARTESIAN_POINT('',(122.750133,-44.989562,1.585));
#8120 = LINE('',#8121,#8122);
#8121 = CARTESIAN_POINT('',(122.971693,-44.855992,1.585));
#8122 = VECTOR('',#8123,1.);
#8123 = DIRECTION('',(-0.856409867584,-0.516296560811,0.));
#8124 = ORIENTED_EDGE('',*,*,#8125,.T.);
#8125 = EDGE_CURVE('',#8118,#8126,#8128,.T.);
#8126 = VERTEX_POINT('',#8127);
#8127 = CARTESIAN_POINT('',(122.247513,-45.240064,1.585));
#8128 = LINE('',#8129,#8130);
#8129 = CARTESIAN_POINT('',(122.750133,-44.989562,1.585));
#8130 = VECTOR('',#8131,1.);
#8131 = DIRECTION('',(-0.895001963957,-0.446062198032,0.));
#8132 = ORIENTED_EDGE('',*,*,#8133,.T.);
#8133 = EDGE_CURVE('',#8126,#8134,#8136,.T.);
#8134 = VERTEX_POINT('',#8135);
#8135 = CARTESIAN_POINT('',(120.942646,-45.861051,1.585));
#8136 = LINE('',#8137,#8138);
#8137 = CARTESIAN_POINT('',(122.247513,-45.240064,1.585));
#8138 = VECTOR('',#8139,1.);
#8139 = DIRECTION('',(-0.90296209288,-0.42972020993,0.));
#8140 = ORIENTED_EDGE('',*,*,#8141,.T.);
#8141 = EDGE_CURVE('',#8134,#8142,#8144,.T.);
#8142 = VERTEX_POINT('',#8143);
#8143 = CARTESIAN_POINT('',(121.082522,-46.036535,1.585));
#8144 = LINE('',#8145,#8146);
#8145 = CARTESIAN_POINT('',(120.942646,-45.861051,1.585));
#8146 = VECTOR('',#8147,1.);
#8147 = DIRECTION('',(0.623305052232,-0.781978779675,0.));
#8148 = ORIENTED_EDGE('',*,*,#8149,.T.);
#8149 = EDGE_CURVE('',#8142,#8150,#8152,.T.);
#8150 = VERTEX_POINT('',#8151);
#8151 = CARTESIAN_POINT('',(121.614032,-46.365711,1.585));
#8152 = CIRCLE('',#8153,1.205390698765);
#8153 = AXIS2_PLACEMENT_3D('',#8154,#8155,#8156);
#8154 = CARTESIAN_POINT('',(121.96123074566,-45.21140611493,1.585));
#8155 = DIRECTION('',(0.,0.,1.));
#8156 = DIRECTION('',(-0.72898251709,-0.684532314633,0.));
#8157 = ORIENTED_EDGE('',*,*,#8158,.T.);
#8158 = EDGE_CURVE('',#8150,#8159,#8161,.T.);
#8159 = VERTEX_POINT('',#8160);
#8160 = CARTESIAN_POINT('',(121.834087,-46.414153,1.585));
#8161 = LINE('',#8162,#8163);
#8162 = CARTESIAN_POINT('',(121.614032,-46.365711,1.585));
#8163 = VECTOR('',#8164,1.);
#8164 = DIRECTION('',(0.976616612702,-0.214988352696,0.));
#8165 = ORIENTED_EDGE('',*,*,#8166,.T.);
#8166 = EDGE_CURVE('',#8159,#8167,#8169,.T.);
#8167 = VERTEX_POINT('',#8168);
#8168 = CARTESIAN_POINT('',(122.083565,-46.431053,1.585));
#8169 = LINE('',#8170,#8171);
#8170 = CARTESIAN_POINT('',(121.834087,-46.414153,1.585));
#8171 = VECTOR('',#8172,1.);
#8172 = DIRECTION('',(0.997713415058,-6.758654756928E-02,0.));
#8173 = ORIENTED_EDGE('',*,*,#8174,.T.);
#8174 = EDGE_CURVE('',#8167,#8175,#8177,.T.);
#8175 = VERTEX_POINT('',#8176);
#8176 = CARTESIAN_POINT('',(122.327465,-46.410772,1.585));
#8177 = LINE('',#8178,#8179);
#8178 = CARTESIAN_POINT('',(122.083565,-46.431053,1.585));
#8179 = VECTOR('',#8180,1.);
#8180 = DIRECTION('',(0.996560620706,8.286693705839E-02,0.));
#8181 = ORIENTED_EDGE('',*,*,#8182,.T.);
#8182 = EDGE_CURVE('',#8175,#8183,#8185,.T.);
#8183 = VERTEX_POINT('',#8184);
#8184 = CARTESIAN_POINT('',(122.636775,-46.34221,1.585));
#8185 = LINE('',#8186,#8187);
#8186 = CARTESIAN_POINT('',(122.327465,-46.410772,1.585));
#8187 = VECTOR('',#8188,1.);
#8188 = DIRECTION('',(0.976302927211,0.216408397063,0.));
#8189 = ORIENTED_EDGE('',*,*,#8190,.T.);
#8190 = EDGE_CURVE('',#8183,#8191,#8193,.T.);
#8191 = VERTEX_POINT('',#8192);
#8192 = CARTESIAN_POINT('',(122.898445,-46.24799,1.585));
#8193 = LINE('',#8194,#8195);
#8194 = CARTESIAN_POINT('',(122.636775,-46.34221,1.585));
#8195 = VECTOR('',#8196,1.);
#8196 = DIRECTION('',(0.940865866804,0.338779309704,0.));
#8197 = ORIENTED_EDGE('',*,*,#8198,.T.);
#8198 = EDGE_CURVE('',#8191,#8199,#8201,.T.);
#8199 = VERTEX_POINT('',#8200);
#8200 = CARTESIAN_POINT('',(123.062136,-46.148801,1.585));
#8201 = LINE('',#8202,#8203);
#8202 = CARTESIAN_POINT('',(122.898445,-46.24799,1.585));
#8203 = VECTOR('',#8204,1.);
#8204 = DIRECTION('',(0.855238742369,0.518234207237,0.));
#8205 = ORIENTED_EDGE('',*,*,#8206,.T.);
#8206 = EDGE_CURVE('',#8199,#8207,#8209,.T.);
#8207 = VERTEX_POINT('',#8208);
#8208 = CARTESIAN_POINT('',(123.155792,-46.046981,1.585));
#8209 = LINE('',#8210,#8211);
#8210 = CARTESIAN_POINT('',(123.062136,-46.148801,1.585));
#8211 = VECTOR('',#8212,1.);
#8212 = DIRECTION('',(0.676984493973,0.735997279153,0.));
#8213 = ORIENTED_EDGE('',*,*,#8214,.T.);
#8214 = EDGE_CURVE('',#8207,#8215,#8217,.T.);
#8215 = VERTEX_POINT('',#8216);
#8216 = CARTESIAN_POINT('',(123.243313,-45.937677,1.585));
#8217 = LINE('',#8218,#8219);
#8218 = CARTESIAN_POINT('',(123.155792,-46.046981,1.585));
#8219 = VECTOR('',#8220,1.);
#8220 = DIRECTION('',(0.625033775937,0.780597706208,0.));
#8221 = ORIENTED_EDGE('',*,*,#8222,.T.);
#8222 = EDGE_CURVE('',#8215,#8223,#8225,.T.);
#8223 = VERTEX_POINT('',#8224);
#8224 = CARTESIAN_POINT('',(123.325129,-45.881594,1.585));
#8225 = LINE('',#8226,#8227);
#8226 = CARTESIAN_POINT('',(123.243313,-45.937677,1.585));
#8227 = VECTOR('',#8228,1.);
#8228 = DIRECTION('',(0.824820060741,0.565395319577,0.));
#8229 = ORIENTED_EDGE('',*,*,#8230,.T.);
#8230 = EDGE_CURVE('',#8223,#8231,#8233,.T.);
#8231 = VERTEX_POINT('',#8232);
#8232 = CARTESIAN_POINT('',(123.405225,-45.86441,1.585));
#8233 = LINE('',#8234,#8235);
#8234 = CARTESIAN_POINT('',(123.325129,-45.881594,1.585));
#8235 = VECTOR('',#8236,1.);
#8236 = DIRECTION('',(0.977750935558,0.209769177944,0.));
#8237 = ORIENTED_EDGE('',*,*,#8238,.T.);
#8238 = EDGE_CURVE('',#8231,#8239,#8241,.T.);
#8239 = VERTEX_POINT('',#8240);
#8240 = CARTESIAN_POINT('',(123.517212,-45.886645,1.585));
#8241 = LINE('',#8242,#8243);
#8242 = CARTESIAN_POINT('',(123.405225,-45.86441,1.585));
#8243 = VECTOR('',#8244,1.);
#8244 = DIRECTION('',(0.980853260783,-0.194748249828,0.));
#8245 = ORIENTED_EDGE('',*,*,#8246,.T.);
#8246 = EDGE_CURVE('',#8239,#8247,#8249,.T.);
#8247 = VERTEX_POINT('',#8248);
#8248 = CARTESIAN_POINT('',(123.618632,-45.95539,1.585));
#8249 = LINE('',#8250,#8251);
#8250 = CARTESIAN_POINT('',(123.517212,-45.886645,1.585));
#8251 = VECTOR('',#8252,1.);
#8252 = DIRECTION('',(0.827762788076,-0.561078217967,0.));
#8253 = ORIENTED_EDGE('',*,*,#8254,.T.);
#8254 = EDGE_CURVE('',#8247,#8255,#8257,.T.);
#8255 = VERTEX_POINT('',#8256);
#8256 = CARTESIAN_POINT('',(123.689667,-46.054851,1.585));
#8257 = LINE('',#8258,#8259);
#8258 = CARTESIAN_POINT('',(123.618632,-45.95539,1.585));
#8259 = VECTOR('',#8260,1.);
#8260 = DIRECTION('',(0.581191755722,-0.813766639204,0.));
#8261 = ORIENTED_EDGE('',*,*,#8262,.T.);
#8262 = EDGE_CURVE('',#8255,#8263,#8265,.T.);
#8263 = VERTEX_POINT('',#8264);
#8264 = CARTESIAN_POINT('',(123.712665,-46.16666,1.585));
#8265 = LINE('',#8266,#8267);
#8266 = CARTESIAN_POINT('',(123.689667,-46.054851,1.585));
#8267 = VECTOR('',#8268,1.);
#8268 = DIRECTION('',(0.201472227136,-0.979494227493,0.));
#8269 = ORIENTED_EDGE('',*,*,#8270,.T.);
#8270 = EDGE_CURVE('',#8263,#8271,#8273,.T.);
#8271 = VERTEX_POINT('',#8272);
#8272 = CARTESIAN_POINT('',(123.681532,-46.333316,1.585));
#8273 = LINE('',#8274,#8275);
#8274 = CARTESIAN_POINT('',(123.712665,-46.16666,1.585));
#8275 = VECTOR('',#8276,1.);
#8276 = DIRECTION('',(-0.183633221186,-0.982994832172,0.));
#8277 = ORIENTED_EDGE('',*,*,#8278,.T.);
#8278 = EDGE_CURVE('',#8271,#8279,#8281,.T.);
#8279 = VERTEX_POINT('',#8280);
#8280 = CARTESIAN_POINT('',(123.583575,-46.494568,1.585));
#8281 = LINE('',#8282,#8283);
#8282 = CARTESIAN_POINT('',(123.681532,-46.333316,1.585));
#8283 = VECTOR('',#8284,1.);
#8284 = DIRECTION('',(-0.519187240186,-0.854660523031,0.));
#8285 = ORIENTED_EDGE('',*,*,#8286,.T.);
#8286 = EDGE_CURVE('',#8279,#8287,#8289,.T.);
#8287 = VERTEX_POINT('',#8288);
#8288 = CARTESIAN_POINT('',(123.400444,-46.6572,1.585));
#8289 = LINE('',#8290,#8291);
#8290 = CARTESIAN_POINT('',(123.583575,-46.494568,1.585));
#8291 = VECTOR('',#8292,1.);
#8292 = DIRECTION('',(-0.747715601621,-0.664019110488,0.));
#8293 = ORIENTED_EDGE('',*,*,#8294,.T.);
#8294 = EDGE_CURVE('',#8287,#8295,#8297,.T.);
#8295 = VERTEX_POINT('',#8296);
#8296 = CARTESIAN_POINT('',(123.101142,-46.822758,1.585));
#8297 = LINE('',#8298,#8299);
#8298 = CARTESIAN_POINT('',(123.400444,-46.6572,1.585));
#8299 = VECTOR('',#8300,1.);
#8300 = DIRECTION('',(-0.875050535887,-0.484031568851,0.));
#8301 = ORIENTED_EDGE('',*,*,#8302,.T.);
#8302 = EDGE_CURVE('',#8295,#8303,#8305,.T.);
#8303 = VERTEX_POINT('',#8304);
#8304 = CARTESIAN_POINT('',(122.747168,-46.955137,1.585));
#8305 = LINE('',#8306,#8307);
#8306 = CARTESIAN_POINT('',(123.101142,-46.822758,1.585));
#8307 = VECTOR('',#8308,1.);
#8308 = DIRECTION('',(-0.936643069687,-0.350285255194,0.));
#8309 = ORIENTED_EDGE('',*,*,#8310,.T.);
#8310 = EDGE_CURVE('',#8303,#8311,#8313,.T.);
#8311 = VERTEX_POINT('',#8312);
#8312 = CARTESIAN_POINT('',(122.409133,-47.031501,1.585));
#8313 = LINE('',#8314,#8315);
#8314 = CARTESIAN_POINT('',(122.747168,-46.955137,1.585));
#8315 = VECTOR('',#8316,1.);
#8316 = DIRECTION('',(-0.975420218839,-0.220352891243,0.));
#8317 = ORIENTED_EDGE('',*,*,#8318,.T.);
#8318 = EDGE_CURVE('',#8311,#8319,#8321,.T.);
#8319 = VERTEX_POINT('',#8320);
#8320 = CARTESIAN_POINT('',(122.08326,-47.056315,1.585));
#8321 = LINE('',#8322,#8323);
#8322 = CARTESIAN_POINT('',(122.409133,-47.031501,1.585));
#8323 = VECTOR('',#8324,1.);
#8324 = DIRECTION('',(-0.997113422695,-7.592642676977E-02,0.));
#8325 = ORIENTED_EDGE('',*,*,#8326,.T.);
#8326 = EDGE_CURVE('',#8319,#8327,#8329,.T.);
#8327 = VERTEX_POINT('',#8328);
#8328 = CARTESIAN_POINT('',(121.697937,-47.029629,1.585));
#8329 = LINE('',#8330,#8331);
#8330 = CARTESIAN_POINT('',(122.08326,-47.056315,1.585));
#8331 = VECTOR('',#8332,1.);
#8332 = DIRECTION('',(-0.997610383368,6.909068674999E-02,0.));
#8333 = ORIENTED_EDGE('',*,*,#8334,.T.);
#8334 = EDGE_CURVE('',#8327,#8335,#8337,.T.);
#8335 = VERTEX_POINT('',#8336);
#8336 = CARTESIAN_POINT('',(121.366653,-46.953948,1.585));
#8337 = LINE('',#8338,#8339);
#8338 = CARTESIAN_POINT('',(121.697937,-47.029629,1.585));
#8339 = VECTOR('',#8340,1.);
#8340 = DIRECTION('',(-0.974884744814,0.222709978062,0.));
#8341 = ORIENTED_EDGE('',*,*,#8342,.T.);
#8342 = EDGE_CURVE('',#8335,#8343,#8345,.T.);
#8343 = VERTEX_POINT('',#8344);
#8344 = CARTESIAN_POINT('',(121.080776,-46.83361,1.585));
#8345 = LINE('',#8346,#8347);
#8346 = CARTESIAN_POINT('',(121.366653,-46.953948,1.585));
#8347 = VECTOR('',#8348,1.);
#8348 = DIRECTION('',(-0.92167141943,0.387971383747,0.));
#8349 = ORIENTED_EDGE('',*,*,#8350,.T.);
#8350 = EDGE_CURVE('',#8343,#8351,#8353,.T.);
#8351 = VERTEX_POINT('',#8352);
#8352 = CARTESIAN_POINT('',(120.833347,-46.669801,1.585));
#8353 = LINE('',#8354,#8355);
#8354 = CARTESIAN_POINT('',(121.080776,-46.83361,1.585));
#8355 = VECTOR('',#8356,1.);
#8356 = DIRECTION('',(-0.833824834372,0.55202911661,0.));
#8357 = ORIENTED_EDGE('',*,*,#8358,.T.);
#8358 = EDGE_CURVE('',#8351,#8359,#8361,.T.);
#8359 = VERTEX_POINT('',#8360);
#8360 = CARTESIAN_POINT('',(120.607264,-46.437943,1.585));
#8361 = LINE('',#8362,#8363);
#8362 = CARTESIAN_POINT('',(120.833347,-46.669801,1.585));
#8363 = VECTOR('',#8364,1.);
#8364 = DIRECTION('',(-0.698134091964,0.715967031111,0.));
#8365 = ORIENTED_EDGE('',*,*,#8366,.T.);
#8366 = EDGE_CURVE('',#8359,#8367,#8369,.T.);
#8367 = VERTEX_POINT('',#8368);
#8368 = CARTESIAN_POINT('',(120.445897,-46.166915,1.585));
#8369 = LINE('',#8370,#8371);
#8370 = CARTESIAN_POINT('',(120.607264,-46.437943,1.585));
#8371 = VECTOR('',#8372,1.);
#8372 = DIRECTION('',(-0.511579387155,0.859236015678,0.));
#8373 = ORIENTED_EDGE('',*,*,#8374,.T.);
#8374 = EDGE_CURVE('',#8367,#8375,#8377,.T.);
#8375 = VERTEX_POINT('',#8376);
#8376 = CARTESIAN_POINT('',(120.345882,-45.848916,1.585));
#8377 = LINE('',#8378,#8379);
#8378 = CARTESIAN_POINT('',(120.445897,-46.166915,1.585));
#8379 = VECTOR('',#8380,1.);
#8380 = DIRECTION('',(-0.300024407326,0.953931525325,0.));
#8381 = ORIENTED_EDGE('',*,*,#8382,.T.);
#8382 = EDGE_CURVE('',#8375,#8383,#8385,.T.);
#8383 = VERTEX_POINT('',#8384);
#8384 = CARTESIAN_POINT('',(120.310668,-45.4724,1.585));
#8385 = LINE('',#8386,#8387);
#8386 = CARTESIAN_POINT('',(120.345882,-45.848916,1.585));
#8387 = VECTOR('',#8388,1.);
#8388 = DIRECTION('',(-9.311952996381E-02,0.995654936782,0.));
#8389 = ORIENTED_EDGE('',*,*,#8390,.T.);
#8390 = EDGE_CURVE('',#8383,#8391,#8393,.T.);
#8391 = VERTEX_POINT('',#8392);
#8392 = CARTESIAN_POINT('',(120.339818,-45.028992,1.585));
#8393 = LINE('',#8394,#8395);
#8394 = CARTESIAN_POINT('',(120.310668,-45.4724,1.585));
#8395 = VECTOR('',#8396,1.);
#8396 = DIRECTION('',(6.559920530764E-02,0.997846052386,0.));
#8397 = ORIENTED_EDGE('',*,*,#8398,.T.);
#8398 = EDGE_CURVE('',#8391,#8399,#8401,.T.);
#8399 = VERTEX_POINT('',#8400);
#8400 = CARTESIAN_POINT('',(120.423364,-44.637527,1.585));
#8401 = LINE('',#8402,#8403);
#8402 = CARTESIAN_POINT('',(120.339818,-45.028992,1.585));
#8403 = VECTOR('',#8404,1.);
#8404 = DIRECTION('',(0.208718439575,0.977975773208,0.));
#8405 = ORIENTED_EDGE('',*,*,#8406,.T.);
#8406 = EDGE_CURVE('',#8399,#8407,#8409,.T.);
#8407 = VERTEX_POINT('',#8408);
#8408 = CARTESIAN_POINT('',(120.557473,-44.290309,1.585));
#8409 = LINE('',#8410,#8411);
#8410 = CARTESIAN_POINT('',(120.423364,-44.637527,1.585));
#8411 = VECTOR('',#8412,1.);
#8412 = DIRECTION('',(0.360297801916,0.932837335195,0.));
#8413 = ORIENTED_EDGE('',*,*,#8414,.T.);
#8414 = EDGE_CURVE('',#8407,#8415,#8417,.T.);
#8415 = VERTEX_POINT('',#8416);
#8416 = CARTESIAN_POINT('',(120.741146,-43.980992,1.585));
#8417 = LINE('',#8418,#8419);
#8418 = CARTESIAN_POINT('',(120.557473,-44.290309,1.585));
#8419 = VECTOR('',#8420,1.);
#8420 = DIRECTION('',(0.510571701776,0.859835180337,0.));
#8421 = ORIENTED_EDGE('',*,*,#8422,.T.);
#8422 = EDGE_CURVE('',#8415,#8423,#8425,.T.);
#8423 = VERTEX_POINT('',#8424);
#8424 = CARTESIAN_POINT('',(120.946253,-43.739328,1.585));
#8425 = LINE('',#8426,#8427);
#8426 = CARTESIAN_POINT('',(120.741146,-43.980992,1.585));
#8427 = VECTOR('',#8428,1.);
#8428 = DIRECTION('',(0.647085220936,0.762417678734,0.));
#8429 = ORIENTED_EDGE('',*,*,#8430,.T.);
#8430 = EDGE_CURVE('',#8423,#8431,#8433,.T.);
#8431 = VERTEX_POINT('',#8432);
#8432 = CARTESIAN_POINT('',(121.170395,-43.557685,1.585));
#8433 = LINE('',#8434,#8435);
#8434 = CARTESIAN_POINT('',(120.946253,-43.739328,1.585));
#8435 = VECTOR('',#8436,1.);
#8436 = DIRECTION('',(0.776914703483,0.629605863626,0.));
#8437 = ORIENTED_EDGE('',*,*,#8438,.T.);
#8438 = EDGE_CURVE('',#8431,#8012,#8439,.T.);
#8439 = LINE('',#8440,#8441);
#8440 = CARTESIAN_POINT('',(121.170395,-43.557685,1.585));
#8441 = VECTOR('',#8442,1.);
#8442 = DIRECTION('',(0.886236891395,0.463232309248,0.));
#8443 = FACE_BOUND('',#8444,.F.);
#8444 = EDGE_LOOP('',(#8445,#8455,#8463,#8471,#8479,#8487,#8495,#8503,
    #8511,#8519,#8527,#8535));
#8445 = ORIENTED_EDGE('',*,*,#8446,.T.);
#8446 = EDGE_CURVE('',#8447,#8449,#8451,.T.);
#8447 = VERTEX_POINT('',#8448);
#8448 = CARTESIAN_POINT('',(122.602956,-44.057223,1.585));
#8449 = VERTEX_POINT('',#8450);
#8450 = CARTESIAN_POINT('',(122.334039,-43.963838,1.585));
#8451 = LINE('',#8452,#8453);
#8452 = CARTESIAN_POINT('',(122.602956,-44.057223,1.585));
#8453 = VECTOR('',#8454,1.);
#8454 = DIRECTION('',(-0.944661644727,0.328046303108,0.));
#8455 = ORIENTED_EDGE('',*,*,#8456,.T.);
#8456 = EDGE_CURVE('',#8449,#8457,#8459,.T.);
#8457 = VERTEX_POINT('',#8458);
#8458 = CARTESIAN_POINT('',(121.991364,-43.930006,1.585));
#8459 = LINE('',#8460,#8461);
#8460 = CARTESIAN_POINT('',(122.334039,-43.963838,1.585));
#8461 = VECTOR('',#8462,1.);
#8462 = DIRECTION('',(-0.995161623517,9.82514278743E-02,0.));
#8463 = ORIENTED_EDGE('',*,*,#8464,.T.);
#8464 = EDGE_CURVE('',#8457,#8465,#8467,.T.);
#8465 = VERTEX_POINT('',#8466);
#8466 = CARTESIAN_POINT('',(121.728335,-43.966259,1.585));
#8467 = LINE('',#8468,#8469);
#8468 = CARTESIAN_POINT('',(121.991364,-43.930006,1.585));
#8469 = VECTOR('',#8470,1.);
#8470 = DIRECTION('',(-0.99063481815,-0.136538115806,0.));
#8471 = ORIENTED_EDGE('',*,*,#8472,.T.);
#8472 = EDGE_CURVE('',#8465,#8473,#8475,.T.);
#8473 = VERTEX_POINT('',#8474);
#8474 = CARTESIAN_POINT('',(121.500357,-44.072535,1.585));
#8475 = LINE('',#8476,#8477);
#8476 = CARTESIAN_POINT('',(121.728335,-43.966259,1.585));
#8477 = VECTOR('',#8478,1.);
#8478 = DIRECTION('',(-0.906356337583,-0.42251412914,0.));
#8479 = ORIENTED_EDGE('',*,*,#8480,.T.);
#8480 = EDGE_CURVE('',#8473,#8481,#8483,.T.);
#8481 = VERTEX_POINT('',#8482);
#8482 = CARTESIAN_POINT('',(121.298019,-44.254239,1.585));
#8483 = LINE('',#8484,#8485);
#8484 = CARTESIAN_POINT('',(121.500357,-44.072535,1.585));
#8485 = VECTOR('',#8486,1.);
#8486 = DIRECTION('',(-0.744025432407,-0.668151297186,0.));
#8487 = ORIENTED_EDGE('',*,*,#8488,.T.);
#8488 = EDGE_CURVE('',#8481,#8489,#8491,.T.);
#8489 = VERTEX_POINT('',#8490);
#8490 = CARTESIAN_POINT('',(121.14092,-44.484839,1.585));
#8491 = LINE('',#8492,#8493);
#8492 = CARTESIAN_POINT('',(121.298019,-44.254239,1.585));
#8493 = VECTOR('',#8494,1.);
#8494 = DIRECTION('',(-0.563022960015,-0.82644125411,0.));
#8495 = ORIENTED_EDGE('',*,*,#8496,.T.);
#8496 = EDGE_CURVE('',#8489,#8497,#8499,.T.);
#8497 = VERTEX_POINT('',#8498);
#8498 = CARTESIAN_POINT('',(121.001392,-44.802735,1.585));
#8499 = LINE('',#8500,#8501);
#8500 = CARTESIAN_POINT('',(121.14092,-44.484839,1.585));
#8501 = VECTOR('',#8502,1.);
#8502 = DIRECTION('',(-0.401902885415,-0.915682297904,0.));
#8503 = ORIENTED_EDGE('',*,*,#8504,.T.);
#8504 = EDGE_CURVE('',#8497,#8505,#8507,.T.);
#8505 = VERTEX_POINT('',#8506);
#8506 = CARTESIAN_POINT('',(120.884638,-45.229989,1.585));
#8507 = LINE('',#8508,#8509);
#8508 = CARTESIAN_POINT('',(121.001392,-44.802735,1.585));
#8509 = VECTOR('',#8510,1.);
#8510 = DIRECTION('',(-0.263601086503,-0.964631778035,0.));
#8511 = ORIENTED_EDGE('',*,*,#8512,.T.);
#8512 = EDGE_CURVE('',#8505,#8513,#8515,.T.);
#8513 = VERTEX_POINT('',#8514);
#8514 = CARTESIAN_POINT('',(121.933356,-44.729291,1.585));
#8515 = LINE('',#8516,#8517);
#8516 = CARTESIAN_POINT('',(120.884638,-45.229989,1.585));
#8517 = VECTOR('',#8518,1.);
#8518 = DIRECTION('',(0.902422994096,0.430851180487,0.));
#8519 = ORIENTED_EDGE('',*,*,#8520,.T.);
#8520 = EDGE_CURVE('',#8513,#8521,#8523,.T.);
#8521 = VERTEX_POINT('',#8522);
#8522 = CARTESIAN_POINT('',(122.500847,-44.424167,1.585));
#8523 = LINE('',#8524,#8525);
#8524 = CARTESIAN_POINT('',(121.933356,-44.729291,1.585));
#8525 = VECTOR('',#8526,1.);
#8526 = DIRECTION('',(0.880761227953,0.473560618438,0.));
#8527 = ORIENTED_EDGE('',*,*,#8528,.T.);
#8528 = EDGE_CURVE('',#8521,#8529,#8531,.T.);
#8529 = VERTEX_POINT('',#8530);
#8530 = CARTESIAN_POINT('',(122.814462,-44.204474,1.585));
#8531 = LINE('',#8532,#8533);
#8532 = CARTESIAN_POINT('',(122.500847,-44.424167,1.585));
#8533 = VECTOR('',#8534,1.);
#8534 = DIRECTION('',(0.819032496584,0.57374713031,0.));
#8535 = ORIENTED_EDGE('',*,*,#8536,.T.);
#8536 = EDGE_CURVE('',#8529,#8447,#8537,.T.);
#8537 = LINE('',#8538,#8539);
#8538 = CARTESIAN_POINT('',(122.814462,-44.204474,1.585));
#8539 = VECTOR('',#8540,1.);
#8540 = DIRECTION('',(-0.82069342777,0.571368793001,0.));
#8541 = PLANE('',#8542);
#8542 = AXIS2_PLACEMENT_3D('',#8543,#8544,#8545);
#8543 = CARTESIAN_POINT('',(0.,0.,1.585));
#8544 = DIRECTION('',(0.,0.,1.));
#8545 = DIRECTION('',(1.,0.,-0.));
#8546 = SHELL_BASED_SURFACE_MODEL('',(#8547));
#8547 = OPEN_SHELL('',(#8548));
#8548 = ADVANCED_FACE('',(#8549),#8673,.T.);
#8549 = FACE_BOUND('',#8550,.F.);
#8550 = EDGE_LOOP('',(#8551,#8561,#8569,#8578,#8586,#8594,#8602,#8610,
    #8618,#8626,#8634,#8643,#8651,#8659,#8667));
#8551 = ORIENTED_EDGE('',*,*,#8552,.T.);
#8552 = EDGE_CURVE('',#8553,#8555,#8557,.T.);
#8553 = VERTEX_POINT('',#8554);
#8554 = CARTESIAN_POINT('',(76.188197,-43.498307,1.585));
#8555 = VERTEX_POINT('',#8556);
#8556 = CARTESIAN_POINT('',(76.294084,-43.42698,1.585));
#8557 = LINE('',#8558,#8559);
#8558 = CARTESIAN_POINT('',(76.188197,-43.498307,1.585));
#8559 = VECTOR('',#8560,1.);
#8560 = DIRECTION('',(0.829381227764,0.558683075663,0.));
#8561 = ORIENTED_EDGE('',*,*,#8562,.T.);
#8562 = EDGE_CURVE('',#8555,#8563,#8565,.T.);
#8563 = VERTEX_POINT('',#8564);
#8564 = CARTESIAN_POINT('',(76.429387,-43.402442,1.585));
#8565 = LINE('',#8566,#8567);
#8566 = CARTESIAN_POINT('',(76.294084,-43.42698,1.585));
#8567 = VECTOR('',#8568,1.);
#8568 = DIRECTION('',(0.983949863912,0.178445132485,0.));
#8569 = ORIENTED_EDGE('',*,*,#8570,.T.);
#8570 = EDGE_CURVE('',#8563,#8571,#8573,.T.);
#8571 = VERTEX_POINT('',#8572);
#8572 = CARTESIAN_POINT('',(76.739645,-43.606226,1.585));
#8573 = CIRCLE('',#8574,0.320855753386);
#8574 = AXIS2_PLACEMENT_3D('',#8575,#8576,#8577);
#8575 = CARTESIAN_POINT('',(76.440830056592,-43.72309363485,1.585));
#8576 = DIRECTION('',(0.,0.,-1.));
#8577 = DIRECTION('',(-3.566417766068E-02,0.99936383086,0.));
#8578 = ORIENTED_EDGE('',*,*,#8579,.T.);
#8579 = EDGE_CURVE('',#8571,#8580,#8582,.T.);
#8580 = VERTEX_POINT('',#8581);
#8581 = CARTESIAN_POINT('',(76.764,-43.74774,1.585));
#8582 = LINE('',#8583,#8584);
#8583 = CARTESIAN_POINT('',(76.739645,-43.606226,1.585));
#8584 = VECTOR('',#8585,1.);
#8585 = DIRECTION('',(0.169609569341,-0.985511336306,0.));
#8586 = ORIENTED_EDGE('',*,*,#8587,.T.);
#8587 = EDGE_CURVE('',#8580,#8588,#8590,.T.);
#8588 = VERTEX_POINT('',#8589);
#8589 = CARTESIAN_POINT('',(76.695612,-45.350584,1.585));
#8590 = LINE('',#8591,#8592);
#8591 = CARTESIAN_POINT('',(76.764,-43.74774,1.585));
#8592 = VECTOR('',#8593,1.);
#8593 = DIRECTION('',(-4.262787682579E-02,-0.999091018935,0.));
#8594 = ORIENTED_EDGE('',*,*,#8595,.T.);
#8595 = EDGE_CURVE('',#8588,#8596,#8598,.T.);
#8596 = VERTEX_POINT('',#8597);
#8597 = CARTESIAN_POINT('',(76.719731,-46.577599,1.585));
#8598 = LINE('',#8599,#8600);
#8599 = CARTESIAN_POINT('',(76.695612,-45.350584,1.585));
#8600 = VECTOR('',#8601,1.);
#8601 = DIRECTION('',(1.965285001002E-02,-0.999806864093,0.));
#8602 = ORIENTED_EDGE('',*,*,#8603,.T.);
#8603 = EDGE_CURVE('',#8596,#8604,#8606,.T.);
#8604 = VERTEX_POINT('',#8605);
#8605 = CARTESIAN_POINT('',(76.695939,-46.716413,1.585));
#8606 = LINE('',#8607,#8608);
#8607 = CARTESIAN_POINT('',(76.719731,-46.577599,1.585));
#8608 = VECTOR('',#8609,1.);
#8609 = DIRECTION('',(-0.168931494638,-0.98562779492,0.));
#8610 = ORIENTED_EDGE('',*,*,#8611,.T.);
#8611 = EDGE_CURVE('',#8604,#8612,#8614,.T.);
#8612 = VERTEX_POINT('',#8613);
#8613 = CARTESIAN_POINT('',(76.627529,-46.823979,1.585));
#8614 = LINE('',#8615,#8616);
#8615 = CARTESIAN_POINT('',(76.695939,-46.716413,1.585));
#8616 = VECTOR('',#8617,1.);
#8617 = DIRECTION('',(-0.536646042165,-0.843807457557,0.));
#8618 = ORIENTED_EDGE('',*,*,#8619,.T.);
#8619 = EDGE_CURVE('',#8612,#8620,#8622,.T.);
#8620 = VERTEX_POINT('',#8621);
#8621 = CARTESIAN_POINT('',(76.522764,-46.894877,1.585));
#8622 = LINE('',#8623,#8624);
#8623 = CARTESIAN_POINT('',(76.627529,-46.823979,1.585));
#8624 = VECTOR('',#8625,1.);
#8625 = DIRECTION('',(-0.828182293569,-0.560458819734,0.));
#8626 = ORIENTED_EDGE('',*,*,#8627,.T.);
#8627 = EDGE_CURVE('',#8620,#8628,#8630,.T.);
#8628 = VERTEX_POINT('',#8629);
#8629 = CARTESIAN_POINT('',(76.385118,-46.919539,1.585));
#8630 = LINE('',#8631,#8632);
#8631 = CARTESIAN_POINT('',(76.522764,-46.894877,1.585));
#8632 = VECTOR('',#8633,1.);
#8633 = DIRECTION('',(-0.984325490875,-0.176361356349,0.));
#8634 = ORIENTED_EDGE('',*,*,#8635,.T.);
#8635 = EDGE_CURVE('',#8628,#8636,#8638,.T.);
#8636 = VERTEX_POINT('',#8637);
#8637 = CARTESIAN_POINT('',(76.0502,-46.577599,1.585));
#8638 = CIRCLE('',#8639,0.324293756187);
#8639 = AXIS2_PLACEMENT_3D('',#8640,#8641,#8642);
#8640 = CARTESIAN_POINT('',(76.374002855758,-46.59543578515,1.585));
#8641 = DIRECTION('',(0.,0.,-1.));
#8642 = DIRECTION('',(3.427492521939E-02,-0.999412442138,0.));
#8643 = ORIENTED_EDGE('',*,*,#8644,.T.);
#8644 = EDGE_CURVE('',#8636,#8645,#8647,.T.);
#8645 = VERTEX_POINT('',#8646);
#8646 = CARTESIAN_POINT('',(76.026386,-45.350584,1.585));
#8647 = LINE('',#8648,#8649);
#8648 = CARTESIAN_POINT('',(76.0502,-46.577599,1.585));
#8649 = VECTOR('',#8650,1.);
#8650 = DIRECTION('',(-1.940442147525E-02,0.999811716488,0.));
#8651 = ORIENTED_EDGE('',*,*,#8652,.T.);
#8652 = EDGE_CURVE('',#8645,#8653,#8655,.T.);
#8653 = VERTEX_POINT('',#8654);
#8654 = CARTESIAN_POINT('',(76.094469,-43.74774,1.585));
#8655 = LINE('',#8656,#8657);
#8656 = CARTESIAN_POINT('',(76.026386,-45.350584,1.585));
#8657 = VECTOR('',#8658,1.);
#8658 = DIRECTION('',(4.243810618672E-02,0.999099097759,0.));
#8659 = ORIENTED_EDGE('',*,*,#8660,.T.);
#8660 = EDGE_CURVE('',#8653,#8661,#8663,.T.);
#8661 = VERTEX_POINT('',#8662);
#8662 = CARTESIAN_POINT('',(76.118754,-43.6062,1.585));
#8663 = LINE('',#8664,#8665);
#8664 = CARTESIAN_POINT('',(76.094469,-43.74774,1.585));
#8665 = VECTOR('',#8666,1.);
#8666 = DIRECTION('',(0.169105869778,0.985597892047,0.));
#8667 = ORIENTED_EDGE('',*,*,#8668,.T.);
#8668 = EDGE_CURVE('',#8661,#8553,#8669,.T.);
#8669 = LINE('',#8670,#8671);
#8670 = CARTESIAN_POINT('',(76.118754,-43.6062,1.585));
#8671 = VECTOR('',#8672,1.);
#8672 = DIRECTION('',(0.541216409381,0.840883344,0.));
#8673 = PLANE('',#8674);
#8674 = AXIS2_PLACEMENT_3D('',#8675,#8676,#8677);
#8675 = CARTESIAN_POINT('',(0.,0.,1.585));
#8676 = DIRECTION('',(0.,0.,1.));
#8677 = DIRECTION('',(1.,0.,-0.));
#8678 = SHELL_BASED_SURFACE_MODEL('',(#8679));
#8679 = OPEN_SHELL('',(#8680));
#8680 = ADVANCED_FACE('',(#8681),#8811,.T.);
#8681 = FACE_BOUND('',#8682,.F.);
#8682 = EDGE_LOOP('',(#8683,#8693,#8701,#8709,#8717,#8725,#8733,#8741,
    #8749,#8757,#8765,#8773,#8781,#8789,#8797,#8805));
#8683 = ORIENTED_EDGE('',*,*,#8684,.T.);
#8684 = EDGE_CURVE('',#8685,#8687,#8689,.T.);
#8685 = VERTEX_POINT('',#8686);
#8686 = CARTESIAN_POINT('',(76.258417,-41.898211,1.585));
#8687 = VERTEX_POINT('',#8688);
#8688 = CARTESIAN_POINT('',(76.389582,-41.809882,1.585));
#8689 = LINE('',#8690,#8691);
#8690 = CARTESIAN_POINT('',(76.258417,-41.898211,1.585));
#8691 = VECTOR('',#8692,1.);
#8692 = DIRECTION('',(0.82945630015,0.558571612366,0.));
#8693 = ORIENTED_EDGE('',*,*,#8694,.T.);
#8694 = EDGE_CURVE('',#8687,#8695,#8697,.T.);
#8695 = VERTEX_POINT('',#8696);
#8696 = CARTESIAN_POINT('',(76.542044,-41.780669,1.585));
#8697 = LINE('',#8698,#8699);
#8698 = CARTESIAN_POINT('',(76.389582,-41.809882,1.585));
#8699 = VECTOR('',#8700,1.);
#8700 = DIRECTION('',(0.98213358983,0.188185046502,0.));
#8701 = ORIENTED_EDGE('',*,*,#8702,.T.);
#8702 = EDGE_CURVE('',#8695,#8703,#8705,.T.);
#8703 = VERTEX_POINT('',#8704);
#8704 = CARTESIAN_POINT('',(76.694192,-41.80994,1.585));
#8705 = LINE('',#8706,#8707);
#8706 = CARTESIAN_POINT('',(76.542044,-41.780669,1.585));
#8707 = VECTOR('',#8708,1.);
#8708 = DIRECTION('',(0.981992357354,-0.188920644978,0.));
#8709 = ORIENTED_EDGE('',*,*,#8710,.T.);
#8710 = EDGE_CURVE('',#8703,#8711,#8713,.T.);
#8711 = VERTEX_POINT('',#8712);
#8712 = CARTESIAN_POINT('',(76.823839,-41.898211,1.585));
#8713 = LINE('',#8714,#8715);
#8714 = CARTESIAN_POINT('',(76.694192,-41.80994,1.585));
#8715 = VECTOR('',#8716,1.);
#8716 = DIRECTION('',(0.826597165061,-0.562794035783,0.));
#8717 = ORIENTED_EDGE('',*,*,#8718,.T.);
#8718 = EDGE_CURVE('',#8711,#8719,#8721,.T.);
#8719 = VERTEX_POINT('',#8720);
#8720 = CARTESIAN_POINT('',(76.912245,-42.027633,1.585));
#8721 = LINE('',#8722,#8723);
#8722 = CARTESIAN_POINT('',(76.823839,-41.898211,1.585));
#8723 = VECTOR('',#8724,1.);
#8724 = DIRECTION('',(0.564049723633,-0.825740824514,0.));
#8725 = ORIENTED_EDGE('',*,*,#8726,.T.);
#8726 = EDGE_CURVE('',#8719,#8727,#8729,.T.);
#8727 = VERTEX_POINT('',#8728);
#8728 = CARTESIAN_POINT('',(76.941687,-42.181228,1.585));
#8729 = LINE('',#8730,#8731);
#8730 = CARTESIAN_POINT('',(76.912245,-42.027633,1.585));
#8731 = VECTOR('',#8732,1.);
#8732 = DIRECTION('',(0.188258489856,-0.98211951462,0.));
#8733 = ORIENTED_EDGE('',*,*,#8734,.T.);
#8734 = EDGE_CURVE('',#8727,#8735,#8737,.T.);
#8735 = VERTEX_POINT('',#8736);
#8736 = CARTESIAN_POINT('',(76.912255,-42.334875,1.585));
#8737 = LINE('',#8738,#8739);
#8738 = CARTESIAN_POINT('',(76.941687,-42.181228,1.585));
#8739 = VECTOR('',#8740,1.);
#8740 = DIRECTION('',(-0.188135374581,-0.982143106085,0.));
#8741 = ORIENTED_EDGE('',*,*,#8742,.T.);
#8742 = EDGE_CURVE('',#8735,#8743,#8745,.T.);
#8743 = VERTEX_POINT('',#8744);
#8744 = CARTESIAN_POINT('',(76.823839,-42.464549,1.585));
#8745 = LINE('',#8746,#8747);
#8746 = CARTESIAN_POINT('',(76.912255,-42.334875,1.585));
#8747 = VECTOR('',#8748,1.);
#8748 = DIRECTION('',(-0.56334512827,-0.826221681181,0.));
#8749 = ORIENTED_EDGE('',*,*,#8750,.T.);
#8750 = EDGE_CURVE('',#8743,#8751,#8753,.T.);
#8751 = VERTEX_POINT('',#8752);
#8752 = CARTESIAN_POINT('',(76.694216,-42.552581,1.585));
#8753 = LINE('',#8754,#8755);
#8754 = CARTESIAN_POINT('',(76.823839,-42.464549,1.585));
#8755 = VECTOR('',#8756,1.);
#8756 = DIRECTION('',(-0.827257658433,-0.561822718092,0.));
#8757 = ORIENTED_EDGE('',*,*,#8758,.T.);
#8758 = EDGE_CURVE('',#8751,#8759,#8761,.T.);
#8759 = VERTEX_POINT('',#8760);
#8760 = CARTESIAN_POINT('',(76.542044,-42.581786,1.585));
#8761 = LINE('',#8762,#8763);
#8762 = CARTESIAN_POINT('',(76.694216,-42.552581,1.585));
#8763 = VECTOR('',#8764,1.);
#8764 = DIRECTION('',(-0.98207680811,-0.188481147523,0.));
#8765 = ORIENTED_EDGE('',*,*,#8766,.T.);
#8766 = EDGE_CURVE('',#8759,#8767,#8769,.T.);
#8767 = VERTEX_POINT('',#8768);
#8768 = CARTESIAN_POINT('',(76.389558,-42.55264,1.585));
#8769 = LINE('',#8770,#8771);
#8770 = CARTESIAN_POINT('',(76.542044,-42.581786,1.585));
#8771 = VECTOR('',#8772,1.);
#8772 = DIRECTION('',(-0.982218728101,0.187740166633,0.));
#8773 = ORIENTED_EDGE('',*,*,#8774,.T.);
#8774 = EDGE_CURVE('',#8767,#8775,#8777,.T.);
#8775 = VERTEX_POINT('',#8776);
#8776 = CARTESIAN_POINT('',(76.258417,-42.464549,1.585));
#8777 = LINE('',#8778,#8779);
#8778 = CARTESIAN_POINT('',(76.389558,-42.55264,1.585));
#8779 = VECTOR('',#8780,1.);
#8780 = DIRECTION('',(-0.830106321616,0.557605142385,0.));
#8781 = ORIENTED_EDGE('',*,*,#8782,.T.);
#8782 = EDGE_CURVE('',#8775,#8783,#8785,.T.);
#8783 = VERTEX_POINT('',#8784);
#8784 = CARTESIAN_POINT('',(76.168806,-42.334756,1.585));
#8785 = LINE('',#8786,#8787);
#8786 = CARTESIAN_POINT('',(76.258417,-42.464549,1.585));
#8787 = VECTOR('',#8788,1.);
#8788 = DIRECTION('',(-0.568156471919,0.82292054502,0.));
#8789 = ORIENTED_EDGE('',*,*,#8790,.T.);
#8790 = EDGE_CURVE('',#8783,#8791,#8793,.T.);
#8791 = VERTEX_POINT('',#8792);
#8792 = CARTESIAN_POINT('',(76.139043,-42.181228,1.585));
#8793 = LINE('',#8794,#8795);
#8794 = CARTESIAN_POINT('',(76.168806,-42.334756,1.585));
#8795 = VECTOR('',#8796,1.);
#8796 = DIRECTION('',(-0.190317150901,0.981722660466,0.));
#8797 = ORIENTED_EDGE('',*,*,#8798,.T.);
#8798 = EDGE_CURVE('',#8791,#8799,#8801,.T.);
#8799 = VERTEX_POINT('',#8800);
#8800 = CARTESIAN_POINT('',(76.168816,-42.027752,1.585));
#8801 = LINE('',#8802,#8803);
#8802 = CARTESIAN_POINT('',(76.139043,-42.181228,1.585));
#8803 = VECTOR('',#8804,1.);
#8804 = DIRECTION('',(0.190440942103,0.981698654156,0.));
#8805 = ORIENTED_EDGE('',*,*,#8806,.T.);
#8806 = EDGE_CURVE('',#8799,#8685,#8807,.T.);
#8807 = LINE('',#8808,#8809);
#8808 = CARTESIAN_POINT('',(76.168816,-42.027752,1.585));
#8809 = VECTOR('',#8810,1.);
#8810 = DIRECTION('',(0.568861300839,0.822433474761,0.));
#8811 = PLANE('',#8812);
#8812 = AXIS2_PLACEMENT_3D('',#8813,#8814,#8815);
#8813 = CARTESIAN_POINT('',(0.,0.,1.585));
#8814 = DIRECTION('',(0.,0.,1.));
#8815 = DIRECTION('',(1.,0.,-0.));
#8816 = ( GEOMETRIC_REPRESENTATION_CONTEXT(3) 
GLOBAL_UNCERTAINTY_ASSIGNED_CONTEXT((#8820)) 
GLOBAL_UNIT_ASSIGNED_CONTEXT((#8817,#8818,#8819)) REPRESENTATION_CONTEXT
('Context #1','3D Context with UNIT and UNCERTAINTY') );
#8817 = ( LENGTH_UNIT() NAMED_UNIT(*) SI_UNIT(.MILLI.,.METRE.) );
#8818 = ( NAMED_UNIT(*) PLANE_ANGLE_UNIT() SI_UNIT($,.RADIAN.) );
#8819 = ( NAMED_UNIT(*) SI_UNIT($,.STERADIAN.) SOLID_ANGLE_UNIT() );
#8820 = UNCERTAINTY_MEASURE_WITH_UNIT(LENGTH_MEASURE(1.E-07),#8817,
  'distance_accuracy_value','confusion accuracy');
#8821 = CONTEXT_DEPENDENT_SHAPE_REPRESENTATION(#8822,#8824);
#8822 = ( REPRESENTATION_RELATIONSHIP('','',#2267,#10) 
REPRESENTATION_RELATIONSHIP_WITH_TRANSFORMATION(#8823) 
SHAPE_REPRESENTATION_RELATIONSHIP() );
#8823 = ITEM_DEFINED_TRANSFORMATION('','',#11,#19);
#8824 = PRODUCT_DEFINITION_SHAPE('Placement','Placement of an item',
  #8825);
#8825 = NEXT_ASSEMBLY_USAGE_OCCURRENCE('2','=>[0:1:1:3]','',#5,#2262,$);
#8826 = PRODUCT_RELATED_PRODUCT_CATEGORY('part',$,(#2264));
#8827 = SHAPE_DEFINITION_REPRESENTATION(#8828,#8834);
#8828 = PRODUCT_DEFINITION_SHAPE('','',#8829);
#8829 = PRODUCT_DEFINITION('design','',#8830,#8833);
#8830 = PRODUCT_DEFINITION_FORMATION('','',#8831);
#8831 = PRODUCT('Light_Commander_panel_soldermask',
  'Light_Commander_panel_soldermask','',(#8832));
#8832 = PRODUCT_CONTEXT('',#2,'mechanical');
#8833 = PRODUCT_DEFINITION_CONTEXT('part definition',#2,'design');
#8834 = SHAPE_REPRESENTATION('',(#11,#8835,#9023,#9210,#9405,#9600,#9706
    ),#15768);
#8835 = SHELL_BASED_SURFACE_MODEL('',(#8836));
#8836 = OPEN_SHELL('',(#8837));
#8837 = ADVANCED_FACE('',(#8838),#9018,.T.);
#8838 = FACE_BOUND('',#8839,.F.);
#8839 = EDGE_LOOP('',(#8840,#8851,#8859,#8867,#8875,#8883,#8891,#8899,
    #8907,#8915,#8923,#8931,#8939,#8947,#8956,#8964,#8972,#8980,#8988,
    #8996,#9004,#9012));
#8840 = ORIENTED_EDGE('',*,*,#8841,.T.);
#8841 = EDGE_CURVE('',#8842,#8844,#8846,.T.);
#8842 = VERTEX_POINT('',#8843);
#8843 = CARTESIAN_POINT('',(80.974955,-82.941589,1.56));
#8844 = VERTEX_POINT('',#8845);
#8845 = CARTESIAN_POINT('',(81.718048,-82.847906,1.56));
#8846 = CIRCLE('',#8847,1.503579883845);
#8847 = AXIS2_PLACEMENT_3D('',#8848,#8849,#8850);
#8848 = CARTESIAN_POINT('',(81.528645020289,-84.33950882192,1.56));
#8849 = DIRECTION('',(0.,0.,-1.));
#8850 = DIRECTION('',(-0.368247823902,0.929727669907,0.));
#8851 = ORIENTED_EDGE('',*,*,#8852,.T.);
#8852 = EDGE_CURVE('',#8844,#8853,#8855,.T.);
#8853 = VERTEX_POINT('',#8854);
#8854 = CARTESIAN_POINT('',(81.867105,-82.882423,1.56));
#8855 = LINE('',#8856,#8857);
#8856 = CARTESIAN_POINT('',(81.718048,-82.847906,1.56));
#8857 = VECTOR('',#8858,1.);
#8858 = DIRECTION('',(0.974220173842,-0.225599319324,0.));
#8859 = ORIENTED_EDGE('',*,*,#8860,.T.);
#8860 = EDGE_CURVE('',#8853,#8861,#8863,.T.);
#8861 = VERTEX_POINT('',#8862);
#8862 = CARTESIAN_POINT('',(82.01004,-82.939777,1.56));
#8863 = LINE('',#8864,#8865);
#8864 = CARTESIAN_POINT('',(81.867105,-82.882423,1.56));
#8865 = VECTOR('',#8866,1.);
#8866 = DIRECTION('',(0.928073132095,-0.372397988024,0.));
#8867 = ORIENTED_EDGE('',*,*,#8868,.T.);
#8868 = EDGE_CURVE('',#8861,#8869,#8871,.T.);
#8869 = VERTEX_POINT('',#8870);
#8870 = CARTESIAN_POINT('',(82.150427,-83.022862,1.56));
#8871 = LINE('',#8872,#8873);
#8872 = CARTESIAN_POINT('',(82.01004,-82.939777,1.56));
#8873 = VECTOR('',#8874,1.);
#8874 = DIRECTION('',(0.860579863174,-0.509315520182,0.));
#8875 = ORIENTED_EDGE('',*,*,#8876,.T.);
#8876 = EDGE_CURVE('',#8869,#8877,#8879,.T.);
#8877 = VERTEX_POINT('',#8878);
#8878 = CARTESIAN_POINT('',(82.064227,-83.681242,1.56));
#8879 = LINE('',#8880,#8881);
#8880 = CARTESIAN_POINT('',(82.150427,-83.022862,1.56));
#8881 = VECTOR('',#8882,1.);
#8882 = DIRECTION('',(-0.129819473739,-0.991537646405,0.));
#8883 = ORIENTED_EDGE('',*,*,#8884,.T.);
#8884 = EDGE_CURVE('',#8877,#8885,#8887,.T.);
#8885 = VERTEX_POINT('',#8886);
#8886 = CARTESIAN_POINT('',(81.996859,-84.059673,1.56));
#8887 = LINE('',#8888,#8889);
#8888 = CARTESIAN_POINT('',(82.064227,-83.681242,1.56));
#8889 = VECTOR('',#8890,1.);
#8890 = DIRECTION('',(-0.175263774072,-0.984521512969,0.));
#8891 = ORIENTED_EDGE('',*,*,#8892,.T.);
#8892 = EDGE_CURVE('',#8885,#8893,#8895,.T.);
#8893 = VERTEX_POINT('',#8894);
#8894 = CARTESIAN_POINT('',(81.945503,-84.259496,1.56));
#8895 = LINE('',#8896,#8897);
#8896 = CARTESIAN_POINT('',(81.996859,-84.059673,1.56));
#8897 = VECTOR('',#8898,1.);
#8898 = DIRECTION('',(-0.248918027918,-0.968524555898,0.));
#8899 = ORIENTED_EDGE('',*,*,#8900,.T.);
#8900 = EDGE_CURVE('',#8893,#8901,#8903,.T.);
#8901 = VERTEX_POINT('',#8902);
#8902 = CARTESIAN_POINT('',(81.837706,-84.469865,1.56));
#8903 = LINE('',#8904,#8905);
#8904 = CARTESIAN_POINT('',(81.945503,-84.259496,1.56));
#8905 = VECTOR('',#8906,1.);
#8906 = DIRECTION('',(-0.456033455156,-0.889962632799,0.));
#8907 = ORIENTED_EDGE('',*,*,#8908,.T.);
#8908 = EDGE_CURVE('',#8901,#8909,#8911,.T.);
#8909 = VERTEX_POINT('',#8910);
#8910 = CARTESIAN_POINT('',(81.661941,-84.695621,1.56));
#8911 = LINE('',#8912,#8913);
#8912 = CARTESIAN_POINT('',(81.837706,-84.469865,1.56));
#8913 = VECTOR('',#8914,1.);
#8914 = DIRECTION('',(-0.614326002191,-0.789052319578,0.));
#8915 = ORIENTED_EDGE('',*,*,#8916,.T.);
#8916 = EDGE_CURVE('',#8909,#8917,#8919,.T.);
#8917 = VERTEX_POINT('',#8918);
#8918 = CARTESIAN_POINT('',(81.42948,-84.898983,1.56));
#8919 = LINE('',#8920,#8921);
#8920 = CARTESIAN_POINT('',(81.661941,-84.695621,1.56));
#8921 = VECTOR('',#8922,1.);
#8922 = DIRECTION('',(-0.75264307842,-0.65842873305,0.));
#8923 = ORIENTED_EDGE('',*,*,#8924,.T.);
#8924 = EDGE_CURVE('',#8917,#8925,#8927,.T.);
#8925 = VERTEX_POINT('',#8926);
#8926 = CARTESIAN_POINT('',(81.209061,-85.009337,1.56));
#8927 = LINE('',#8928,#8929);
#8928 = CARTESIAN_POINT('',(81.42948,-84.898983,1.56));
#8929 = VECTOR('',#8930,1.);
#8930 = DIRECTION('',(-0.894192585859,-0.447682498423,0.));
#8931 = ORIENTED_EDGE('',*,*,#8932,.T.);
#8932 = EDGE_CURVE('',#8925,#8933,#8935,.T.);
#8933 = VERTEX_POINT('',#8934);
#8934 = CARTESIAN_POINT('',(80.992716,-85.044277,1.56));
#8935 = LINE('',#8936,#8937);
#8936 = CARTESIAN_POINT('',(81.209061,-85.009337,1.56));
#8937 = VECTOR('',#8938,1.);
#8938 = DIRECTION('',(-0.987208357367,-0.159435438796,0.));
#8939 = ORIENTED_EDGE('',*,*,#8940,.T.);
#8940 = EDGE_CURVE('',#8933,#8941,#8943,.T.);
#8941 = VERTEX_POINT('',#8942);
#8942 = CARTESIAN_POINT('',(80.752235,-85.016827,1.56));
#8943 = LINE('',#8944,#8945);
#8944 = CARTESIAN_POINT('',(80.992716,-85.044277,1.56));
#8945 = VECTOR('',#8946,1.);
#8946 = DIRECTION('',(-0.993548297038,0.113409794344,0.));
#8947 = ORIENTED_EDGE('',*,*,#8948,.T.);
#8948 = EDGE_CURVE('',#8941,#8949,#8951,.T.);
#8949 = VERTEX_POINT('',#8950);
#8950 = CARTESIAN_POINT('',(80.330672,-84.661356,1.56));
#8951 = CIRCLE('',#8952,0.602972700753);
#8952 = AXIS2_PLACEMENT_3D('',#8953,#8954,#8955);
#8953 = CARTESIAN_POINT('',(80.887134924163,-84.42913823176,1.56));
#8954 = DIRECTION('',(0.,0.,-1.));
#8955 = DIRECTION('',(-0.223724762322,-0.974652364038,-0.));
#8956 = ORIENTED_EDGE('',*,*,#8957,.T.);
#8957 = EDGE_CURVE('',#8949,#8958,#8960,.T.);
#8958 = VERTEX_POINT('',#8959);
#8959 = CARTESIAN_POINT('',(80.265637,-84.444819,1.56));
#8960 = LINE('',#8961,#8962);
#8961 = CARTESIAN_POINT('',(80.330672,-84.661356,1.56));
#8962 = VECTOR('',#8963,1.);
#8963 = DIRECTION('',(-0.287647740617,0.957736277541,0.));
#8964 = ORIENTED_EDGE('',*,*,#8965,.T.);
#8965 = EDGE_CURVE('',#8958,#8966,#8968,.T.);
#8966 = VERTEX_POINT('',#8967);
#8967 = CARTESIAN_POINT('',(80.241364,-84.154317,1.56));
#8968 = LINE('',#8969,#8970);
#8969 = CARTESIAN_POINT('',(80.265637,-84.444819,1.56));
#8970 = VECTOR('',#8971,1.);
#8971 = DIRECTION('',(-8.326521035281E-02,0.996527422977,0.));
#8972 = ORIENTED_EDGE('',*,*,#8973,.T.);
#8973 = EDGE_CURVE('',#8966,#8974,#8976,.T.);
#8974 = VERTEX_POINT('',#8975);
#8975 = CARTESIAN_POINT('',(80.262673,-83.879084,1.56));
#8976 = LINE('',#8977,#8978);
#8977 = CARTESIAN_POINT('',(80.241364,-84.154317,1.56));
#8978 = VECTOR('',#8979,1.);
#8979 = DIRECTION('',(7.719067616813E-02,0.997016348669,0.));
#8980 = ORIENTED_EDGE('',*,*,#8981,.T.);
#8981 = EDGE_CURVE('',#8974,#8982,#8984,.T.);
#8982 = VERTEX_POINT('',#8983);
#8983 = CARTESIAN_POINT('',(80.323756,-83.638067,1.56));
#8984 = LINE('',#8985,#8986);
#8985 = CARTESIAN_POINT('',(80.262673,-83.879084,1.56));
#8986 = VECTOR('',#8987,1.);
#8987 = DIRECTION('',(0.245671461259,0.969353151913,0.));
#8988 = ORIENTED_EDGE('',*,*,#8989,.T.);
#8989 = EDGE_CURVE('',#8982,#8990,#8992,.T.);
#8990 = VERTEX_POINT('',#8991);
#8991 = CARTESIAN_POINT('',(80.422337,-83.425485,1.56));
#8992 = LINE('',#8993,#8994);
#8993 = CARTESIAN_POINT('',(80.323756,-83.638067,1.56));
#8994 = VECTOR('',#8995,1.);
#8995 = DIRECTION('',(0.42069774628,0.907200863246,0.));
#8996 = ORIENTED_EDGE('',*,*,#8997,.T.);
#8997 = EDGE_CURVE('',#8990,#8998,#9000,.T.);
#8998 = VERTEX_POINT('',#8999);
#8999 = CARTESIAN_POINT('',(80.558879,-83.23688,1.56));
#9000 = LINE('',#9001,#9002);
#9001 = CARTESIAN_POINT('',(80.422337,-83.425485,1.56));
#9002 = VECTOR('',#9003,1.);
#9003 = DIRECTION('',(0.586413919848,0.810011552145,0.));
#9004 = ORIENTED_EDGE('',*,*,#9005,.T.);
#9005 = EDGE_CURVE('',#8998,#9006,#9008,.T.);
#9006 = VERTEX_POINT('',#9007);
#9007 = CARTESIAN_POINT('',(80.749306,-83.065584,1.56));
#9008 = LINE('',#9009,#9010);
#9009 = CARTESIAN_POINT('',(80.558879,-83.23688,1.56));
#9010 = VECTOR('',#9011,1.);
#9011 = DIRECTION('',(0.743465540055,0.668774244982,0.));
#9012 = ORIENTED_EDGE('',*,*,#9013,.T.);
#9013 = EDGE_CURVE('',#9006,#8842,#9014,.T.);
#9014 = LINE('',#9015,#9016);
#9015 = CARTESIAN_POINT('',(80.749306,-83.065584,1.56));
#9016 = VECTOR('',#9017,1.);
#9017 = DIRECTION('',(0.876399447226,0.481584892726,0.));
#9018 = PLANE('',#9019);
#9019 = AXIS2_PLACEMENT_3D('',#9020,#9021,#9022);
#9020 = CARTESIAN_POINT('',(0.,0.,1.56));
#9021 = DIRECTION('',(0.,0.,1.));
#9022 = DIRECTION('',(1.,0.,-0.));
#9023 = SHELL_BASED_SURFACE_MODEL('',(#9024));
#9024 = OPEN_SHELL('',(#9025));
#9025 = ADVANCED_FACE('',(#9026),#9205,.T.);
#9026 = FACE_BOUND('',#9027,.F.);
#9027 = EDGE_LOOP('',(#9028,#9039,#9047,#9055,#9063,#9071,#9079,#9087,
    #9095,#9103,#9111,#9119,#9127,#9135,#9143,#9151,#9159,#9167,#9175,
    #9183,#9191,#9199));
#9028 = ORIENTED_EDGE('',*,*,#9029,.T.);
#9029 = EDGE_CURVE('',#9030,#9032,#9034,.T.);
#9030 = VERTEX_POINT('',#9031);
#9031 = CARTESIAN_POINT('',(112.099663,-82.9178,1.56));
#9032 = VERTEX_POINT('',#9033);
#9033 = CARTESIAN_POINT('',(112.806263,-82.680006,1.56));
#9034 = CIRCLE('',#9035,1.142241578688);
#9035 = AXIS2_PLACEMENT_3D('',#9036,#9037,#9038);
#9036 = CARTESIAN_POINT('',(112.79734017695,-83.82221272704,1.56));
#9037 = DIRECTION('',(0.,0.,-1.));
#9038 = DIRECTION('',(-0.610796516226,0.791787607737,0.));
#9039 = ORIENTED_EDGE('',*,*,#9040,.T.);
#9040 = EDGE_CURVE('',#9032,#9041,#9043,.T.);
#9041 = VERTEX_POINT('',#9042);
#9042 = CARTESIAN_POINT('',(112.951282,-82.710842,1.56));
#9043 = LINE('',#9044,#9045);
#9044 = CARTESIAN_POINT('',(112.806263,-82.680006,1.56));
#9045 = VECTOR('',#9046,1.);
#9046 = DIRECTION('',(0.97813215283,-0.20798435422,0.));
#9047 = ORIENTED_EDGE('',*,*,#9048,.T.);
#9048 = EDGE_CURVE('',#9041,#9049,#9051,.T.);
#9049 = VERTEX_POINT('',#9050);
#9050 = CARTESIAN_POINT('',(113.168353,-82.806097,1.56));
#9051 = LINE('',#9052,#9053);
#9052 = CARTESIAN_POINT('',(112.951282,-82.710842,1.56));
#9053 = VECTOR('',#9054,1.);
#9054 = DIRECTION('',(0.915713056944,-0.401832797744,0.));
#9055 = ORIENTED_EDGE('',*,*,#9056,.T.);
#9056 = EDGE_CURVE('',#9049,#9057,#9059,.T.);
#9057 = VERTEX_POINT('',#9058);
#9058 = CARTESIAN_POINT('',(113.111871,-83.172156,1.56));
#9059 = LINE('',#9060,#9061);
#9060 = CARTESIAN_POINT('',(113.168353,-82.806097,1.56));
#9061 = VECTOR('',#9062,1.);
#9062 = DIRECTION('',(-0.152492953428,-0.988304557894,0.));
#9063 = ORIENTED_EDGE('',*,*,#9064,.T.);
#9064 = EDGE_CURVE('',#9057,#9065,#9067,.T.);
#9065 = VERTEX_POINT('',#9066);
#9066 = CARTESIAN_POINT('',(113.093248,-83.490282,1.56));
#9067 = LINE('',#9068,#9069);
#9068 = CARTESIAN_POINT('',(113.111871,-83.172156,1.56));
#9069 = VECTOR('',#9070,1.);
#9070 = DIRECTION('',(-5.843965043735E-02,-0.998290943191,0.));
#9071 = ORIENTED_EDGE('',*,*,#9072,.T.);
#9072 = EDGE_CURVE('',#9065,#9073,#9075,.T.);
#9073 = VERTEX_POINT('',#9074);
#9074 = CARTESIAN_POINT('',(113.116087,-83.995981,1.56));
#9075 = LINE('',#9076,#9077);
#9076 = CARTESIAN_POINT('',(113.093248,-83.490282,1.56));
#9077 = VECTOR('',#9078,1.);
#9078 = DIRECTION('',(4.51172397424E-02,-0.99898169887,0.));
#9079 = ORIENTED_EDGE('',*,*,#9080,.T.);
#9080 = EDGE_CURVE('',#9073,#9081,#9083,.T.);
#9081 = VERTEX_POINT('',#9082);
#9082 = CARTESIAN_POINT('',(113.202547,-84.842166,1.56));
#9083 = LINE('',#9084,#9085);
#9084 = CARTESIAN_POINT('',(113.116087,-83.995981,1.56));
#9085 = VECTOR('',#9086,1.);
#9086 = DIRECTION('',(0.101647019122,-0.994820528288,0.));
#9087 = ORIENTED_EDGE('',*,*,#9088,.T.);
#9088 = EDGE_CURVE('',#9081,#9089,#9091,.T.);
#9089 = VERTEX_POINT('',#9090);
#9090 = CARTESIAN_POINT('',(112.989228,-85.01593,1.56));
#9091 = LINE('',#9092,#9093);
#9092 = CARTESIAN_POINT('',(113.202547,-84.842166,1.56));
#9093 = VECTOR('',#9094,1.);
#9094 = DIRECTION('',(-0.775326606125,-0.631560491033,0.));
#9095 = ORIENTED_EDGE('',*,*,#9096,.T.);
#9096 = EDGE_CURVE('',#9089,#9097,#9099,.T.);
#9097 = VERTEX_POINT('',#9098);
#9098 = CARTESIAN_POINT('',(112.857554,-85.101064,1.56));
#9099 = LINE('',#9100,#9101);
#9100 = CARTESIAN_POINT('',(112.989228,-85.01593,1.56));
#9101 = VECTOR('',#9102,1.);
#9102 = DIRECTION('',(-0.839764480301,-0.542950842733,0.));
#9103 = ORIENTED_EDGE('',*,*,#9104,.T.);
#9104 = EDGE_CURVE('',#9097,#9105,#9107,.T.);
#9105 = VERTEX_POINT('',#9106);
#9106 = CARTESIAN_POINT('',(112.612572,-85.188514,1.56));
#9107 = LINE('',#9108,#9109);
#9108 = CARTESIAN_POINT('',(112.857554,-85.101064,1.56));
#9109 = VECTOR('',#9110,1.);
#9110 = DIRECTION('',(-0.941794955297,-0.33618783764,0.));
#9111 = ORIENTED_EDGE('',*,*,#9112,.T.);
#9112 = EDGE_CURVE('',#9105,#9113,#9115,.T.);
#9113 = VERTEX_POINT('',#9114);
#9114 = CARTESIAN_POINT('',(112.300985,-85.220132,1.56));
#9115 = LINE('',#9116,#9117);
#9116 = CARTESIAN_POINT('',(112.612572,-85.188514,1.56));
#9117 = VECTOR('',#9118,1.);
#9118 = DIRECTION('',(-0.99489092924,-0.100955628446,0.));
#9119 = ORIENTED_EDGE('',*,*,#9120,.T.);
#9120 = EDGE_CURVE('',#9113,#9121,#9123,.T.);
#9121 = VERTEX_POINT('',#9122);
#9122 = CARTESIAN_POINT('',(112.051147,-85.186923,1.56));
#9123 = LINE('',#9124,#9125);
#9124 = CARTESIAN_POINT('',(112.300985,-85.220132,1.56));
#9125 = VECTOR('',#9126,1.);
#9126 = DIRECTION('',(-0.991281219071,0.13176321458,0.));
#9127 = ORIENTED_EDGE('',*,*,#9128,.T.);
#9128 = EDGE_CURVE('',#9121,#9129,#9131,.T.);
#9129 = VERTEX_POINT('',#9130);
#9130 = CARTESIAN_POINT('',(111.857603,-85.093938,1.56));
#9131 = LINE('',#9132,#9133);
#9132 = CARTESIAN_POINT('',(112.051147,-85.186923,1.56));
#9133 = VECTOR('',#9134,1.);
#9134 = DIRECTION('',(-0.901370604352,0.433048534936,0.));
#9135 = ORIENTED_EDGE('',*,*,#9136,.T.);
#9136 = EDGE_CURVE('',#9129,#9137,#9139,.T.);
#9137 = VERTEX_POINT('',#9138);
#9138 = CARTESIAN_POINT('',(111.706559,-84.941085,1.56));
#9139 = LINE('',#9140,#9141);
#9140 = CARTESIAN_POINT('',(111.857603,-85.093938,1.56));
#9141 = VECTOR('',#9142,1.);
#9142 = DIRECTION('',(-0.702885151477,0.711303355702,0.));
#9143 = ORIENTED_EDGE('',*,*,#9144,.T.);
#9144 = EDGE_CURVE('',#9137,#9145,#9147,.T.);
#9145 = VERTEX_POINT('',#9146);
#9146 = CARTESIAN_POINT('',(111.603906,-84.744142,1.56));
#9147 = LINE('',#9148,#9149);
#9148 = CARTESIAN_POINT('',(111.706559,-84.941085,1.56));
#9149 = VECTOR('',#9150,1.);
#9150 = DIRECTION('',(-0.462212507052,0.886769191123,0.));
#9151 = ORIENTED_EDGE('',*,*,#9152,.T.);
#9152 = EDGE_CURVE('',#9145,#9153,#9155,.T.);
#9153 = VERTEX_POINT('',#9154);
#9154 = CARTESIAN_POINT('',(111.534586,-84.472339,1.56));
#9155 = LINE('',#9156,#9157);
#9156 = CARTESIAN_POINT('',(111.603906,-84.744142,1.56));
#9157 = VECTOR('',#9158,1.);
#9158 = DIRECTION('',(-0.247127167305,0.968983056188,0.));
#9159 = ORIENTED_EDGE('',*,*,#9160,.T.);
#9160 = EDGE_CURVE('',#9153,#9161,#9163,.T.);
#9161 = VERTEX_POINT('',#9162);
#9162 = CARTESIAN_POINT('',(111.508417,-84.103332,1.56));
#9163 = LINE('',#9164,#9165);
#9164 = CARTESIAN_POINT('',(111.534586,-84.472339,1.56));
#9165 = VECTOR('',#9166,1.);
#9166 = DIRECTION('',(-7.073969242344E-02,0.997494809969,0.));
#9167 = ORIENTED_EDGE('',*,*,#9168,.T.);
#9168 = EDGE_CURVE('',#9161,#9169,#9171,.T.);
#9169 = VERTEX_POINT('',#9170);
#9170 = CARTESIAN_POINT('',(111.532571,-83.829815,1.56));
#9171 = LINE('',#9172,#9173);
#9172 = CARTESIAN_POINT('',(111.508417,-84.103332,1.56));
#9173 = VECTOR('',#9174,1.);
#9174 = DIRECTION('',(8.79666169367E-02,0.996123423229,0.));
#9175 = ORIENTED_EDGE('',*,*,#9176,.T.);
#9176 = EDGE_CURVE('',#9169,#9177,#9179,.T.);
#9177 = VERTEX_POINT('',#9178);
#9178 = CARTESIAN_POINT('',(111.603775,-83.576026,1.56));
#9179 = LINE('',#9180,#9181);
#9180 = CARTESIAN_POINT('',(111.532571,-83.829815,1.56));
#9181 = VECTOR('',#9182,1.);
#9182 = DIRECTION('',(0.270133241719,0.96282294931,0.));
#9183 = ORIENTED_EDGE('',*,*,#9184,.T.);
#9184 = EDGE_CURVE('',#9177,#9185,#9187,.T.);
#9185 = VERTEX_POINT('',#9186);
#9186 = CARTESIAN_POINT('',(111.722534,-83.33747,1.56));
#9187 = LINE('',#9188,#9189);
#9188 = CARTESIAN_POINT('',(111.603775,-83.576026,1.56));
#9189 = VECTOR('',#9190,1.);
#9190 = DIRECTION('',(0.44565483809,0.89520487336,0.));
#9191 = ORIENTED_EDGE('',*,*,#9192,.T.);
#9192 = EDGE_CURVE('',#9185,#9193,#9195,.T.);
#9193 = VERTEX_POINT('',#9194);
#9194 = CARTESIAN_POINT('',(111.892489,-83.11079,1.56));
#9195 = LINE('',#9196,#9197);
#9196 = CARTESIAN_POINT('',(111.722534,-83.33747,1.56));
#9197 = VECTOR('',#9198,1.);
#9198 = DIRECTION('',(0.599875750309,0.800093172194,0.));
#9199 = ORIENTED_EDGE('',*,*,#9200,.T.);
#9200 = EDGE_CURVE('',#9193,#9030,#9201,.T.);
#9201 = LINE('',#9202,#9203);
#9202 = CARTESIAN_POINT('',(111.892489,-83.11079,1.56));
#9203 = VECTOR('',#9204,1.);
#9204 = DIRECTION('',(0.731711001845,0.68161500114,0.));
#9205 = PLANE('',#9206);
#9206 = AXIS2_PLACEMENT_3D('',#9207,#9208,#9209);
#9207 = CARTESIAN_POINT('',(0.,0.,1.56));
#9208 = DIRECTION('',(0.,0.,1.));
#9209 = DIRECTION('',(1.,0.,-0.));
#9210 = SHELL_BASED_SURFACE_MODEL('',(#9211));
#9211 = OPEN_SHELL('',(#9212));
#9212 = ADVANCED_FACE('',(#9213),#9400,.T.);
#9213 = FACE_BOUND('',#9214,.F.);
#9214 = EDGE_LOOP('',(#9215,#9225,#9233,#9241,#9249,#9257,#9265,#9273,
    #9281,#9289,#9297,#9305,#9313,#9322,#9330,#9338,#9346,#9354,#9362,
    #9370,#9378,#9386,#9394));
#9215 = ORIENTED_EDGE('',*,*,#9216,.T.);
#9216 = EDGE_CURVE('',#9217,#9219,#9221,.T.);
#9217 = VERTEX_POINT('',#9218);
#9218 = CARTESIAN_POINT('',(97.628902,-82.911714,1.56));
#9219 = VERTEX_POINT('',#9220);
#9220 = CARTESIAN_POINT('',(97.833389,-82.825613,1.56));
#9221 = LINE('',#9222,#9223);
#9222 = CARTESIAN_POINT('',(97.628902,-82.911714,1.56));
#9223 = VECTOR('',#9224,1.);
#9224 = DIRECTION('',(0.921633423838,0.388061634363,0.));
#9225 = ORIENTED_EDGE('',*,*,#9226,.T.);
#9226 = EDGE_CURVE('',#9219,#9227,#9229,.T.);
#9227 = VERTEX_POINT('',#9228);
#9228 = CARTESIAN_POINT('',(98.06987,-82.797243,1.56));
#9229 = LINE('',#9230,#9231);
#9230 = CARTESIAN_POINT('',(97.833389,-82.825613,1.56));
#9231 = VECTOR('',#9232,1.);
#9232 = DIRECTION('',(0.992880672308,0.119113267761,0.));
#9233 = ORIENTED_EDGE('',*,*,#9234,.T.);
#9234 = EDGE_CURVE('',#9227,#9235,#9237,.T.);
#9235 = VERTEX_POINT('',#9236);
#9236 = CARTESIAN_POINT('',(98.285461,-82.829684,1.56));
#9237 = LINE('',#9238,#9239);
#9238 = CARTESIAN_POINT('',(98.06987,-82.797243,1.56));
#9239 = VECTOR('',#9240,1.);
#9240 = DIRECTION('',(0.98886737738,-0.148799563013,0.));
#9241 = ORIENTED_EDGE('',*,*,#9242,.T.);
#9242 = EDGE_CURVE('',#9235,#9243,#9245,.T.);
#9243 = VERTEX_POINT('',#9244);
#9244 = CARTESIAN_POINT('',(98.456699,-82.920286,1.56));
#9245 = LINE('',#9246,#9247);
#9246 = CARTESIAN_POINT('',(98.285461,-82.829684,1.56));
#9247 = VECTOR('',#9248,1.);
#9248 = DIRECTION('',(0.883901896858,-0.467672360452,0.));
#9249 = ORIENTED_EDGE('',*,*,#9250,.T.);
#9250 = EDGE_CURVE('',#9243,#9251,#9253,.T.);
#9251 = VERTEX_POINT('',#9252);
#9252 = CARTESIAN_POINT('',(98.594788,-83.07298,1.56));
#9253 = LINE('',#9254,#9255);
#9254 = CARTESIAN_POINT('',(98.456699,-82.920286,1.56));
#9255 = VECTOR('',#9256,1.);
#9256 = DIRECTION('',(0.670745801156,-0.741687312977,0.));
#9257 = ORIENTED_EDGE('',*,*,#9258,.T.);
#9258 = EDGE_CURVE('',#9251,#9259,#9261,.T.);
#9259 = VERTEX_POINT('',#9260);
#9260 = CARTESIAN_POINT('',(98.701722,-83.304955,1.56));
#9261 = LINE('',#9262,#9263);
#9262 = CARTESIAN_POINT('',(98.594788,-83.07298,1.56));
#9263 = VECTOR('',#9264,1.);
#9264 = DIRECTION('',(0.418634102188,-0.908154991444,0.));
#9265 = ORIENTED_EDGE('',*,*,#9266,.T.);
#9266 = EDGE_CURVE('',#9259,#9267,#9269,.T.);
#9267 = VERTEX_POINT('',#9268);
#9268 = CARTESIAN_POINT('',(98.769912,-83.643776,1.56));
#9269 = LINE('',#9270,#9271);
#9270 = CARTESIAN_POINT('',(98.701722,-83.304955,1.56));
#9271 = VECTOR('',#9272,1.);
#9272 = DIRECTION('',(0.197300614768,-0.980343035581,0.));
#9273 = ORIENTED_EDGE('',*,*,#9274,.T.);
#9274 = EDGE_CURVE('',#9267,#9275,#9277,.T.);
#9275 = VERTEX_POINT('',#9276);
#9276 = CARTESIAN_POINT('',(98.78367,-84.124703,1.56));
#9277 = LINE('',#9278,#9279);
#9278 = CARTESIAN_POINT('',(98.769912,-83.643776,1.56));
#9279 = VECTOR('',#9280,1.);
#9280 = DIRECTION('',(2.859555369563E-02,-0.99959106354,0.));
#9281 = ORIENTED_EDGE('',*,*,#9282,.T.);
#9282 = EDGE_CURVE('',#9275,#9283,#9285,.T.);
#9283 = VERTEX_POINT('',#9284);
#9284 = CARTESIAN_POINT('',(98.739231,-84.438781,1.56));
#9285 = LINE('',#9286,#9287);
#9286 = CARTESIAN_POINT('',(98.78367,-84.124703,1.56));
#9287 = VECTOR('',#9288,1.);
#9288 = DIRECTION('',(-0.140094962957,-0.990138071864,0.));
#9289 = ORIENTED_EDGE('',*,*,#9290,.T.);
#9290 = EDGE_CURVE('',#9283,#9291,#9293,.T.);
#9291 = VERTEX_POINT('',#9292);
#9292 = CARTESIAN_POINT('',(98.635979,-84.693505,1.56));
#9293 = LINE('',#9294,#9295);
#9294 = CARTESIAN_POINT('',(98.739231,-84.438781,1.56));
#9295 = VECTOR('',#9296,1.);
#9296 = DIRECTION('',(-0.375659842043,-0.926757618299,0.));
#9297 = ORIENTED_EDGE('',*,*,#9298,.T.);
#9298 = EDGE_CURVE('',#9291,#9299,#9301,.T.);
#9299 = VERTEX_POINT('',#9300);
#9300 = CARTESIAN_POINT('',(98.476229,-84.901395,1.56));
#9301 = LINE('',#9302,#9303);
#9302 = CARTESIAN_POINT('',(98.635979,-84.693505,1.56));
#9303 = VECTOR('',#9304,1.);
#9304 = DIRECTION('',(-0.609314379145,-0.792928740409,0.));
#9305 = ORIENTED_EDGE('',*,*,#9306,.T.);
#9306 = EDGE_CURVE('',#9299,#9307,#9309,.T.);
#9307 = VERTEX_POINT('',#9308);
#9308 = CARTESIAN_POINT('',(98.292421,-85.047132,1.56));
#9309 = LINE('',#9310,#9311);
#9310 = CARTESIAN_POINT('',(98.476229,-84.901395,1.56));
#9311 = VECTOR('',#9312,1.);
#9312 = DIRECTION('',(-0.783584342258,-0.621285424397,0.));
#9313 = ORIENTED_EDGE('',*,*,#9314,.T.);
#9314 = EDGE_CURVE('',#9307,#9315,#9317,.T.);
#9315 = VERTEX_POINT('',#9316);
#9316 = CARTESIAN_POINT('',(97.671721,-85.136224,1.56));
#9317 = CIRCLE('',#9318,0.820174162074);
#9318 = AXIS2_PLACEMENT_3D('',#9319,#9320,#9321);
#9319 = CARTESIAN_POINT('',(97.874392264374,-84.34148503988,1.56));
#9320 = DIRECTION('',(0.,0.,-1.));
#9321 = DIRECTION('',(0.509682888045,-0.860362338573,0.));
#9322 = ORIENTED_EDGE('',*,*,#9323,.T.);
#9323 = EDGE_CURVE('',#9315,#9324,#9326,.T.);
#9324 = VERTEX_POINT('',#9325);
#9325 = CARTESIAN_POINT('',(97.497168,-85.061178,1.56));
#9326 = LINE('',#9327,#9328);
#9327 = CARTESIAN_POINT('',(97.671721,-85.136224,1.56));
#9328 = VECTOR('',#9329,1.);
#9329 = DIRECTION('',(-0.918691704773,0.394975380981,0.));
#9330 = ORIENTED_EDGE('',*,*,#9331,.T.);
#9331 = EDGE_CURVE('',#9324,#9332,#9334,.T.);
#9332 = VERTEX_POINT('',#9333);
#9333 = CARTESIAN_POINT('',(97.335615,-84.932231,1.56));
#9334 = LINE('',#9335,#9336);
#9335 = CARTESIAN_POINT('',(97.497168,-85.061178,1.56));
#9336 = VECTOR('',#9337,1.);
#9337 = DIRECTION('',(-0.781565442281,0.623823259771,0.));
#9338 = ORIENTED_EDGE('',*,*,#9339,.T.);
#9339 = EDGE_CURVE('',#9332,#9340,#9342,.T.);
#9340 = VERTEX_POINT('',#9341);
#9341 = CARTESIAN_POINT('',(97.19022,-84.731822,1.56));
#9342 = LINE('',#9343,#9344);
#9343 = CARTESIAN_POINT('',(97.335615,-84.932231,1.56));
#9344 = VECTOR('',#9345,1.);
#9345 = DIRECTION('',(-0.587228237802,0.809421396263,0.));
#9346 = ORIENTED_EDGE('',*,*,#9347,.T.);
#9347 = EDGE_CURVE('',#9340,#9348,#9350,.T.);
#9348 = VERTEX_POINT('',#9349);
#9349 = CARTESIAN_POINT('',(97.098718,-84.479054,1.56));
#9350 = LINE('',#9351,#9352);
#9351 = CARTESIAN_POINT('',(97.19022,-84.731822,1.56));
#9352 = VECTOR('',#9353,1.);
#9353 = DIRECTION('',(-0.340383698813,0.940286625228,0.));
#9354 = ORIENTED_EDGE('',*,*,#9355,.T.);
#9355 = EDGE_CURVE('',#9348,#9356,#9358,.T.);
#9356 = VERTEX_POINT('',#9357);
#9357 = CARTESIAN_POINT('',(97.065727,-84.158897,1.56));
#9358 = LINE('',#9359,#9360);
#9359 = CARTESIAN_POINT('',(97.098718,-84.479054,1.56));
#9360 = VECTOR('',#9361,1.);
#9361 = DIRECTION('',(-0.10250353585,0.994732640029,0.));
#9362 = ORIENTED_EDGE('',*,*,#9363,.T.);
#9363 = EDGE_CURVE('',#9356,#9364,#9366,.T.);
#9364 = VERTEX_POINT('',#9365);
#9365 = CARTESIAN_POINT('',(97.091395,-83.834149,1.56));
#9366 = LINE('',#9367,#9368);
#9367 = CARTESIAN_POINT('',(97.065727,-84.158897,1.56));
#9368 = VECTOR('',#9369,1.);
#9369 = DIRECTION('',(7.879400676941E-02,0.996890919056,0.));
#9370 = ORIENTED_EDGE('',*,*,#9371,.T.);
#9371 = EDGE_CURVE('',#9364,#9372,#9374,.T.);
#9372 = VERTEX_POINT('',#9373);
#9373 = CARTESIAN_POINT('',(97.165881,-83.54183,1.56));
#9374 = LINE('',#9375,#9376);
#9375 = CARTESIAN_POINT('',(97.091395,-83.834149,1.56));
#9376 = VECTOR('',#9377,1.);
#9377 = DIRECTION('',(0.246920636651,0.969035705841,0.));
#9378 = ORIENTED_EDGE('',*,*,#9379,.T.);
#9379 = EDGE_CURVE('',#9372,#9380,#9382,.T.);
#9380 = VERTEX_POINT('',#9381);
#9381 = CARTESIAN_POINT('',(97.287683,-83.276264,1.56));
#9382 = LINE('',#9383,#9384);
#9383 = CARTESIAN_POINT('',(97.165881,-83.54183,1.56));
#9384 = VECTOR('',#9385,1.);
#9385 = DIRECTION('',(0.416892999335,0.908955569379,0.));
#9386 = ORIENTED_EDGE('',*,*,#9387,.T.);
#9387 = EDGE_CURVE('',#9380,#9388,#9390,.T.);
#9388 = VERTEX_POINT('',#9389);
#9389 = CARTESIAN_POINT('',(97.448237,-83.0582,1.56));
#9390 = LINE('',#9391,#9392);
#9391 = CARTESIAN_POINT('',(97.287683,-83.276264,1.56));
#9392 = VECTOR('',#9393,1.);
#9393 = DIRECTION('',(0.59290045391,0.80527576131,0.));
#9394 = ORIENTED_EDGE('',*,*,#9395,.T.);
#9395 = EDGE_CURVE('',#9388,#9217,#9396,.T.);
#9396 = LINE('',#9397,#9398);
#9397 = CARTESIAN_POINT('',(97.448237,-83.0582,1.56));
#9398 = VECTOR('',#9399,1.);
#9399 = DIRECTION('',(0.77675392966,0.629804201922,0.));
#9400 = PLANE('',#9401);
#9401 = AXIS2_PLACEMENT_3D('',#9402,#9403,#9404);
#9402 = CARTESIAN_POINT('',(0.,0.,1.56));
#9403 = DIRECTION('',(0.,0.,1.));
#9404 = DIRECTION('',(1.,0.,-0.));
#9405 = SHELL_BASED_SURFACE_MODEL('',(#9406));
#9406 = OPEN_SHELL('',(#9407));
#9407 = ADVANCED_FACE('',(#9408),#9595,.T.);
#9408 = FACE_BOUND('',#9409,.F.);
#9409 = EDGE_LOOP('',(#9410,#9421,#9429,#9437,#9445,#9453,#9461,#9469,
    #9477,#9485,#9493,#9501,#9509,#9517,#9525,#9533,#9541,#9549,#9557,
    #9565,#9573,#9581,#9589));
#9410 = ORIENTED_EDGE('',*,*,#9411,.T.);
#9411 = EDGE_CURVE('',#9412,#9414,#9416,.T.);
#9412 = VERTEX_POINT('',#9413);
#9413 = CARTESIAN_POINT('',(119.492641,-82.828951,1.56));
#9414 = VERTEX_POINT('',#9415);
#9415 = CARTESIAN_POINT('',(120.293936,-82.7744,1.56));
#9416 = CIRCLE('',#9417,1.367093979332);
#9417 = AXIS2_PLACEMENT_3D('',#9418,#9419,#9420);
#9418 = CARTESIAN_POINT('',(119.98204698881,-84.10544139418,1.56));
#9419 = DIRECTION('',(0.,0.,-1.));
#9420 = DIRECTION('',(-0.357990011083,0.933725415722,0.));
#9421 = ORIENTED_EDGE('',*,*,#9422,.T.);
#9422 = EDGE_CURVE('',#9414,#9423,#9425,.T.);
#9423 = VERTEX_POINT('',#9424);
#9424 = CARTESIAN_POINT('',(120.524947,-82.876011,1.56));
#9425 = LINE('',#9426,#9427);
#9426 = CARTESIAN_POINT('',(120.293936,-82.7744,1.56));
#9427 = VECTOR('',#9428,1.);
#9428 = DIRECTION('',(0.915364454959,-0.402626271618,0.));
#9429 = ORIENTED_EDGE('',*,*,#9430,.T.);
#9430 = EDGE_CURVE('',#9423,#9431,#9433,.T.);
#9431 = VERTEX_POINT('',#9432);
#9432 = CARTESIAN_POINT('',(120.715068,-83.043283,1.56));
#9433 = LINE('',#9434,#9435);
#9434 = CARTESIAN_POINT('',(120.524947,-82.876011,1.56));
#9435 = VECTOR('',#9436,1.);
#9436 = DIRECTION('',(0.750781040646,-0.66055115548,0.));
#9437 = ORIENTED_EDGE('',*,*,#9438,.T.);
#9438 = EDGE_CURVE('',#9431,#9439,#9441,.T.);
#9439 = VERTEX_POINT('',#9440);
#9440 = CARTESIAN_POINT('',(120.870245,-83.288476,1.56));
#9441 = LINE('',#9442,#9443);
#9442 = CARTESIAN_POINT('',(120.715068,-83.043283,1.56));
#9443 = VECTOR('',#9444,1.);
#9444 = DIRECTION('',(0.534776818378,-0.844993345847,0.));
#9445 = ORIENTED_EDGE('',*,*,#9446,.T.);
#9446 = EDGE_CURVE('',#9439,#9447,#9449,.T.);
#9447 = VERTEX_POINT('',#9448);
#9448 = CARTESIAN_POINT('',(120.859865,-84.082266,1.56));
#9449 = LINE('',#9450,#9451);
#9450 = CARTESIAN_POINT('',(120.870245,-83.288476,1.56));
#9451 = VECTOR('',#9452,1.);
#9452 = DIRECTION('',(-1.307538851541E-02,-0.999914513454,0.));
#9453 = ORIENTED_EDGE('',*,*,#9454,.T.);
#9454 = EDGE_CURVE('',#9447,#9455,#9457,.T.);
#9455 = VERTEX_POINT('',#9456);
#9456 = CARTESIAN_POINT('',(120.870245,-84.669364,1.56));
#9457 = LINE('',#9458,#9459);
#9458 = CARTESIAN_POINT('',(120.859865,-84.082266,1.56));
#9459 = VECTOR('',#9460,1.);
#9460 = DIRECTION('',(1.767742019906E-02,-0.999843742199,0.));
#9461 = ORIENTED_EDGE('',*,*,#9462,.T.);
#9462 = EDGE_CURVE('',#9455,#9463,#9465,.T.);
#9463 = VERTEX_POINT('',#9464);
#9464 = CARTESIAN_POINT('',(120.771022,-84.774694,1.56));
#9465 = LINE('',#9466,#9467);
#9466 = CARTESIAN_POINT('',(120.870245,-84.669364,1.56));
#9467 = VECTOR('',#9468,1.);
#9468 = DIRECTION('',(-0.685690341549,-0.727893368225,0.));
#9469 = ORIENTED_EDGE('',*,*,#9470,.T.);
#9470 = EDGE_CURVE('',#9463,#9471,#9473,.T.);
#9471 = VERTEX_POINT('',#9472);
#9472 = CARTESIAN_POINT('',(120.523019,-84.97127,1.56));
#9473 = LINE('',#9474,#9475);
#9474 = CARTESIAN_POINT('',(120.771022,-84.774694,1.56));
#9475 = VECTOR('',#9476,1.);
#9476 = DIRECTION('',(-0.783676160659,-0.621169602617,0.));
#9477 = ORIENTED_EDGE('',*,*,#9478,.T.);
#9478 = EDGE_CURVE('',#9471,#9479,#9481,.T.);
#9479 = VERTEX_POINT('',#9480);
#9480 = CARTESIAN_POINT('',(120.391835,-85.056184,1.56));
#9481 = LINE('',#9482,#9483);
#9482 = CARTESIAN_POINT('',(120.523019,-84.97127,1.56));
#9483 = VECTOR('',#9484,1.);
#9484 = DIRECTION('',(-0.839481898574,-0.543387653491,0.));
#9485 = ORIENTED_EDGE('',*,*,#9486,.T.);
#9486 = EDGE_CURVE('',#9479,#9487,#9489,.T.);
#9487 = VERTEX_POINT('',#9488);
#9488 = CARTESIAN_POINT('',(120.179331,-85.133495,1.56));
#9489 = LINE('',#9490,#9491);
#9490 = CARTESIAN_POINT('',(120.391835,-85.056184,1.56));
#9491 = VECTOR('',#9492,1.);
#9492 = DIRECTION('',(-0.939741120448,-0.341886862191,0.));
#9493 = ORIENTED_EDGE('',*,*,#9494,.T.);
#9494 = EDGE_CURVE('',#9487,#9495,#9497,.T.);
#9495 = VERTEX_POINT('',#9496);
#9496 = CARTESIAN_POINT('',(119.907013,-85.161514,1.56));
#9497 = LINE('',#9498,#9499);
#9498 = CARTESIAN_POINT('',(120.179331,-85.133495,1.56));
#9499 = VECTOR('',#9500,1.);
#9500 = DIRECTION('',(-0.994748408418,-0.1023503979,0.));
#9501 = ORIENTED_EDGE('',*,*,#9502,.T.);
#9502 = EDGE_CURVE('',#9495,#9503,#9505,.T.);
#9503 = VERTEX_POINT('',#9504);
#9504 = CARTESIAN_POINT('',(119.63984,-85.126732,1.56));
#9505 = LINE('',#9506,#9507);
#9506 = CARTESIAN_POINT('',(119.907013,-85.161514,1.56));
#9507 = VECTOR('',#9508,1.);
#9508 = DIRECTION('',(-0.991632109092,0.129095934164,0.));
#9509 = ORIENTED_EDGE('',*,*,#9510,.T.);
#9510 = EDGE_CURVE('',#9503,#9511,#9513,.T.);
#9511 = VERTEX_POINT('',#9512);
#9512 = CARTESIAN_POINT('',(119.398214,-85.023489,1.56));
#9513 = LINE('',#9514,#9515);
#9514 = CARTESIAN_POINT('',(119.63984,-85.126732,1.56));
#9515 = VECTOR('',#9516,1.);
#9516 = DIRECTION('',(-0.919573028954,0.392919132164,0.));
#9517 = ORIENTED_EDGE('',*,*,#9518,.T.);
#9518 = EDGE_CURVE('',#9511,#9519,#9521,.T.);
#9519 = VERTEX_POINT('',#9520);
#9520 = CARTESIAN_POINT('',(119.174284,-84.846135,1.56));
#9521 = LINE('',#9522,#9523);
#9522 = CARTESIAN_POINT('',(119.398214,-85.023489,1.56));
#9523 = VECTOR('',#9524,1.);
#9524 = DIRECTION('',(-0.783916187331,0.620866661402,0.));
#9525 = ORIENTED_EDGE('',*,*,#9526,.T.);
#9526 = EDGE_CURVE('',#9519,#9527,#9529,.T.);
#9527 = VERTEX_POINT('',#9528);
#9528 = CARTESIAN_POINT('',(118.999648,-84.620186,1.56));
#9529 = LINE('',#9530,#9531);
#9530 = CARTESIAN_POINT('',(119.174284,-84.846135,1.56));
#9531 = VECTOR('',#9532,1.);
#9532 = DIRECTION('',(-0.611533107113,0.791218843876,0.));
#9533 = ORIENTED_EDGE('',*,*,#9534,.T.);
#9534 = EDGE_CURVE('',#9527,#9535,#9537,.T.);
#9535 = VERTEX_POINT('',#9536);
#9536 = CARTESIAN_POINT('',(118.896886,-84.371801,1.56));
#9537 = LINE('',#9538,#9539);
#9538 = CARTESIAN_POINT('',(118.999648,-84.620186,1.56));
#9539 = VECTOR('',#9540,1.);
#9540 = DIRECTION('',(-0.382294618083,0.924040488823,0.));
#9541 = ORIENTED_EDGE('',*,*,#9542,.T.);
#9542 = EDGE_CURVE('',#9535,#9543,#9545,.T.);
#9543 = VERTEX_POINT('',#9544);
#9544 = CARTESIAN_POINT('',(118.861959,-84.092646,1.56));
#9545 = LINE('',#9546,#9547);
#9546 = CARTESIAN_POINT('',(118.896886,-84.371801,1.56));
#9547 = VECTOR('',#9548,1.);
#9548 = DIRECTION('',(-0.124148916068,0.992263597357,0.));
#9549 = ORIENTED_EDGE('',*,*,#9550,.T.);
#9550 = EDGE_CURVE('',#9543,#9551,#9553,.T.);
#9551 = VERTEX_POINT('',#9552);
#9552 = CARTESIAN_POINT('',(118.883347,-83.74733,1.56));
#9553 = LINE('',#9554,#9555);
#9554 = CARTESIAN_POINT('',(118.861959,-84.092646,1.56));
#9555 = VECTOR('',#9556,1.);
#9556 = DIRECTION('',(6.181900867113E-02,0.998087376018,0.));
#9557 = ORIENTED_EDGE('',*,*,#9558,.T.);
#9558 = EDGE_CURVE('',#9551,#9559,#9561,.T.);
#9559 = VERTEX_POINT('',#9560);
#9560 = CARTESIAN_POINT('',(118.941966,-83.470739,1.56));
#9561 = LINE('',#9562,#9563);
#9562 = CARTESIAN_POINT('',(118.883347,-83.74733,1.56));
#9563 = VECTOR('',#9564,1.);
#9564 = DIRECTION('',(0.207328821387,0.978271311969,0.));
#9565 = ORIENTED_EDGE('',*,*,#9566,.T.);
#9566 = EDGE_CURVE('',#9559,#9567,#9569,.T.);
#9567 = VERTEX_POINT('',#9568);
#9568 = CARTESIAN_POINT('',(119.031499,-83.250472,1.56));
#9569 = LINE('',#9570,#9571);
#9570 = CARTESIAN_POINT('',(118.941966,-83.470739,1.56));
#9571 = VECTOR('',#9572,1.);
#9572 = DIRECTION('',(0.37655584717,0.926393919433,0.));
#9573 = ORIENTED_EDGE('',*,*,#9574,.T.);
#9574 = EDGE_CURVE('',#9567,#9575,#9577,.T.);
#9575 = VERTEX_POINT('',#9576);
#9576 = CARTESIAN_POINT('',(119.148639,-83.07629,1.56));
#9577 = LINE('',#9578,#9579);
#9578 = CARTESIAN_POINT('',(119.031499,-83.250472,1.56));
#9579 = VECTOR('',#9580,1.);
#9580 = DIRECTION('',(0.558055396162,0.829803696554,0.));
#9581 = ORIENTED_EDGE('',*,*,#9582,.T.);
#9582 = EDGE_CURVE('',#9575,#9583,#9585,.T.);
#9583 = VERTEX_POINT('',#9584);
#9584 = CARTESIAN_POINT('',(119.303098,-82.933534,1.56));
#9585 = LINE('',#9586,#9587);
#9586 = CARTESIAN_POINT('',(119.148639,-83.07629,1.56));
#9587 = VECTOR('',#9588,1.);
#9588 = DIRECTION('',(0.734380406608,0.678738107366,0.));
#9589 = ORIENTED_EDGE('',*,*,#9590,.T.);
#9590 = EDGE_CURVE('',#9583,#9412,#9591,.T.);
#9591 = LINE('',#9592,#9593);
#9592 = CARTESIAN_POINT('',(119.303098,-82.933534,1.56));
#9593 = VECTOR('',#9594,1.);
#9594 = DIRECTION('',(0.875562928691,0.483104085992,0.));
#9595 = PLANE('',#9596);
#9596 = AXIS2_PLACEMENT_3D('',#9597,#9598,#9599);
#9597 = CARTESIAN_POINT('',(0.,0.,1.56));
#9598 = DIRECTION('',(0.,0.,1.));
#9599 = DIRECTION('',(1.,0.,-0.));
#9600 = SHELL_BASED_SURFACE_MODEL('',(#9601));
#9601 = OPEN_SHELL('',(#9602));
#9602 = ADVANCED_FACE('',(#9603),#9701,.T.);
#9603 = FACE_BOUND('',#9604,.F.);
#9604 = EDGE_LOOP('',(#9605,#9615,#9623,#9631,#9639,#9647,#9655,#9663,
    #9671,#9679,#9687,#9695));
#9605 = ORIENTED_EDGE('',*,*,#9606,.T.);
#9606 = EDGE_CURVE('',#9607,#9609,#9611,.T.);
#9607 = VERTEX_POINT('',#9608);
#9608 = CARTESIAN_POINT('',(123.500357,-82.822535,1.56));
#9609 = VERTEX_POINT('',#9610);
#9610 = CARTESIAN_POINT('',(123.728335,-82.716259,1.56));
#9611 = LINE('',#9612,#9613);
#9612 = CARTESIAN_POINT('',(123.500357,-82.822535,1.56));
#9613 = VECTOR('',#9614,1.);
#9614 = DIRECTION('',(0.906356337583,0.42251412914,0.));
#9615 = ORIENTED_EDGE('',*,*,#9616,.T.);
#9616 = EDGE_CURVE('',#9609,#9617,#9619,.T.);
#9617 = VERTEX_POINT('',#9618);
#9618 = CARTESIAN_POINT('',(123.991364,-82.680006,1.56));
#9619 = LINE('',#9620,#9621);
#9620 = CARTESIAN_POINT('',(123.728335,-82.716259,1.56));
#9621 = VECTOR('',#9622,1.);
#9622 = DIRECTION('',(0.990634818151,0.136538115806,0.));
#9623 = ORIENTED_EDGE('',*,*,#9624,.T.);
#9624 = EDGE_CURVE('',#9617,#9625,#9627,.T.);
#9625 = VERTEX_POINT('',#9626);
#9626 = CARTESIAN_POINT('',(124.334039,-82.713838,1.56));
#9627 = LINE('',#9628,#9629);
#9628 = CARTESIAN_POINT('',(123.991364,-82.680006,1.56));
#9629 = VECTOR('',#9630,1.);
#9630 = DIRECTION('',(0.995161623517,-9.825142787426E-02,0.));
#9631 = ORIENTED_EDGE('',*,*,#9632,.T.);
#9632 = EDGE_CURVE('',#9625,#9633,#9635,.T.);
#9633 = VERTEX_POINT('',#9634);
#9634 = CARTESIAN_POINT('',(124.602956,-82.807223,1.56));
#9635 = LINE('',#9636,#9637);
#9636 = CARTESIAN_POINT('',(124.334039,-82.713838,1.56));
#9637 = VECTOR('',#9638,1.);
#9638 = DIRECTION('',(0.944661644727,-0.328046303108,0.));
#9639 = ORIENTED_EDGE('',*,*,#9640,.T.);
#9640 = EDGE_CURVE('',#9633,#9641,#9643,.T.);
#9641 = VERTEX_POINT('',#9642);
#9642 = CARTESIAN_POINT('',(124.814462,-82.954474,1.56));
#9643 = LINE('',#9644,#9645);
#9644 = CARTESIAN_POINT('',(124.602956,-82.807223,1.56));
#9645 = VECTOR('',#9646,1.);
#9646 = DIRECTION('',(0.82069342777,-0.571368793001,0.));
#9647 = ORIENTED_EDGE('',*,*,#9648,.T.);
#9648 = EDGE_CURVE('',#9641,#9649,#9651,.T.);
#9649 = VERTEX_POINT('',#9650);
#9650 = CARTESIAN_POINT('',(124.500847,-83.174167,1.56));
#9651 = LINE('',#9652,#9653);
#9652 = CARTESIAN_POINT('',(124.814462,-82.954474,1.56));
#9653 = VECTOR('',#9654,1.);
#9654 = DIRECTION('',(-0.819032496584,-0.57374713031,0.));
#9655 = ORIENTED_EDGE('',*,*,#9656,.T.);
#9656 = EDGE_CURVE('',#9649,#9657,#9659,.T.);
#9657 = VERTEX_POINT('',#9658);
#9658 = CARTESIAN_POINT('',(123.933356,-83.479291,1.56));
#9659 = LINE('',#9660,#9661);
#9660 = CARTESIAN_POINT('',(124.500847,-83.174167,1.56));
#9661 = VECTOR('',#9662,1.);
#9662 = DIRECTION('',(-0.880761227953,-0.473560618438,0.));
#9663 = ORIENTED_EDGE('',*,*,#9664,.T.);
#9664 = EDGE_CURVE('',#9657,#9665,#9667,.T.);
#9665 = VERTEX_POINT('',#9666);
#9666 = CARTESIAN_POINT('',(122.884638,-83.979989,1.56));
#9667 = LINE('',#9668,#9669);
#9668 = CARTESIAN_POINT('',(123.933356,-83.479291,1.56));
#9669 = VECTOR('',#9670,1.);
#9670 = DIRECTION('',(-0.902422994096,-0.430851180487,0.));
#9671 = ORIENTED_EDGE('',*,*,#9672,.T.);
#9672 = EDGE_CURVE('',#9665,#9673,#9675,.T.);
#9673 = VERTEX_POINT('',#9674);
#9674 = CARTESIAN_POINT('',(123.001392,-83.552735,1.56));
#9675 = LINE('',#9676,#9677);
#9676 = CARTESIAN_POINT('',(122.884638,-83.979989,1.56));
#9677 = VECTOR('',#9678,1.);
#9678 = DIRECTION('',(0.263601086503,0.964631778035,0.));
#9679 = ORIENTED_EDGE('',*,*,#9680,.T.);
#9680 = EDGE_CURVE('',#9673,#9681,#9683,.T.);
#9681 = VERTEX_POINT('',#9682);
#9682 = CARTESIAN_POINT('',(123.14092,-83.234839,1.56));
#9683 = LINE('',#9684,#9685);
#9684 = CARTESIAN_POINT('',(123.001392,-83.552735,1.56));
#9685 = VECTOR('',#9686,1.);
#9686 = DIRECTION('',(0.401902885415,0.915682297904,0.));
#9687 = ORIENTED_EDGE('',*,*,#9688,.T.);
#9688 = EDGE_CURVE('',#9681,#9689,#9691,.T.);
#9689 = VERTEX_POINT('',#9690);
#9690 = CARTESIAN_POINT('',(123.298019,-83.004239,1.56));
#9691 = LINE('',#9692,#9693);
#9692 = CARTESIAN_POINT('',(123.14092,-83.234839,1.56));
#9693 = VECTOR('',#9694,1.);
#9694 = DIRECTION('',(0.563022960015,0.82644125411,0.));
#9695 = ORIENTED_EDGE('',*,*,#9696,.T.);
#9696 = EDGE_CURVE('',#9689,#9607,#9697,.T.);
#9697 = LINE('',#9698,#9699);
#9698 = CARTESIAN_POINT('',(123.298019,-83.004239,1.56));
#9699 = VECTOR('',#9700,1.);
#9700 = DIRECTION('',(0.744025432407,0.668151297186,0.));
#9701 = PLANE('',#9702);
#9702 = AXIS2_PLACEMENT_3D('',#9703,#9704,#9705);
#9703 = CARTESIAN_POINT('',(0.,0.,1.56));
#9704 = DIRECTION('',(0.,0.,1.));
#9705 = DIRECTION('',(1.,0.,-0.));
#9706 = SHELL_BASED_SURFACE_MODEL('',(#9707));
#9707 = OPEN_SHELL('',(#9708));
#9708 = ADVANCED_FACE('',(#9709,#9743,#9796,#9849,#9860,#9871,#9882,
    #9893,#9904,#9915,#9926,#9937,#9948,#9959,#9970,#9981,#9992,#10003,
    #10456,#11109,#11762,#12200,#12555,#13056,#13396,#13841,#14150,
    #14394,#14556,#14911,#15346,#15493,#15623,#15657,#15710),#15763,.T.
  );
#9709 = FACE_BOUND('',#9710,.F.);
#9710 = EDGE_LOOP('',(#9711,#9721,#9729,#9737));
#9711 = ORIENTED_EDGE('',*,*,#9712,.T.);
#9712 = EDGE_CURVE('',#9713,#9715,#9717,.T.);
#9713 = VERTEX_POINT('',#9714);
#9714 = CARTESIAN_POINT('',(64.6,-164.25,1.56));
#9715 = VERTEX_POINT('',#9716);
#9716 = CARTESIAN_POINT('',(64.6,-35.75,1.56));
#9717 = LINE('',#9718,#9719);
#9718 = CARTESIAN_POINT('',(64.6,-164.25,1.56));
#9719 = VECTOR('',#9720,1.);
#9720 = DIRECTION('',(0.,1.,0.));
#9721 = ORIENTED_EDGE('',*,*,#9722,.T.);
#9722 = EDGE_CURVE('',#9715,#9723,#9725,.T.);
#9723 = VERTEX_POINT('',#9724);
#9724 = CARTESIAN_POINT('',(135.4,-35.75,1.56));
#9725 = LINE('',#9726,#9727);
#9726 = CARTESIAN_POINT('',(64.6,-35.75,1.56));
#9727 = VECTOR('',#9728,1.);
#9728 = DIRECTION('',(1.,0.,0.));
#9729 = ORIENTED_EDGE('',*,*,#9730,.T.);
#9730 = EDGE_CURVE('',#9723,#9731,#9733,.T.);
#9731 = VERTEX_POINT('',#9732);
#9732 = CARTESIAN_POINT('',(135.4,-164.25,1.56));
#9733 = LINE('',#9734,#9735);
#9734 = CARTESIAN_POINT('',(135.4,-35.75,1.56));
#9735 = VECTOR('',#9736,1.);
#9736 = DIRECTION('',(0.,-1.,0.));
#9737 = ORIENTED_EDGE('',*,*,#9738,.T.);
#9738 = EDGE_CURVE('',#9731,#9713,#9739,.T.);
#9739 = LINE('',#9740,#9741);
#9740 = CARTESIAN_POINT('',(135.4,-164.25,1.56));
#9741 = VECTOR('',#9742,1.);
#9742 = DIRECTION('',(-1.,0.,0.));
#9743 = FACE_BOUND('',#9744,.F.);
#9744 = EDGE_LOOP('',(#9745,#9756,#9764,#9773,#9781,#9790));
#9745 = ORIENTED_EDGE('',*,*,#9746,.T.);
#9746 = EDGE_CURVE('',#9747,#9749,#9751,.T.);
#9747 = VERTEX_POINT('',#9748);
#9748 = CARTESIAN_POINT('',(73.325236,-159.6625,1.56));
#9749 = VERTEX_POINT('',#9750);
#9750 = CARTESIAN_POINT('',(71.781399,-161.620585,1.56));
#9751 = CIRCLE('',#9752,1.58751357779);
#9752 = AXIS2_PLACEMENT_3D('',#9753,#9754,#9755);
#9753 = CARTESIAN_POINT('',(73.325055753662,-161.2500135675,1.56));
#9754 = DIRECTION('',(0.,0.,1.));
#9755 = DIRECTION('',(1.135400290915E-04,0.999999993554,-0.));
#9756 = ORIENTED_EDGE('',*,*,#9757,.T.);
#9757 = EDGE_CURVE('',#9749,#9758,#9760,.T.);
#9758 = VERTEX_POINT('',#9759);
#9759 = CARTESIAN_POINT('',(71.858376,-161.857491,1.56));
#9760 = LINE('',#9761,#9762);
#9761 = CARTESIAN_POINT('',(71.781399,-161.620585,1.56));
#9762 = VECTOR('',#9763,1.);
#9763 = DIRECTION('',(0.309022711385,-0.951054658707,0.));
#9764 = ORIENTED_EDGE('',*,*,#9765,.T.);
#9765 = EDGE_CURVE('',#9758,#9766,#9768,.T.);
#9766 = VERTEX_POINT('',#9767);
#9767 = CARTESIAN_POINT('',(73.325236,-162.8375,1.56));
#9768 = CIRCLE('',#9769,1.587583935955);
#9769 = AXIS2_PLACEMENT_3D('',#9770,#9771,#9772);
#9770 = CARTESIAN_POINT('',(73.325098692985,-161.2499160699,1.56));
#9771 = DIRECTION('',(0.,0.,1.));
#9772 = DIRECTION('',(-0.923870958736,-0.382704130634,0.));
#9773 = ORIENTED_EDGE('',*,*,#9774,.T.);
#9774 = EDGE_CURVE('',#9766,#9775,#9777,.T.);
#9775 = VERTEX_POINT('',#9776);
#9776 = CARTESIAN_POINT('',(75.874764,-162.8375,1.56));
#9777 = LINE('',#9778,#9779);
#9778 = CARTESIAN_POINT('',(73.325236,-162.8375,1.56));
#9779 = VECTOR('',#9780,1.);
#9780 = DIRECTION('',(1.,0.,0.));
#9781 = ORIENTED_EDGE('',*,*,#9782,.T.);
#9782 = EDGE_CURVE('',#9775,#9783,#9785,.T.);
#9783 = VERTEX_POINT('',#9784);
#9784 = CARTESIAN_POINT('',(75.874764,-159.6625,1.56));
#9785 = CIRCLE('',#9786,1.587500009742);
#9786 = AXIS2_PLACEMENT_3D('',#9787,#9788,#9789);
#9787 = CARTESIAN_POINT('',(75.874939874664,-161.25,1.56));
#9788 = DIRECTION('',(0.,0.,1.));
#9789 = DIRECTION('',(-1.107871889339E-04,-0.999999993863,0.));
#9790 = ORIENTED_EDGE('',*,*,#9791,.T.);
#9791 = EDGE_CURVE('',#9783,#9747,#9792,.T.);
#9792 = LINE('',#9793,#9794);
#9793 = CARTESIAN_POINT('',(75.874764,-159.6625,1.56));
#9794 = VECTOR('',#9795,1.);
#9795 = DIRECTION('',(-1.,0.,0.));
#9796 = FACE_BOUND('',#9797,.F.);
#9797 = EDGE_LOOP('',(#9798,#9809,#9817,#9826,#9834,#9843));
#9798 = ORIENTED_EDGE('',*,*,#9799,.T.);
#9799 = EDGE_CURVE('',#9800,#9802,#9804,.T.);
#9800 = VERTEX_POINT('',#9801);
#9801 = CARTESIAN_POINT('',(124.125236,-159.6625,1.56));
#9802 = VERTEX_POINT('',#9803);
#9803 = CARTESIAN_POINT('',(122.581399,-161.620585,1.56));
#9804 = CIRCLE('',#9805,1.58751357779);
#9805 = AXIS2_PLACEMENT_3D('',#9806,#9807,#9808);
#9806 = CARTESIAN_POINT('',(124.12505575366,-161.2500135675,1.56));
#9807 = DIRECTION('',(0.,0.,1.));
#9808 = DIRECTION('',(1.135400291005E-04,0.999999993554,-0.));
#9809 = ORIENTED_EDGE('',*,*,#9810,.T.);
#9810 = EDGE_CURVE('',#9802,#9811,#9813,.T.);
#9811 = VERTEX_POINT('',#9812);
#9812 = CARTESIAN_POINT('',(122.658376,-161.857491,1.56));
#9813 = LINE('',#9814,#9815);
#9814 = CARTESIAN_POINT('',(122.581399,-161.620585,1.56));
#9815 = VECTOR('',#9816,1.);
#9816 = DIRECTION('',(0.309022711385,-0.951054658707,0.));
#9817 = ORIENTED_EDGE('',*,*,#9818,.T.);
#9818 = EDGE_CURVE('',#9811,#9819,#9821,.T.);
#9819 = VERTEX_POINT('',#9820);
#9820 = CARTESIAN_POINT('',(124.125236,-162.8375,1.56));
#9821 = CIRCLE('',#9822,1.587583935955);
#9822 = AXIS2_PLACEMENT_3D('',#9823,#9824,#9825);
#9823 = CARTESIAN_POINT('',(124.12509869298,-161.2499160699,1.56));
#9824 = DIRECTION('',(0.,0.,1.));
#9825 = DIRECTION('',(-0.923870958736,-0.382704130634,0.));
#9826 = ORIENTED_EDGE('',*,*,#9827,.T.);
#9827 = EDGE_CURVE('',#9819,#9828,#9830,.T.);
#9828 = VERTEX_POINT('',#9829);
#9829 = CARTESIAN_POINT('',(126.674764,-162.8375,1.56));
#9830 = LINE('',#9831,#9832);
#9831 = CARTESIAN_POINT('',(124.125236,-162.8375,1.56));
#9832 = VECTOR('',#9833,1.);
#9833 = DIRECTION('',(1.,0.,0.));
#9834 = ORIENTED_EDGE('',*,*,#9835,.T.);
#9835 = EDGE_CURVE('',#9828,#9836,#9838,.T.);
#9836 = VERTEX_POINT('',#9837);
#9837 = CARTESIAN_POINT('',(126.674764,-159.6625,1.56));
#9838 = CIRCLE('',#9839,1.587500009742);
#9839 = AXIS2_PLACEMENT_3D('',#9840,#9841,#9842);
#9840 = CARTESIAN_POINT('',(126.67493987466,-161.25,1.56));
#9841 = DIRECTION('',(0.,0.,1.));
#9842 = DIRECTION('',(-1.107871889428E-04,-0.999999993863,0.));
#9843 = ORIENTED_EDGE('',*,*,#9844,.T.);
#9844 = EDGE_CURVE('',#9836,#9800,#9845,.T.);
#9845 = LINE('',#9846,#9847);
#9846 = CARTESIAN_POINT('',(126.674764,-159.6625,1.56));
#9847 = VECTOR('',#9848,1.);
#9848 = DIRECTION('',(-1.,0.,0.));
#9849 = FACE_BOUND('',#9850,.F.);
#9850 = EDGE_LOOP('',(#9851));
#9851 = ORIENTED_EDGE('',*,*,#9852,.T.);
#9852 = EDGE_CURVE('',#9853,#9853,#9855,.T.);
#9853 = VERTEX_POINT('',#9854);
#9854 = CARTESIAN_POINT('',(77.837485,-147.,1.56));
#9855 = CIRCLE('',#9856,3.237485);
#9856 = AXIS2_PLACEMENT_3D('',#9857,#9858,#9859);
#9857 = CARTESIAN_POINT('',(74.6,-147.,1.56));
#9858 = DIRECTION('',(0.,0.,1.));
#9859 = DIRECTION('',(1.,0.,-0.));
#9860 = FACE_BOUND('',#9861,.F.);
#9861 = EDGE_LOOP('',(#9862));
#9862 = ORIENTED_EDGE('',*,*,#9863,.T.);
#9863 = EDGE_CURVE('',#9864,#9864,#9866,.T.);
#9864 = VERTEX_POINT('',#9865);
#9865 = CARTESIAN_POINT('',(90.537485,-146.999999,1.56));
#9866 = CIRCLE('',#9867,3.237485);
#9867 = AXIS2_PLACEMENT_3D('',#9868,#9869,#9870);
#9868 = CARTESIAN_POINT('',(87.3,-146.999999,1.56));
#9869 = DIRECTION('',(0.,0.,1.));
#9870 = DIRECTION('',(1.,0.,-0.));
#9871 = FACE_BOUND('',#9872,.F.);
#9872 = EDGE_LOOP('',(#9873));
#9873 = ORIENTED_EDGE('',*,*,#9874,.T.);
#9874 = EDGE_CURVE('',#9875,#9875,#9877,.T.);
#9875 = VERTEX_POINT('',#9876);
#9876 = CARTESIAN_POINT('',(103.237485,-146.999999,1.56));
#9877 = CIRCLE('',#9878,3.237485);
#9878 = AXIS2_PLACEMENT_3D('',#9879,#9880,#9881);
#9879 = CARTESIAN_POINT('',(100.,-146.999999,1.56));
#9880 = DIRECTION('',(0.,0.,1.));
#9881 = DIRECTION('',(1.,0.,-0.));
#9882 = FACE_BOUND('',#9883,.F.);
#9883 = EDGE_LOOP('',(#9884));
#9884 = ORIENTED_EDGE('',*,*,#9885,.T.);
#9885 = EDGE_CURVE('',#9886,#9886,#9888,.T.);
#9886 = VERTEX_POINT('',#9887);
#9887 = CARTESIAN_POINT('',(115.937485,-146.999999,1.56));
#9888 = CIRCLE('',#9889,3.237485);
#9889 = AXIS2_PLACEMENT_3D('',#9890,#9891,#9892);
#9890 = CARTESIAN_POINT('',(112.7,-146.999999,1.56));
#9891 = DIRECTION('',(0.,0.,1.));
#9892 = DIRECTION('',(1.,0.,-0.));
#9893 = FACE_BOUND('',#9894,.F.);
#9894 = EDGE_LOOP('',(#9895));
#9895 = ORIENTED_EDGE('',*,*,#9896,.T.);
#9896 = EDGE_CURVE('',#9897,#9897,#9899,.T.);
#9897 = VERTEX_POINT('',#9898);
#9898 = CARTESIAN_POINT('',(77.837485,-134.3,1.56));
#9899 = CIRCLE('',#9900,3.237485);
#9900 = AXIS2_PLACEMENT_3D('',#9901,#9902,#9903);
#9901 = CARTESIAN_POINT('',(74.6,-134.3,1.56));
#9902 = DIRECTION('',(0.,0.,1.));
#9903 = DIRECTION('',(1.,0.,-0.));
#9904 = FACE_BOUND('',#9905,.F.);
#9905 = EDGE_LOOP('',(#9906));
#9906 = ORIENTED_EDGE('',*,*,#9907,.T.);
#9907 = EDGE_CURVE('',#9908,#9908,#9910,.T.);
#9908 = VERTEX_POINT('',#9909);
#9909 = CARTESIAN_POINT('',(90.537485,-134.3,1.56));
#9910 = CIRCLE('',#9911,3.237485);
#9911 = AXIS2_PLACEMENT_3D('',#9912,#9913,#9914);
#9912 = CARTESIAN_POINT('',(87.3,-134.3,1.56));
#9913 = DIRECTION('',(0.,0.,1.));
#9914 = DIRECTION('',(1.,0.,-0.));
#9915 = FACE_BOUND('',#9916,.F.);
#9916 = EDGE_LOOP('',(#9917));
#9917 = ORIENTED_EDGE('',*,*,#9918,.T.);
#9918 = EDGE_CURVE('',#9919,#9919,#9921,.T.);
#9919 = VERTEX_POINT('',#9920);
#9920 = CARTESIAN_POINT('',(103.237485,-134.3,1.56));
#9921 = CIRCLE('',#9922,3.237485);
#9922 = AXIS2_PLACEMENT_3D('',#9923,#9924,#9925);
#9923 = CARTESIAN_POINT('',(100.,-134.3,1.56));
#9924 = DIRECTION('',(0.,0.,1.));
#9925 = DIRECTION('',(1.,0.,-0.));
#9926 = FACE_BOUND('',#9927,.F.);
#9927 = EDGE_LOOP('',(#9928));
#9928 = ORIENTED_EDGE('',*,*,#9929,.T.);
#9929 = EDGE_CURVE('',#9930,#9930,#9932,.T.);
#9930 = VERTEX_POINT('',#9931);
#9931 = CARTESIAN_POINT('',(115.937485,-134.3,1.56));
#9932 = CIRCLE('',#9933,3.237485);
#9933 = AXIS2_PLACEMENT_3D('',#9934,#9935,#9936);
#9934 = CARTESIAN_POINT('',(112.7,-134.3,1.56));
#9935 = DIRECTION('',(0.,0.,1.));
#9936 = DIRECTION('',(1.,0.,-0.));
#9937 = FACE_BOUND('',#9938,.F.);
#9938 = EDGE_LOOP('',(#9939));
#9939 = ORIENTED_EDGE('',*,*,#9940,.T.);
#9940 = EDGE_CURVE('',#9941,#9941,#9943,.T.);
#9941 = VERTEX_POINT('',#9942);
#9942 = CARTESIAN_POINT('',(77.837485,-121.6,1.56));
#9943 = CIRCLE('',#9944,3.237485);
#9944 = AXIS2_PLACEMENT_3D('',#9945,#9946,#9947);
#9945 = CARTESIAN_POINT('',(74.6,-121.6,1.56));
#9946 = DIRECTION('',(0.,0.,1.));
#9947 = DIRECTION('',(1.,0.,-0.));
#9948 = FACE_BOUND('',#9949,.F.);
#9949 = EDGE_LOOP('',(#9950));
#9950 = ORIENTED_EDGE('',*,*,#9951,.T.);
#9951 = EDGE_CURVE('',#9952,#9952,#9954,.T.);
#9952 = VERTEX_POINT('',#9953);
#9953 = CARTESIAN_POINT('',(90.537485,-121.6,1.56));
#9954 = CIRCLE('',#9955,3.237485);
#9955 = AXIS2_PLACEMENT_3D('',#9956,#9957,#9958);
#9956 = CARTESIAN_POINT('',(87.3,-121.6,1.56));
#9957 = DIRECTION('',(0.,0.,1.));
#9958 = DIRECTION('',(1.,0.,-0.));
#9959 = FACE_BOUND('',#9960,.F.);
#9960 = EDGE_LOOP('',(#9961));
#9961 = ORIENTED_EDGE('',*,*,#9962,.T.);
#9962 = EDGE_CURVE('',#9963,#9963,#9965,.T.);
#9963 = VERTEX_POINT('',#9964);
#9964 = CARTESIAN_POINT('',(103.237485,-121.6,1.56));
#9965 = CIRCLE('',#9966,3.237485);
#9966 = AXIS2_PLACEMENT_3D('',#9967,#9968,#9969);
#9967 = CARTESIAN_POINT('',(100.,-121.6,1.56));
#9968 = DIRECTION('',(0.,0.,1.));
#9969 = DIRECTION('',(1.,0.,-0.));
#9970 = FACE_BOUND('',#9971,.F.);
#9971 = EDGE_LOOP('',(#9972));
#9972 = ORIENTED_EDGE('',*,*,#9973,.T.);
#9973 = EDGE_CURVE('',#9974,#9974,#9976,.T.);
#9974 = VERTEX_POINT('',#9975);
#9975 = CARTESIAN_POINT('',(115.937485,-121.6,1.56));
#9976 = CIRCLE('',#9977,3.237485);
#9977 = AXIS2_PLACEMENT_3D('',#9978,#9979,#9980);
#9978 = CARTESIAN_POINT('',(112.7,-121.6,1.56));
#9979 = DIRECTION('',(0.,0.,1.));
#9980 = DIRECTION('',(1.,0.,-0.));
#9981 = FACE_BOUND('',#9982,.F.);
#9982 = EDGE_LOOP('',(#9983));
#9983 = ORIENTED_EDGE('',*,*,#9984,.T.);
#9984 = EDGE_CURVE('',#9985,#9985,#9987,.T.);
#9985 = VERTEX_POINT('',#9986);
#9986 = CARTESIAN_POINT('',(77.837485,-108.,1.56));
#9987 = CIRCLE('',#9988,3.237485);
#9988 = AXIS2_PLACEMENT_3D('',#9989,#9990,#9991);
#9989 = CARTESIAN_POINT('',(74.6,-108.,1.56));
#9990 = DIRECTION('',(0.,0.,1.));
#9991 = DIRECTION('',(1.,0.,-0.));
#9992 = FACE_BOUND('',#9993,.F.);
#9993 = EDGE_LOOP('',(#9994));
#9994 = ORIENTED_EDGE('',*,*,#9995,.T.);
#9995 = EDGE_CURVE('',#9996,#9996,#9998,.T.);
#9996 = VERTEX_POINT('',#9997);
#9997 = CARTESIAN_POINT('',(90.537485,-108.,1.56));
#9998 = CIRCLE('',#9999,3.237485);
#9999 = AXIS2_PLACEMENT_3D('',#10000,#10001,#10002);
#10000 = CARTESIAN_POINT('',(87.3,-108.,1.56));
#10001 = DIRECTION('',(0.,0.,1.));
#10002 = DIRECTION('',(1.,0.,-0.));
#10003 = FACE_BOUND('',#10004,.F.);
#10004 = EDGE_LOOP('',(#10005,#10015,#10024,#10032,#10040,#10048,#10056,
    #10064,#10072,#10080,#10088,#10096,#10105,#10113,#10121,#10129,
    #10138,#10146,#10154,#10162,#10170,#10178,#10186,#10194,#10202,
    #10210,#10218,#10226,#10234,#10242,#10250,#10258,#10266,#10274,
    #10282,#10290,#10298,#10306,#10314,#10322,#10330,#10338,#10346,
    #10354,#10362,#10370,#10378,#10386,#10394,#10402,#10410,#10418,
    #10426,#10434,#10442,#10450));
#10005 = ORIENTED_EDGE('',*,*,#10006,.T.);
#10006 = EDGE_CURVE('',#10007,#10009,#10011,.T.);
#10007 = VERTEX_POINT('',#10008);
#10008 = CARTESIAN_POINT('',(82.129972,-82.234569,1.56));
#10009 = VERTEX_POINT('',#10010);
#10010 = CARTESIAN_POINT('',(81.900302,-82.174734,1.56));
#10011 = LINE('',#10012,#10013);
#10012 = CARTESIAN_POINT('',(82.129972,-82.234569,1.56));
#10013 = VECTOR('',#10014,1.);
#10014 = DIRECTION('',(-0.967698433382,0.252110575005,0.));
#10015 = ORIENTED_EDGE('',*,*,#10016,.T.);
#10016 = EDGE_CURVE('',#10009,#10017,#10019,.T.);
#10017 = VERTEX_POINT('',#10018);
#10018 = CARTESIAN_POINT('',(80.887757,-82.250765,1.56));
#10019 = CIRCLE('',#10020,2.417104697657);
#10020 = AXIS2_PLACEMENT_3D('',#10021,#10022,#10023);
#10021 = CARTESIAN_POINT('',(81.570980479544,-84.56929919134,1.56));
#10022 = DIRECTION('',(0.,0.,1.));
#10023 = DIRECTION('',(0.136246278771,0.990674997929,-0.));
#10024 = ORIENTED_EDGE('',*,*,#10025,.T.);
#10025 = EDGE_CURVE('',#10017,#10026,#10028,.T.);
#10026 = VERTEX_POINT('',#10027);
#10027 = CARTESIAN_POINT('',(80.595599,-82.367501,1.56));
#10028 = LINE('',#10029,#10030);
#10029 = CARTESIAN_POINT('',(80.887757,-82.250765,1.56));
#10030 = VECTOR('',#10031,1.);
#10031 = DIRECTION('',(-0.928616039828,-0.371042114285,0.));
#10032 = ORIENTED_EDGE('',*,*,#10033,.T.);
#10033 = EDGE_CURVE('',#10026,#10034,#10036,.T.);
#10034 = VERTEX_POINT('',#10035);
#10035 = CARTESIAN_POINT('',(80.337053,-82.527274,1.56));
#10036 = LINE('',#10037,#10038);
#10037 = CARTESIAN_POINT('',(80.595599,-82.367501,1.56));
#10038 = VECTOR('',#10039,1.);
#10039 = DIRECTION('',(-0.850676139102,-0.525690123896,0.));
#10040 = ORIENTED_EDGE('',*,*,#10041,.T.);
#10041 = EDGE_CURVE('',#10034,#10042,#10044,.T.);
#10042 = VERTEX_POINT('',#10043);
#10043 = CARTESIAN_POINT('',(80.107946,-82.731908,1.56));
#10044 = LINE('',#10045,#10046);
#10045 = CARTESIAN_POINT('',(80.337053,-82.527274,1.56));
#10046 = VECTOR('',#10047,1.);
#10047 = DIRECTION('',(-0.745817683069,-0.666150120935,0.));
#10048 = ORIENTED_EDGE('',*,*,#10049,.T.);
#10049 = EDGE_CURVE('',#10042,#10050,#10052,.T.);
#10050 = VERTEX_POINT('',#10051);
#10051 = CARTESIAN_POINT('',(79.881275,-83.027411,1.56));
#10052 = LINE('',#10053,#10054);
#10053 = CARTESIAN_POINT('',(80.107946,-82.731908,1.56));
#10054 = VECTOR('',#10055,1.);
#10055 = DIRECTION('',(-0.608632257763,-0.793452440169,0.));
#10056 = ORIENTED_EDGE('',*,*,#10057,.T.);
#10057 = EDGE_CURVE('',#10050,#10058,#10060,.T.);
#10058 = VERTEX_POINT('',#10059);
#10059 = CARTESIAN_POINT('',(79.716975,-83.367026,1.56));
#10060 = LINE('',#10061,#10062);
#10061 = CARTESIAN_POINT('',(79.881275,-83.027411,1.56));
#10062 = VECTOR('',#10063,1.);
#10063 = DIRECTION('',(-0.435496840555,-0.900190258704,0.));
#10064 = ORIENTED_EDGE('',*,*,#10065,.T.);
#10065 = EDGE_CURVE('',#10058,#10066,#10068,.T.);
#10066 = VERTEX_POINT('',#10067);
#10067 = CARTESIAN_POINT('',(79.614535,-83.759135,1.56));
#10068 = LINE('',#10069,#10070);
#10069 = CARTESIAN_POINT('',(79.716975,-83.367026,1.56));
#10070 = VECTOR('',#10071,1.);
#10071 = DIRECTION('',(-0.252770028848,-0.967526388537,0.));
#10072 = ORIENTED_EDGE('',*,*,#10073,.T.);
#10073 = EDGE_CURVE('',#10066,#10074,#10076,.T.);
#10074 = VERTEX_POINT('',#10075);
#10075 = CARTESIAN_POINT('',(79.57855,-84.214767,1.56));
#10076 = LINE('',#10077,#10078);
#10077 = CARTESIAN_POINT('',(79.614535,-83.759135,1.56));
#10078 = VECTOR('',#10079,1.);
#10079 = DIRECTION('',(-7.87330412605E-02,-0.996895735879,0.));
#10080 = ORIENTED_EDGE('',*,*,#10081,.T.);
#10081 = EDGE_CURVE('',#10074,#10082,#10084,.T.);
#10082 = VERTEX_POINT('',#10083);
#10083 = CARTESIAN_POINT('',(79.604731,-84.546773,1.56));
#10084 = LINE('',#10085,#10086);
#10085 = CARTESIAN_POINT('',(79.57855,-84.214767,1.56));
#10086 = VECTOR('',#10087,1.);
#10087 = DIRECTION('',(7.861296289821E-02,-0.996905212176,0.));
#10088 = ORIENTED_EDGE('',*,*,#10089,.T.);
#10089 = EDGE_CURVE('',#10082,#10090,#10092,.T.);
#10090 = VERTEX_POINT('',#10091);
#10091 = CARTESIAN_POINT('',(79.679512,-84.834749,1.56));
#10092 = LINE('',#10093,#10094);
#10093 = CARTESIAN_POINT('',(79.604731,-84.546773,1.56));
#10094 = VECTOR('',#10095,1.);
#10095 = DIRECTION('',(0.251341811534,-0.967898390212,0.));
#10096 = ORIENTED_EDGE('',*,*,#10097,.T.);
#10097 = EDGE_CURVE('',#10090,#10098,#10100,.T.);
#10098 = VERTEX_POINT('',#10099);
#10099 = CARTESIAN_POINT('',(80.173633,-85.49068,1.56));
#10100 = CIRCLE('',#10101,1.390128305531);
#10101 = AXIS2_PLACEMENT_3D('',#10102,#10103,#10104);
#10102 = CARTESIAN_POINT('',(80.987365534612,-84.36360588178,1.56));
#10103 = DIRECTION('',(0.,0.,1.));
#10104 = DIRECTION('',(-0.940814980465,-0.338920599158,0.));
#10105 = ORIENTED_EDGE('',*,*,#10106,.T.);
#10106 = EDGE_CURVE('',#10098,#10107,#10109,.T.);
#10107 = VERTEX_POINT('',#10108);
#10108 = CARTESIAN_POINT('',(80.406598,-85.620778,1.56));
#10109 = LINE('',#10110,#10111);
#10110 = CARTESIAN_POINT('',(80.173633,-85.49068,1.56));
#10111 = VECTOR('',#10112,1.);
#10112 = DIRECTION('',(0.873084403427,-0.487569097148,0.));
#10113 = ORIENTED_EDGE('',*,*,#10114,.T.);
#10114 = EDGE_CURVE('',#10107,#10115,#10117,.T.);
#10115 = VERTEX_POINT('',#10116);
#10116 = CARTESIAN_POINT('',(80.670336,-85.700471,1.56));
#10117 = LINE('',#10118,#10119);
#10118 = CARTESIAN_POINT('',(80.406598,-85.620778,1.56));
#10119 = VECTOR('',#10120,1.);
#10120 = DIRECTION('',(0.957253387413,-0.289250673787,0.));
#10121 = ORIENTED_EDGE('',*,*,#10122,.T.);
#10122 = EDGE_CURVE('',#10115,#10123,#10125,.T.);
#10123 = VERTEX_POINT('',#10124);
#10124 = CARTESIAN_POINT('',(80.97226,-85.728157,1.56));
#10125 = LINE('',#10126,#10127);
#10126 = CARTESIAN_POINT('',(80.670336,-85.700471,1.56));
#10127 = VECTOR('',#10128,1.);
#10128 = DIRECTION('',(0.995822015793,-9.131545796041E-02,0.));
#10129 = ORIENTED_EDGE('',*,*,#10130,.T.);
#10130 = EDGE_CURVE('',#10123,#10131,#10133,.T.);
#10131 = VERTEX_POINT('',#10132);
#10132 = CARTESIAN_POINT('',(81.554474,-85.527878,1.56));
#10133 = CIRCLE('',#10134,0.919883359105);
#10134 = AXIS2_PLACEMENT_3D('',#10135,#10136,#10137);
#10135 = CARTESIAN_POINT('',(80.981394397024,-84.80831899407,1.56));
#10136 = DIRECTION('',(0.,0.,1.));
#10137 = DIRECTION('',(-9.929951372664E-03,-0.999950696817,0.));
#10138 = ORIENTED_EDGE('',*,*,#10139,.T.);
#10139 = EDGE_CURVE('',#10131,#10140,#10142,.T.);
#10140 = VERTEX_POINT('',#10141);
#10141 = CARTESIAN_POINT('',(81.708553,-85.381111,1.56));
#10142 = LINE('',#10143,#10144);
#10143 = CARTESIAN_POINT('',(81.554474,-85.527878,1.56));
#10144 = VECTOR('',#10145,1.);
#10145 = DIRECTION('',(0.724079032213,0.689717010889,0.));
#10146 = ORIENTED_EDGE('',*,*,#10147,.T.);
#10147 = EDGE_CURVE('',#10140,#10148,#10150,.T.);
#10148 = VERTEX_POINT('',#10149);
#10149 = CARTESIAN_POINT('',(81.855071,-85.184075,1.56));
#10150 = LINE('',#10151,#10152);
#10151 = CARTESIAN_POINT('',(81.708553,-85.381111,1.56));
#10152 = VECTOR('',#10153,1.);
#10153 = DIRECTION('',(0.59671339099,0.802454440459,0.));
#10154 = ORIENTED_EDGE('',*,*,#10155,.T.);
#10155 = EDGE_CURVE('',#10148,#10156,#10158,.T.);
#10156 = VERTEX_POINT('',#10157);
#10157 = CARTESIAN_POINT('',(81.993501,-84.927041,1.56));
#10158 = LINE('',#10159,#10160);
#10159 = CARTESIAN_POINT('',(81.855071,-85.184075,1.56));
#10160 = VECTOR('',#10161,1.);
#10161 = DIRECTION('',(0.474171722458,0.880432381061,0.));
#10162 = ORIENTED_EDGE('',*,*,#10163,.T.);
#10163 = EDGE_CURVE('',#10156,#10164,#10166,.T.);
#10164 = VERTEX_POINT('',#10165);
#10165 = CARTESIAN_POINT('',(81.964472,-85.549789,1.56));
#10166 = LINE('',#10167,#10168);
#10167 = CARTESIAN_POINT('',(81.993501,-84.927041,1.56));
#10168 = VECTOR('',#10169,1.);
#10169 = DIRECTION('',(-4.65637991087E-02,-0.998915318039,0.));
#10170 = ORIENTED_EDGE('',*,*,#10171,.T.);
#10171 = EDGE_CURVE('',#10164,#10172,#10174,.T.);
#10172 = VERTEX_POINT('',#10173);
#10173 = CARTESIAN_POINT('',(81.902533,-85.993608,1.56));
#10174 = LINE('',#10175,#10176);
#10175 = CARTESIAN_POINT('',(81.964472,-85.549789,1.56));
#10176 = VECTOR('',#10177,1.);
#10177 = DIRECTION('',(-0.138219601002,-0.990401606369,0.));
#10178 = ORIENTED_EDGE('',*,*,#10179,.T.);
#10179 = EDGE_CURVE('',#10172,#10180,#10182,.T.);
#10180 = VERTEX_POINT('',#10181);
#10181 = CARTESIAN_POINT('',(81.819173,-86.298464,1.56));
#10182 = LINE('',#10183,#10184);
#10183 = CARTESIAN_POINT('',(81.902533,-85.993608,1.56));
#10184 = VECTOR('',#10185,1.);
#10185 = DIRECTION('',(-0.263757757734,-0.964588951437,0.));
#10186 = ORIENTED_EDGE('',*,*,#10187,.T.);
#10187 = EDGE_CURVE('',#10180,#10188,#10190,.T.);
#10188 = VERTEX_POINT('',#10189);
#10189 = CARTESIAN_POINT('',(81.696606,-86.55051,1.56));
#10190 = LINE('',#10191,#10192);
#10191 = CARTESIAN_POINT('',(81.819173,-86.298464,1.56));
#10192 = VECTOR('',#10193,1.);
#10193 = DIRECTION('',(-0.437321531911,-0.899305219448,0.));
#10194 = ORIENTED_EDGE('',*,*,#10195,.T.);
#10195 = EDGE_CURVE('',#10188,#10196,#10198,.T.);
#10196 = VERTEX_POINT('',#10197);
#10197 = CARTESIAN_POINT('',(81.54737,-86.73577,1.56));
#10198 = LINE('',#10199,#10200);
#10199 = CARTESIAN_POINT('',(81.696606,-86.55051,1.56));
#10200 = VECTOR('',#10201,1.);
#10201 = DIRECTION('',(-0.62732642206,-0.778756419033,0.));
#10202 = ORIENTED_EDGE('',*,*,#10203,.T.);
#10203 = EDGE_CURVE('',#10196,#10204,#10206,.T.);
#10204 = VERTEX_POINT('',#10205);
#10205 = CARTESIAN_POINT('',(81.371129,-86.86606,1.56));
#10206 = LINE('',#10207,#10208);
#10207 = CARTESIAN_POINT('',(81.54737,-86.73577,1.56));
#10208 = VECTOR('',#10209,1.);
#10209 = DIRECTION('',(-0.804121804926,-0.594464568198,0.));
#10210 = ORIENTED_EDGE('',*,*,#10211,.T.);
#10211 = EDGE_CURVE('',#10204,#10212,#10214,.T.);
#10212 = VERTEX_POINT('',#10213);
#10213 = CARTESIAN_POINT('',(81.163013,-86.947278,1.56));
#10214 = LINE('',#10215,#10216);
#10215 = CARTESIAN_POINT('',(81.371129,-86.86606,1.56));
#10216 = VECTOR('',#10217,1.);
#10217 = DIRECTION('',(-0.931574587542,-0.363550254911,0.));
#10218 = ORIENTED_EDGE('',*,*,#10219,.T.);
#10219 = EDGE_CURVE('',#10212,#10220,#10222,.T.);
#10220 = VERTEX_POINT('',#10221);
#10221 = CARTESIAN_POINT('',(80.914253,-86.978681,1.56));
#10222 = LINE('',#10223,#10224);
#10223 = CARTESIAN_POINT('',(81.163013,-86.947278,1.56));
#10224 = VECTOR('',#10225,1.);
#10225 = DIRECTION('',(-0.992125952876,-0.125244136108,0.));
#10226 = ORIENTED_EDGE('',*,*,#10227,.T.);
#10227 = EDGE_CURVE('',#10220,#10228,#10230,.T.);
#10228 = VERTEX_POINT('',#10229);
#10229 = CARTESIAN_POINT('',(80.574193,-86.96816,1.56));
#10230 = LINE('',#10231,#10232);
#10231 = CARTESIAN_POINT('',(80.914253,-86.978681,1.56));
#10232 = VECTOR('',#10233,1.);
#10233 = DIRECTION('',(-0.999521743038,3.092386125536E-02,0.));
#10234 = ORIENTED_EDGE('',*,*,#10235,.T.);
#10235 = EDGE_CURVE('',#10228,#10236,#10238,.T.);
#10236 = VERTEX_POINT('',#10237);
#10237 = CARTESIAN_POINT('',(79.868893,-86.866024,1.56));
#10238 = LINE('',#10239,#10240);
#10239 = CARTESIAN_POINT('',(80.574193,-86.96816,1.56));
#10240 = VECTOR('',#10241,1.);
#10241 = DIRECTION('',(-0.989676804096,0.143317212623,0.));
#10242 = ORIENTED_EDGE('',*,*,#10243,.T.);
#10243 = EDGE_CURVE('',#10236,#10244,#10246,.T.);
#10244 = VERTEX_POINT('',#10245);
#10245 = CARTESIAN_POINT('',(79.734387,-86.886559,1.56));
#10246 = LINE('',#10247,#10248);
#10247 = CARTESIAN_POINT('',(79.868893,-86.866024,1.56));
#10248 = VECTOR('',#10249,1.);
#10249 = DIRECTION('',(-0.988545817379,-0.150921061959,0.));
#10250 = ORIENTED_EDGE('',*,*,#10251,.T.);
#10251 = EDGE_CURVE('',#10244,#10252,#10254,.T.);
#10252 = VERTEX_POINT('',#10253);
#10253 = CARTESIAN_POINT('',(79.646595,-86.94131,1.56));
#10254 = LINE('',#10255,#10256);
#10255 = CARTESIAN_POINT('',(79.734387,-86.886559,1.56));
#10256 = VECTOR('',#10257,1.);
#10257 = DIRECTION('',(-0.848514818415,-0.529171619544,0.));
#10258 = ORIENTED_EDGE('',*,*,#10259,.T.);
#10259 = EDGE_CURVE('',#10252,#10260,#10262,.T.);
#10260 = VERTEX_POINT('',#10261);
#10261 = CARTESIAN_POINT('',(79.592331,-87.030834,1.56));
#10262 = LINE('',#10263,#10264);
#10263 = CARTESIAN_POINT('',(79.646595,-86.94131,1.56));
#10264 = VECTOR('',#10265,1.);
#10265 = DIRECTION('',(-0.518350830812,-0.855168063129,0.));
#10266 = ORIENTED_EDGE('',*,*,#10267,.T.);
#10267 = EDGE_CURVE('',#10260,#10268,#10270,.T.);
#10268 = VERTEX_POINT('',#10269);
#10269 = CARTESIAN_POINT('',(79.571833,-87.16919,1.56));
#10270 = LINE('',#10271,#10272);
#10271 = CARTESIAN_POINT('',(79.592331,-87.030834,1.56));
#10272 = VECTOR('',#10273,1.);
#10273 = DIRECTION('',(-0.146554361646,-0.98920261781,0.));
#10274 = ORIENTED_EDGE('',*,*,#10275,.T.);
#10275 = EDGE_CURVE('',#10268,#10276,#10278,.T.);
#10276 = VERTEX_POINT('',#10277);
#10277 = CARTESIAN_POINT('',(79.594778,-87.283574,1.56));
#10278 = LINE('',#10279,#10280);
#10279 = CARTESIAN_POINT('',(79.571833,-87.16919,1.56));
#10280 = VECTOR('',#10281,1.);
#10281 = DIRECTION('',(0.19667821021,-0.980468093121,0.));
#10282 = ORIENTED_EDGE('',*,*,#10283,.T.);
#10283 = EDGE_CURVE('',#10276,#10284,#10286,.T.);
#10284 = VERTEX_POINT('',#10285);
#10285 = CARTESIAN_POINT('',(79.663952,-87.378644,1.56));
#10286 = LINE('',#10287,#10288);
#10287 = CARTESIAN_POINT('',(79.594778,-87.283574,1.56));
#10288 = VECTOR('',#10289,1.);
#10289 = DIRECTION('',(0.588350709883,-0.80860586331,0.));
#10290 = ORIENTED_EDGE('',*,*,#10291,.T.);
#10291 = EDGE_CURVE('',#10284,#10292,#10294,.T.);
#10292 = VERTEX_POINT('',#10293);
#10293 = CARTESIAN_POINT('',(79.791514,-87.459531,1.56));
#10294 = LINE('',#10295,#10296);
#10295 = CARTESIAN_POINT('',(79.663952,-87.378644,1.56));
#10296 = VECTOR('',#10297,1.);
#10297 = DIRECTION('',(0.84452647051,-0.535513809913,0.));
#10298 = ORIENTED_EDGE('',*,*,#10299,.T.);
#10299 = EDGE_CURVE('',#10292,#10300,#10302,.T.);
#10300 = VERTEX_POINT('',#10301);
#10301 = CARTESIAN_POINT('',(80.002311,-87.523037,1.56));
#10302 = LINE('',#10303,#10304);
#10303 = CARTESIAN_POINT('',(79.791514,-87.459531,1.56));
#10304 = VECTOR('',#10305,1.);
#10305 = DIRECTION('',(0.957491971858,-0.288459917194,0.));
#10306 = ORIENTED_EDGE('',*,*,#10307,.T.);
#10307 = EDGE_CURVE('',#10300,#10308,#10310,.T.);
#10308 = VERTEX_POINT('',#10309);
#10309 = CARTESIAN_POINT('',(80.327723,-87.567526,1.56));
#10310 = LINE('',#10311,#10312);
#10311 = CARTESIAN_POINT('',(80.002311,-87.523037,1.56));
#10312 = VECTOR('',#10313,1.);
#10313 = DIRECTION('',(0.990783382151,-0.135455858691,0.));
#10314 = ORIENTED_EDGE('',*,*,#10315,.T.);
#10315 = EDGE_CURVE('',#10308,#10316,#10318,.T.);
#10316 = VERTEX_POINT('',#10317);
#10317 = CARTESIAN_POINT('',(80.763738,-87.584403,1.56));
#10318 = LINE('',#10319,#10320);
#10319 = CARTESIAN_POINT('',(80.327723,-87.567526,1.56));
#10320 = VECTOR('',#10321,1.);
#10321 = DIRECTION('',(0.999251709961,-3.867841957043E-02,0.));
#10322 = ORIENTED_EDGE('',*,*,#10323,.T.);
#10323 = EDGE_CURVE('',#10316,#10324,#10326,.T.);
#10324 = VERTEX_POINT('',#10325);
#10325 = CARTESIAN_POINT('',(81.157959,-87.56094,1.56));
#10326 = LINE('',#10327,#10328);
#10327 = CARTESIAN_POINT('',(80.763738,-87.584403,1.56));
#10328 = VECTOR('',#10329,1.);
#10329 = DIRECTION('',(0.998233532559,5.941224179943E-02,0.));
#10330 = ORIENTED_EDGE('',*,*,#10331,.T.);
#10331 = EDGE_CURVE('',#10324,#10332,#10334,.T.);
#10332 = VERTEX_POINT('',#10333);
#10333 = CARTESIAN_POINT('',(81.478911,-87.49622,1.56));
#10334 = LINE('',#10335,#10336);
#10335 = CARTESIAN_POINT('',(81.157959,-87.56094,1.56));
#10336 = VECTOR('',#10337,1.);
#10337 = DIRECTION('',(0.98026837838,0.197671207685,0.));
#10338 = ORIENTED_EDGE('',*,*,#10339,.T.);
#10339 = EDGE_CURVE('',#10332,#10340,#10342,.T.);
#10340 = VERTEX_POINT('',#10341);
#10341 = CARTESIAN_POINT('',(81.73908,-87.39679,1.56));
#10342 = LINE('',#10343,#10344);
#10343 = CARTESIAN_POINT('',(81.478911,-87.49622,1.56));
#10344 = VECTOR('',#10345,1.);
#10345 = DIRECTION('',(0.934107375644,0.356992171858,0.));
#10346 = ORIENTED_EDGE('',*,*,#10347,.T.);
#10347 = EDGE_CURVE('',#10340,#10348,#10350,.T.);
#10348 = VERTEX_POINT('',#10349);
#10349 = CARTESIAN_POINT('',(81.948927,-87.266277,1.56));
#10350 = LINE('',#10351,#10352);
#10351 = CARTESIAN_POINT('',(81.73908,-87.39679,1.56));
#10352 = VECTOR('',#10353,1.);
#10353 = DIRECTION('',(0.849162711053,0.528131319045,0.));
#10354 = ORIENTED_EDGE('',*,*,#10355,.T.);
#10355 = EDGE_CURVE('',#10348,#10356,#10358,.T.);
#10356 = VERTEX_POINT('',#10357);
#10357 = CARTESIAN_POINT('',(82.14528,-87.069456,1.56));
#10358 = LINE('',#10359,#10360);
#10359 = CARTESIAN_POINT('',(81.948927,-87.266277,1.56));
#10360 = VECTOR('',#10361,1.);
#10361 = DIRECTION('',(0.706264602681,0.707947957833,0.));
#10362 = ORIENTED_EDGE('',*,*,#10363,.T.);
#10363 = EDGE_CURVE('',#10356,#10364,#10366,.T.);
#10364 = VERTEX_POINT('',#10365);
#10365 = CARTESIAN_POINT('',(82.309996,-86.802304,1.56));
#10366 = LINE('',#10367,#10368);
#10367 = CARTESIAN_POINT('',(82.14528,-87.069456,1.56));
#10368 = VECTOR('',#10369,1.);
#10369 = DIRECTION('',(0.524824681752,0.851210346168,0.));
#10370 = ORIENTED_EDGE('',*,*,#10371,.T.);
#10371 = EDGE_CURVE('',#10364,#10372,#10374,.T.);
#10372 = VERTEX_POINT('',#10373);
#10373 = CARTESIAN_POINT('',(82.440771,-86.448674,1.56));
#10374 = LINE('',#10375,#10376);
#10375 = CARTESIAN_POINT('',(82.309996,-86.802304,1.56));
#10376 = VECTOR('',#10377,1.);
#10377 = DIRECTION('',(0.346850006839,0.937920611116,0.));
#10378 = ORIENTED_EDGE('',*,*,#10379,.T.);
#10379 = EDGE_CURVE('',#10372,#10380,#10382,.T.);
#10380 = VERTEX_POINT('',#10381);
#10381 = CARTESIAN_POINT('',(82.531712,-85.982458,1.56));
#10382 = LINE('',#10383,#10384);
#10383 = CARTESIAN_POINT('',(82.440771,-86.448674,1.56));
#10384 = VECTOR('',#10385,1.);
#10385 = DIRECTION('',(0.191453623492,0.981501660748,0.));
#10386 = ORIENTED_EDGE('',*,*,#10387,.T.);
#10387 = EDGE_CURVE('',#10380,#10388,#10390,.T.);
#10388 = VERTEX_POINT('',#10389);
#10389 = CARTESIAN_POINT('',(82.659368,-84.180879,1.56));
#10390 = LINE('',#10391,#10392);
#10391 = CARTESIAN_POINT('',(82.531712,-85.982458,1.56));
#10392 = VECTOR('',#10393,1.);
#10393 = DIRECTION('',(7.068062625322E-02,0.997498997028,0.));
#10394 = ORIENTED_EDGE('',*,*,#10395,.T.);
#10395 = EDGE_CURVE('',#10388,#10396,#10398,.T.);
#10396 = VERTEX_POINT('',#10397);
#10397 = CARTESIAN_POINT('',(82.80772,-83.150014,1.56));
#10398 = LINE('',#10399,#10400);
#10399 = CARTESIAN_POINT('',(82.659368,-84.180879,1.56));
#10400 = VECTOR('',#10401,1.);
#10401 = DIRECTION('',(0.142442764716,0.989803040397,0.));
#10402 = ORIENTED_EDGE('',*,*,#10403,.T.);
#10403 = EDGE_CURVE('',#10396,#10404,#10406,.T.);
#10404 = VERTEX_POINT('',#10405);
#10405 = CARTESIAN_POINT('',(82.823316,-82.887918,1.56));
#10406 = LINE('',#10407,#10408);
#10407 = CARTESIAN_POINT('',(82.80772,-83.150014,1.56));
#10408 = VECTOR('',#10409,1.);
#10409 = DIRECTION('',(5.939984463722E-02,0.998234270328,0.));
#10410 = ORIENTED_EDGE('',*,*,#10411,.T.);
#10411 = EDGE_CURVE('',#10404,#10412,#10414,.T.);
#10412 = VERTEX_POINT('',#10413);
#10413 = CARTESIAN_POINT('',(82.797492,-82.704241,1.56));
#10414 = LINE('',#10415,#10416);
#10415 = CARTESIAN_POINT('',(82.823316,-82.887918,1.56));
#10416 = VECTOR('',#10417,1.);
#10417 = DIRECTION('',(-0.139225341085,0.990260725466,0.));
#10418 = ORIENTED_EDGE('',*,*,#10419,.T.);
#10419 = EDGE_CURVE('',#10412,#10420,#10422,.T.);
#10420 = VERTEX_POINT('',#10421);
#10421 = CARTESIAN_POINT('',(82.7295,-82.585031,1.56));
#10422 = LINE('',#10423,#10424);
#10423 = CARTESIAN_POINT('',(82.797492,-82.704241,1.56));
#10424 = VECTOR('',#10425,1.);
#10425 = DIRECTION('',(-0.495435667504,0.868644633533,0.));
#10426 = ORIENTED_EDGE('',*,*,#10427,.T.);
#10427 = EDGE_CURVE('',#10420,#10428,#10430,.T.);
#10428 = VERTEX_POINT('',#10429);
#10429 = CARTESIAN_POINT('',(82.621101,-82.511487,1.56));
#10430 = LINE('',#10431,#10432);
#10431 = CARTESIAN_POINT('',(82.7295,-82.585031,1.56));
#10432 = VECTOR('',#10433,1.);
#10433 = DIRECTION('',(-0.827519982462,0.561436264082,0.));
#10434 = ORIENTED_EDGE('',*,*,#10435,.T.);
#10435 = EDGE_CURVE('',#10428,#10436,#10438,.T.);
#10436 = VERTEX_POINT('',#10437);
#10437 = CARTESIAN_POINT('',(82.457868,-82.480949,1.56));
#10438 = LINE('',#10439,#10440);
#10439 = CARTESIAN_POINT('',(82.621101,-82.511487,1.56));
#10440 = VECTOR('',#10441,1.);
#10441 = DIRECTION('',(-0.982946481047,0.183891857886,0.));
#10442 = ORIENTED_EDGE('',*,*,#10443,.T.);
#10443 = EDGE_CURVE('',#10436,#10444,#10446,.T.);
#10444 = VERTEX_POINT('',#10445);
#10445 = CARTESIAN_POINT('',(82.322563,-82.339493,1.56));
#10446 = LINE('',#10447,#10448);
#10447 = CARTESIAN_POINT('',(82.457868,-82.480949,1.56));
#10448 = VECTOR('',#10449,1.);
#10449 = DIRECTION('',(-0.691220674132,0.722643743246,0.));
#10450 = ORIENTED_EDGE('',*,*,#10451,.T.);
#10451 = EDGE_CURVE('',#10444,#10007,#10452,.T.);
#10452 = LINE('',#10453,#10454);
#10453 = CARTESIAN_POINT('',(82.322563,-82.339493,1.56));
#10454 = VECTOR('',#10455,1.);
#10455 = DIRECTION('',(-0.878136278029,0.478410573889,0.));
#10456 = FACE_BOUND('',#10457,.F.);
#10457 = EDGE_LOOP('',(#10458,#10468,#10476,#10484,#10492,#10500,#10508,
    #10516,#10524,#10532,#10540,#10548,#10556,#10564,#10572,#10580,
    #10588,#10596,#10604,#10612,#10620,#10628,#10636,#10644,#10652,
    #10660,#10668,#10676,#10684,#10692,#10700,#10709,#10717,#10725,
    #10733,#10741,#10749,#10757,#10765,#10773,#10781,#10789,#10797,
    #10805,#10813,#10821,#10829,#10837,#10845,#10853,#10861,#10869,
    #10877,#10885,#10893,#10901,#10909,#10917,#10925,#10933,#10941,
    #10949,#10958,#10966,#10974,#10982,#10990,#10998,#11006,#11014,
    #11022,#11030,#11038,#11047,#11055,#11063,#11071,#11079,#11087,
    #11095,#11103));
#10458 = ORIENTED_EDGE('',*,*,#10459,.T.);
#10459 = EDGE_CURVE('',#10460,#10462,#10464,.T.);
#10460 = VERTEX_POINT('',#10461);
#10461 = CARTESIAN_POINT('',(100.803558,-81.972923,1.56));
#10462 = VERTEX_POINT('',#10463);
#10463 = CARTESIAN_POINT('',(100.684111,-81.886448,1.56));
#10464 = LINE('',#10465,#10466);
#10465 = CARTESIAN_POINT('',(100.803558,-81.972923,1.56));
#10466 = VECTOR('',#10467,1.);
#10467 = DIRECTION('',(-0.810010098719,0.586415927455,0.));
#10468 = ORIENTED_EDGE('',*,*,#10469,.T.);
#10469 = EDGE_CURVE('',#10462,#10470,#10472,.T.);
#10470 = VERTEX_POINT('',#10471);
#10471 = CARTESIAN_POINT('',(100.559316,-81.859351,1.56));
#10472 = LINE('',#10473,#10474);
#10473 = CARTESIAN_POINT('',(100.684111,-81.886448,1.56));
#10474 = VECTOR('',#10475,1.);
#10475 = DIRECTION('',(-0.977228915407,0.212187763298,0.));
#10476 = ORIENTED_EDGE('',*,*,#10477,.T.);
#10477 = EDGE_CURVE('',#10470,#10478,#10480,.T.);
#10478 = VERTEX_POINT('',#10479);
#10479 = CARTESIAN_POINT('',(100.45005,-81.882171,1.56));
#10480 = LINE('',#10481,#10482);
#10481 = CARTESIAN_POINT('',(100.559316,-81.859351,1.56));
#10482 = VECTOR('',#10483,1.);
#10483 = DIRECTION('',(-0.978879683095,-0.204437193347,0.));
#10484 = ORIENTED_EDGE('',*,*,#10485,.T.);
#10485 = EDGE_CURVE('',#10478,#10486,#10488,.T.);
#10486 = VERTEX_POINT('',#10487);
#10487 = CARTESIAN_POINT('',(100.360895,-81.95109,1.56));
#10488 = LINE('',#10489,#10490);
#10489 = CARTESIAN_POINT('',(100.45005,-81.882171,1.56));
#10490 = VECTOR('',#10491,1.);
#10491 = DIRECTION('',(-0.791171208525,-0.611594734118,0.));
#10492 = ORIENTED_EDGE('',*,*,#10493,.T.);
#10493 = EDGE_CURVE('',#10486,#10494,#10496,.T.);
#10494 = VERTEX_POINT('',#10495);
#10495 = CARTESIAN_POINT('',(100.286932,-82.079663,1.56));
#10496 = LINE('',#10497,#10498);
#10497 = CARTESIAN_POINT('',(100.360895,-81.95109,1.56));
#10498 = VECTOR('',#10499,1.);
#10499 = DIRECTION('',(-0.498640972903,-0.866808617944,0.));
#10500 = ORIENTED_EDGE('',*,*,#10501,.T.);
#10501 = EDGE_CURVE('',#10494,#10502,#10504,.T.);
#10502 = VERTEX_POINT('',#10503);
#10503 = CARTESIAN_POINT('',(100.232788,-82.295206,1.56));
#10504 = LINE('',#10505,#10506);
#10505 = CARTESIAN_POINT('',(100.286932,-82.079663,1.56));
#10506 = VECTOR('',#10507,1.);
#10507 = DIRECTION('',(-0.243629151008,-0.969868463648,0.));
#10508 = ORIENTED_EDGE('',*,*,#10509,.T.);
#10509 = EDGE_CURVE('',#10502,#10510,#10512,.T.);
#10510 = VERTEX_POINT('',#10511);
#10511 = CARTESIAN_POINT('',(100.210964,-82.634822,1.56));
#10512 = LINE('',#10513,#10514);
#10513 = CARTESIAN_POINT('',(100.232788,-82.295206,1.56));
#10514 = VECTOR('',#10515,1.);
#10515 = DIRECTION('',(-6.41285407579E-02,-0.997941646721,0.));
#10516 = ORIENTED_EDGE('',*,*,#10517,.T.);
#10517 = EDGE_CURVE('',#10510,#10518,#10520,.T.);
#10518 = VERTEX_POINT('',#10519);
#10519 = CARTESIAN_POINT('',(100.275994,-83.724755,1.56));
#10520 = LINE('',#10521,#10522);
#10521 = CARTESIAN_POINT('',(100.210964,-82.634822,1.56));
#10522 = VECTOR('',#10523,1.);
#10523 = DIRECTION('',(5.955830367995E-02,-0.998224828615,0.));
#10524 = ORIENTED_EDGE('',*,*,#10525,.T.);
#10525 = EDGE_CURVE('',#10518,#10526,#10528,.T.);
#10526 = VERTEX_POINT('',#10527);
#10527 = CARTESIAN_POINT('',(100.200889,-84.947801,1.56));
#10528 = LINE('',#10529,#10530);
#10529 = CARTESIAN_POINT('',(100.275994,-83.724755,1.56));
#10530 = VECTOR('',#10531,1.);
#10531 = DIRECTION('',(-6.129269889215E-02,-0.998119835021,0.));
#10532 = ORIENTED_EDGE('',*,*,#10533,.T.);
#10533 = EDGE_CURVE('',#10526,#10534,#10536,.T.);
#10534 = VERTEX_POINT('',#10535);
#10535 = CARTESIAN_POINT('',(100.225255,-85.333632,1.56));
#10536 = LINE('',#10537,#10538);
#10537 = CARTESIAN_POINT('',(100.200889,-84.947801,1.56));
#10538 = VECTOR('',#10539,1.);
#10539 = DIRECTION('',(6.302644658296E-02,-0.99801185716,0.));
#10540 = ORIENTED_EDGE('',*,*,#10541,.T.);
#10541 = EDGE_CURVE('',#10534,#10542,#10544,.T.);
#10542 = VERTEX_POINT('',#10543);
#10543 = CARTESIAN_POINT('',(100.285611,-85.577861,1.56));
#10544 = LINE('',#10545,#10546);
#10545 = CARTESIAN_POINT('',(100.225255,-85.333632,1.56));
#10546 = VECTOR('',#10547,1.);
#10547 = DIRECTION('',(0.239911280013,-0.970794817519,0.));
#10548 = ORIENTED_EDGE('',*,*,#10549,.T.);
#10549 = EDGE_CURVE('',#10542,#10550,#10552,.T.);
#10550 = VERTEX_POINT('',#10551);
#10551 = CARTESIAN_POINT('',(100.367808,-85.72296,1.56));
#10552 = LINE('',#10553,#10554);
#10553 = CARTESIAN_POINT('',(100.285611,-85.577861,1.56));
#10554 = VECTOR('',#10555,1.);
#10555 = DIRECTION('',(0.492895612772,-0.870088452348,0.));
#10556 = ORIENTED_EDGE('',*,*,#10557,.T.);
#10557 = EDGE_CURVE('',#10550,#10558,#10560,.T.);
#10558 = VERTEX_POINT('',#10559);
#10559 = CARTESIAN_POINT('',(100.466434,-85.800337,1.56));
#10560 = LINE('',#10561,#10562);
#10561 = CARTESIAN_POINT('',(100.367808,-85.72296,1.56));
#10562 = VECTOR('',#10563,1.);
#10563 = DIRECTION('',(0.786763249629,-0.617254881741,0.));
#10564 = ORIENTED_EDGE('',*,*,#10565,.T.);
#10565 = EDGE_CURVE('',#10558,#10566,#10568,.T.);
#10566 = VERTEX_POINT('',#10567);
#10567 = CARTESIAN_POINT('',(100.586793,-85.825854,1.56));
#10568 = LINE('',#10569,#10570);
#10569 = CARTESIAN_POINT('',(100.466434,-85.800337,1.56));
#10570 = VECTOR('',#10571,1.);
#10571 = DIRECTION('',(0.978256717222,-0.20739767407,0.));
#10572 = ORIENTED_EDGE('',*,*,#10573,.T.);
#10573 = EDGE_CURVE('',#10566,#10574,#10576,.T.);
#10574 = VERTEX_POINT('',#10575);
#10575 = CARTESIAN_POINT('',(100.717767,-85.801948,1.56));
#10576 = LINE('',#10577,#10578);
#10577 = CARTESIAN_POINT('',(100.586793,-85.825854,1.56));
#10578 = VECTOR('',#10579,1.);
#10579 = DIRECTION('',(0.983747340644,0.179558262903,0.));
#10580 = ORIENTED_EDGE('',*,*,#10581,.T.);
#10581 = EDGE_CURVE('',#10574,#10582,#10584,.T.);
#10582 = VERTEX_POINT('',#10583);
#10583 = CARTESIAN_POINT('',(100.831036,-85.729989,1.56));
#10584 = LINE('',#10585,#10586);
#10585 = CARTESIAN_POINT('',(100.717767,-85.801948,1.56));
#10586 = VECTOR('',#10587,1.);
#10587 = DIRECTION('',(0.844070571642,0.536232104678,0.));
#10588 = ORIENTED_EDGE('',*,*,#10589,.T.);
#10589 = EDGE_CURVE('',#10582,#10590,#10592,.T.);
#10590 = VERTEX_POINT('',#10591);
#10591 = CARTESIAN_POINT('',(100.909184,-85.622905,1.56));
#10592 = LINE('',#10593,#10594);
#10593 = CARTESIAN_POINT('',(100.831036,-85.729989,1.56));
#10594 = VECTOR('',#10595,1.);
#10595 = DIRECTION('',(0.589496740603,0.807770755115,0.));
#10596 = ORIENTED_EDGE('',*,*,#10597,.T.);
#10597 = EDGE_CURVE('',#10590,#10598,#10600,.T.);
#10598 = VERTEX_POINT('',#10599);
#10599 = CARTESIAN_POINT('',(100.935144,-85.493989,1.56));
#10600 = LINE('',#10601,#10602);
#10601 = CARTESIAN_POINT('',(100.909184,-85.622905,1.56));
#10602 = VECTOR('',#10603,1.);
#10603 = DIRECTION('',(0.197408702749,0.980321275949,0.));
#10604 = ORIENTED_EDGE('',*,*,#10605,.T.);
#10605 = EDGE_CURVE('',#10598,#10606,#10608,.T.);
#10606 = VERTEX_POINT('',#10607);
#10607 = CARTESIAN_POINT('',(100.87042,-84.939558,1.56));
#10608 = LINE('',#10609,#10610);
#10609 = CARTESIAN_POINT('',(100.935144,-85.493989,1.56));
#10610 = VECTOR('',#10611,1.);
#10611 = DIRECTION('',(-0.115952073908,0.993254809481,0.));
#10612 = ORIENTED_EDGE('',*,*,#10613,.T.);
#10613 = EDGE_CURVE('',#10606,#10614,#10616,.T.);
#10614 = VERTEX_POINT('',#10615);
#10615 = CARTESIAN_POINT('',(100.945525,-83.742158,1.56));
#10616 = LINE('',#10617,#10618);
#10617 = CARTESIAN_POINT('',(100.87042,-84.939558,1.56));
#10618 = VECTOR('',#10619,1.);
#10619 = DIRECTION('',(6.260037959187E-02,0.998038672835,0.));
#10620 = ORIENTED_EDGE('',*,*,#10621,.T.);
#10621 = EDGE_CURVE('',#10614,#10622,#10624,.T.);
#10622 = VERTEX_POINT('',#10623);
#10623 = CARTESIAN_POINT('',(101.119853,-83.526613,1.56));
#10624 = LINE('',#10625,#10626);
#10625 = CARTESIAN_POINT('',(100.945525,-83.742158,1.56));
#10626 = VECTOR('',#10627,1.);
#10627 = DIRECTION('',(0.628847731031,0.77752847612,0.));
#10628 = ORIENTED_EDGE('',*,*,#10629,.T.);
#10629 = EDGE_CURVE('',#10622,#10630,#10632,.T.);
#10630 = VERTEX_POINT('',#10631);
#10631 = CARTESIAN_POINT('',(101.522854,-83.075069,1.56));
#10632 = LINE('',#10633,#10634);
#10633 = CARTESIAN_POINT('',(101.119853,-83.526613,1.56));
#10634 = VECTOR('',#10635,1.);
#10635 = DIRECTION('',(0.665865637487,0.746071680748,0.));
#10636 = ORIENTED_EDGE('',*,*,#10637,.T.);
#10637 = EDGE_CURVE('',#10630,#10638,#10640,.T.);
#10638 = VERTEX_POINT('',#10639);
#10639 = CARTESIAN_POINT('',(101.775756,-82.856457,1.56));
#10640 = LINE('',#10641,#10642);
#10641 = CARTESIAN_POINT('',(101.522854,-83.075069,1.56));
#10642 = VECTOR('',#10643,1.);
#10643 = DIRECTION('',(0.756531955936,0.653956726128,0.));
#10644 = ORIENTED_EDGE('',*,*,#10645,.T.);
#10645 = EDGE_CURVE('',#10638,#10646,#10648,.T.);
#10646 = VERTEX_POINT('',#10647);
#10647 = CARTESIAN_POINT('',(102.007676,-82.719085,1.56));
#10648 = LINE('',#10649,#10650);
#10649 = CARTESIAN_POINT('',(101.775756,-82.856457,1.56));
#10650 = VECTOR('',#10651,1.);
#10651 = DIRECTION('',(0.860392515545,0.509631944832,0.));
#10652 = ORIENTED_EDGE('',*,*,#10653,.T.);
#10653 = EDGE_CURVE('',#10646,#10654,#10656,.T.);
#10654 = VERTEX_POINT('',#10655);
#10655 = CARTESIAN_POINT('',(102.08131,-82.942658,1.56));
#10656 = LINE('',#10657,#10658);
#10657 = CARTESIAN_POINT('',(102.007676,-82.719085,1.56));
#10658 = VECTOR('',#10659,1.);
#10659 = DIRECTION('',(0.312821543161,-0.949811919347,0.));
#10660 = ORIENTED_EDGE('',*,*,#10661,.T.);
#10661 = EDGE_CURVE('',#10654,#10662,#10664,.T.);
#10662 = VERTEX_POINT('',#10663);
#10663 = CARTESIAN_POINT('',(102.110258,-83.281149,1.56));
#10664 = LINE('',#10665,#10666);
#10665 = CARTESIAN_POINT('',(102.08131,-82.942658,1.56));
#10666 = VECTOR('',#10667,1.);
#10667 = DIRECTION('',(8.520970209009E-02,-0.996363039594,0.));
#10668 = ORIENTED_EDGE('',*,*,#10669,.T.);
#10669 = EDGE_CURVE('',#10662,#10670,#10672,.T.);
#10670 = VERTEX_POINT('',#10671);
#10671 = CARTESIAN_POINT('',(102.127877,-83.742284,1.56));
#10672 = LINE('',#10673,#10674);
#10673 = CARTESIAN_POINT('',(102.110258,-83.281149,1.56));
#10674 = VECTOR('',#10675,1.);
#10675 = DIRECTION('',(3.818004179075E-02,-0.999270876394,0.));
#10676 = ORIENTED_EDGE('',*,*,#10677,.T.);
#10677 = EDGE_CURVE('',#10670,#10678,#10680,.T.);
#10678 = VERTEX_POINT('',#10679);
#10679 = CARTESIAN_POINT('',(102.259945,-85.255116,1.56));
#10680 = LINE('',#10681,#10682);
#10681 = CARTESIAN_POINT('',(102.127877,-83.742284,1.56));
#10682 = VECTOR('',#10683,1.);
#10683 = DIRECTION('',(8.696776050432E-02,-0.996211126535,0.));
#10684 = ORIENTED_EDGE('',*,*,#10685,.T.);
#10685 = EDGE_CURVE('',#10678,#10686,#10688,.T.);
#10686 = VERTEX_POINT('',#10687);
#10687 = CARTESIAN_POINT('',(102.277564,-85.71625,1.56));
#10688 = LINE('',#10689,#10690);
#10689 = CARTESIAN_POINT('',(102.259945,-85.255116,1.56));
#10690 = VECTOR('',#10691,1.);
#10691 = DIRECTION('',(3.818012446604E-02,-0.999270873235,0.));
#10692 = ORIENTED_EDGE('',*,*,#10693,.T.);
#10693 = EDGE_CURVE('',#10686,#10694,#10696,.T.);
#10694 = VERTEX_POINT('',#10695);
#10695 = CARTESIAN_POINT('',(102.301635,-85.854621,1.56));
#10696 = LINE('',#10697,#10698);
#10697 = CARTESIAN_POINT('',(102.277564,-85.71625,1.56));
#10698 = VECTOR('',#10699,1.);
#10699 = DIRECTION('',(0.171385945768,-0.985203967508,0.));
#10700 = ORIENTED_EDGE('',*,*,#10701,.T.);
#10701 = EDGE_CURVE('',#10694,#10702,#10704,.T.);
#10702 = VERTEX_POINT('',#10703);
#10703 = CARTESIAN_POINT('',(102.612177,-86.060327,1.56));
#10704 = CIRCLE('',#10705,0.321695349303);
#10705 = AXIS2_PLACEMENT_3D('',#10706,#10707,#10708);
#10706 = CARTESIAN_POINT('',(102.60175746636,-85.73880043642,1.56));
#10707 = DIRECTION('',(0.,0.,1.));
#10708 = DIRECTION('',(-0.93294002234,-0.360031824588,0.));
#10709 = ORIENTED_EDGE('',*,*,#10710,.T.);
#10710 = EDGE_CURVE('',#10702,#10711,#10713,.T.);
#10711 = VERTEX_POINT('',#10712);
#10712 = CARTESIAN_POINT('',(102.747089,-86.035588,1.56));
#10713 = LINE('',#10714,#10715);
#10714 = CARTESIAN_POINT('',(102.612177,-86.060327,1.56));
#10715 = VECTOR('',#10716,1.);
#10716 = DIRECTION('',(0.983599918491,0.180364077202,0.));
#10717 = ORIENTED_EDGE('',*,*,#10718,.T.);
#10718 = EDGE_CURVE('',#10711,#10719,#10721,.T.);
#10719 = VERTEX_POINT('',#10720);
#10720 = CARTESIAN_POINT('',(102.852756,-85.963546,1.56));
#10721 = LINE('',#10722,#10723);
#10722 = CARTESIAN_POINT('',(102.747089,-86.035588,1.56));
#10723 = VECTOR('',#10724,1.);
#10724 = DIRECTION('',(0.826240742342,0.563317171489,0.));
#10725 = ORIENTED_EDGE('',*,*,#10726,.T.);
#10726 = EDGE_CURVE('',#10719,#10727,#10729,.T.);
#10727 = VERTEX_POINT('',#10728);
#10728 = CARTESIAN_POINT('',(102.922664,-85.855239,1.56));
#10729 = LINE('',#10730,#10731);
#10730 = CARTESIAN_POINT('',(102.852756,-85.963546,1.56));
#10731 = VECTOR('',#10732,1.);
#10732 = DIRECTION('',(0.542304964568,0.840181721656,0.));
#10733 = ORIENTED_EDGE('',*,*,#10734,.T.);
#10734 = EDGE_CURVE('',#10727,#10735,#10737,.T.);
#10735 = VERTEX_POINT('',#10736);
#10736 = CARTESIAN_POINT('',(102.946789,-85.717472,1.56));
#10737 = LINE('',#10738,#10739);
#10738 = CARTESIAN_POINT('',(102.922664,-85.855239,1.56));
#10739 = VECTOR('',#10740,1.);
#10740 = DIRECTION('',(0.172489767822,0.985011309578,0.));
#10741 = ORIENTED_EDGE('',*,*,#10742,.T.);
#10742 = EDGE_CURVE('',#10735,#10743,#10745,.T.);
#10743 = VERTEX_POINT('',#10744);
#10744 = CARTESIAN_POINT('',(102.932257,-85.345278,1.56));
#10745 = LINE('',#10746,#10747);
#10746 = CARTESIAN_POINT('',(102.946789,-85.717472,1.56));
#10747 = VECTOR('',#10748,1.);
#10748 = DIRECTION('',(-3.90144280231E-02,0.999238647374,0.));
#10749 = ORIENTED_EDGE('',*,*,#10750,.T.);
#10750 = EDGE_CURVE('',#10743,#10751,#10753,.T.);
#10751 = VERTEX_POINT('',#10752);
#10752 = CARTESIAN_POINT('',(102.88176,-84.831786,1.56));
#10753 = LINE('',#10754,#10755);
#10754 = CARTESIAN_POINT('',(102.932257,-85.345278,1.56));
#10755 = VECTOR('',#10756,1.);
#10756 = DIRECTION('',(-9.786828791049E-02,0.995199376116,0.));
#10757 = ORIENTED_EDGE('',*,*,#10758,.T.);
#10758 = EDGE_CURVE('',#10751,#10759,#10761,.T.);
#10759 = VERTEX_POINT('',#10760);
#10760 = CARTESIAN_POINT('',(102.779483,-83.925645,1.56));
#10761 = LINE('',#10762,#10763);
#10762 = CARTESIAN_POINT('',(102.88176,-84.831786,1.56));
#10763 = VECTOR('',#10764,1.);
#10764 = DIRECTION('',(-0.112158772946,0.99369029866,0.));
#10765 = ORIENTED_EDGE('',*,*,#10766,.T.);
#10766 = EDGE_CURVE('',#10759,#10767,#10769,.T.);
#10767 = VERTEX_POINT('',#10768);
#10768 = CARTESIAN_POINT('',(102.762386,-83.287561,1.56));
#10769 = LINE('',#10770,#10771);
#10770 = CARTESIAN_POINT('',(102.779483,-83.925645,1.56));
#10771 = VECTOR('',#10772,1.);
#10772 = DIRECTION('',(-2.678466479269E-02,0.999641226507,0.));
#10773 = ORIENTED_EDGE('',*,*,#10774,.T.);
#10774 = EDGE_CURVE('',#10767,#10775,#10777,.T.);
#10775 = VERTEX_POINT('',#10776);
#10776 = CARTESIAN_POINT('',(102.897724,-83.166822,1.56));
#10777 = LINE('',#10778,#10779);
#10778 = CARTESIAN_POINT('',(102.762386,-83.287561,1.56));
#10779 = VECTOR('',#10780,1.);
#10780 = DIRECTION('',(0.746207413546,0.665713523949,0.));
#10781 = ORIENTED_EDGE('',*,*,#10782,.T.);
#10782 = EDGE_CURVE('',#10775,#10783,#10785,.T.);
#10783 = VERTEX_POINT('',#10784);
#10784 = CARTESIAN_POINT('',(103.192864,-82.971877,1.56));
#10785 = LINE('',#10786,#10787);
#10786 = CARTESIAN_POINT('',(102.897724,-83.166822,1.56));
#10787 = VECTOR('',#10788,1.);
#10788 = DIRECTION('',(0.834411009414,0.551142692384,0.));
#10789 = ORIENTED_EDGE('',*,*,#10790,.T.);
#10790 = EDGE_CURVE('',#10783,#10791,#10793,.T.);
#10791 = VERTEX_POINT('',#10792);
#10792 = CARTESIAN_POINT('',(103.517414,-82.796732,1.56));
#10793 = LINE('',#10794,#10795);
#10794 = CARTESIAN_POINT('',(103.192864,-82.971877,1.56));
#10795 = VECTOR('',#10796,1.);
#10796 = DIRECTION('',(0.880032336137,0.474913768334,0.));
#10797 = ORIENTED_EDGE('',*,*,#10798,.T.);
#10798 = EDGE_CURVE('',#10791,#10799,#10801,.T.);
#10799 = VERTEX_POINT('',#10800);
#10800 = CARTESIAN_POINT('',(103.664253,-82.758164,1.56));
#10801 = LINE('',#10802,#10803);
#10802 = CARTESIAN_POINT('',(103.517414,-82.796732,1.56));
#10803 = VECTOR('',#10804,1.);
#10804 = DIRECTION('',(0.96719413537,0.254038391796,0.));
#10805 = ORIENTED_EDGE('',*,*,#10806,.T.);
#10806 = EDGE_CURVE('',#10799,#10807,#10809,.T.);
#10807 = VERTEX_POINT('',#10808);
#10808 = CARTESIAN_POINT('',(103.739516,-82.782561,1.56));
#10809 = LINE('',#10810,#10811);
#10810 = CARTESIAN_POINT('',(103.664253,-82.758164,1.56));
#10811 = VECTOR('',#10812,1.);
#10812 = DIRECTION('',(0.951269622595,-0.308360349474,0.));
#10813 = ORIENTED_EDGE('',*,*,#10814,.T.);
#10814 = EDGE_CURVE('',#10807,#10815,#10817,.T.);
#10815 = VERTEX_POINT('',#10816);
#10816 = CARTESIAN_POINT('',(103.822057,-82.870938,1.56));
#10817 = LINE('',#10818,#10819);
#10818 = CARTESIAN_POINT('',(103.739516,-82.782561,1.56));
#10819 = VECTOR('',#10820,1.);
#10820 = DIRECTION('',(0.682564820467,-0.730825058315,0.));
#10821 = ORIENTED_EDGE('',*,*,#10822,.T.);
#10822 = EDGE_CURVE('',#10815,#10823,#10825,.T.);
#10823 = VERTEX_POINT('',#10824);
#10824 = CARTESIAN_POINT('',(103.916739,-83.065605,1.56));
#10825 = LINE('',#10826,#10827);
#10826 = CARTESIAN_POINT('',(103.822057,-82.870938,1.56));
#10827 = VECTOR('',#10828,1.);
#10828 = DIRECTION('',(0.437387777047,-0.899273002202,0.));
#10829 = ORIENTED_EDGE('',*,*,#10830,.T.);
#10830 = EDGE_CURVE('',#10823,#10831,#10833,.T.);
#10831 = VERTEX_POINT('',#10832);
#10832 = CARTESIAN_POINT('',(103.986939,-83.293966,1.56));
#10833 = LINE('',#10834,#10835);
#10834 = CARTESIAN_POINT('',(103.916739,-83.065605,1.56));
#10835 = VECTOR('',#10836,1.);
#10836 = DIRECTION('',(0.293837591743,-0.955855360229,0.));
#10837 = ORIENTED_EDGE('',*,*,#10838,.T.);
#10838 = EDGE_CURVE('',#10831,#10839,#10841,.T.);
#10839 = VERTEX_POINT('',#10840);
#10840 = CARTESIAN_POINT('',(104.03306,-83.526919,1.56));
#10841 = LINE('',#10842,#10843);
#10842 = CARTESIAN_POINT('',(103.986939,-83.293966,1.56));
#10843 = VECTOR('',#10844,1.);
#10844 = DIRECTION('',(0.194214349545,-0.980959115576,0.));
#10845 = ORIENTED_EDGE('',*,*,#10846,.T.);
#10846 = EDGE_CURVE('',#10839,#10847,#10849,.T.);
#10847 = VERTEX_POINT('',#10848);
#10848 = CARTESIAN_POINT('',(104.149075,-84.586322,1.56));
#10849 = LINE('',#10850,#10851);
#10850 = CARTESIAN_POINT('',(104.03306,-83.526919,1.56));
#10851 = VECTOR('',#10852,1.);
#10852 = DIRECTION('',(0.108858995293,-0.994057201143,0.));
#10853 = ORIENTED_EDGE('',*,*,#10854,.T.);
#10854 = EDGE_CURVE('',#10847,#10855,#10857,.T.);
#10855 = VERTEX_POINT('',#10856);
#10856 = CARTESIAN_POINT('',(104.272112,-85.645725,1.56));
#10857 = LINE('',#10858,#10859);
#10858 = CARTESIAN_POINT('',(104.149075,-84.586322,1.56));
#10859 = VECTOR('',#10860,1.);
#10860 = DIRECTION('',(0.115362648832,-0.99332344141,0.));
#10861 = ORIENTED_EDGE('',*,*,#10862,.T.);
#10862 = EDGE_CURVE('',#10855,#10863,#10865,.T.);
#10863 = VERTEX_POINT('',#10864);
#10864 = CARTESIAN_POINT('',(104.313371,-85.781565,1.56));
#10865 = LINE('',#10866,#10867);
#10866 = CARTESIAN_POINT('',(104.272112,-85.645725,1.56));
#10867 = VECTOR('',#10868,1.);
#10868 = DIRECTION('',(0.290622568137,-0.956837772504,0.));
#10869 = ORIENTED_EDGE('',*,*,#10870,.T.);
#10870 = EDGE_CURVE('',#10863,#10871,#10873,.T.);
#10871 = VERTEX_POINT('',#10872);
#10872 = CARTESIAN_POINT('',(104.379913,-85.870421,1.56));
#10873 = LINE('',#10874,#10875);
#10874 = CARTESIAN_POINT('',(104.313371,-85.781565,1.56));
#10875 = VECTOR('',#10876,1.);
#10876 = DIRECTION('',(0.599423319709,-0.800432185628,0.));
#10877 = ORIENTED_EDGE('',*,*,#10878,.T.);
#10878 = EDGE_CURVE('',#10871,#10879,#10881,.T.);
#10879 = VERTEX_POINT('',#10880);
#10880 = CARTESIAN_POINT('',(104.472437,-85.923797,1.56));
#10881 = LINE('',#10882,#10883);
#10882 = CARTESIAN_POINT('',(104.379913,-85.870421,1.56));
#10883 = VECTOR('',#10884,1.);
#10884 = DIRECTION('',(0.866198677838,-0.499699760368,0.));
#10885 = ORIENTED_EDGE('',*,*,#10886,.T.);
#10886 = EDGE_CURVE('',#10879,#10887,#10889,.T.);
#10887 = VERTEX_POINT('',#10888);
#10888 = CARTESIAN_POINT('',(104.600008,-85.943091,1.56));
#10889 = LINE('',#10890,#10891);
#10890 = CARTESIAN_POINT('',(104.472437,-85.923797,1.56));
#10891 = VECTOR('',#10892,1.);
#10892 = DIRECTION('',(0.988755578642,-0.149540649006,0.));
#10893 = ORIENTED_EDGE('',*,*,#10894,.T.);
#10894 = EDGE_CURVE('',#10887,#10895,#10897,.T.);
#10895 = VERTEX_POINT('',#10896);
#10896 = CARTESIAN_POINT('',(104.736509,-85.918848,1.56));
#10897 = LINE('',#10898,#10899);
#10898 = CARTESIAN_POINT('',(104.600008,-85.943091,1.56));
#10899 = VECTOR('',#10900,1.);
#10900 = DIRECTION('',(0.984592133233,0.174866609666,0.));
#10901 = ORIENTED_EDGE('',*,*,#10902,.T.);
#10902 = EDGE_CURVE('',#10895,#10903,#10905,.T.);
#10903 = VERTEX_POINT('',#10904);
#10904 = CARTESIAN_POINT('',(104.849441,-85.847226,1.56));
#10905 = LINE('',#10906,#10907);
#10906 = CARTESIAN_POINT('',(104.736509,-85.918848,1.56));
#10907 = VECTOR('',#10908,1.);
#10908 = DIRECTION('',(0.844486306032,0.535577145633,0.));
#10909 = ORIENTED_EDGE('',*,*,#10910,.T.);
#10910 = EDGE_CURVE('',#10903,#10911,#10913,.T.);
#10911 = VERTEX_POINT('',#10912);
#10912 = CARTESIAN_POINT('',(104.923911,-85.740731,1.56));
#10913 = LINE('',#10914,#10915);
#10914 = CARTESIAN_POINT('',(104.849441,-85.847226,1.56));
#10915 = VECTOR('',#10916,1.);
#10916 = DIRECTION('',(0.573067184657,0.819508390359,0.));
#10917 = ORIENTED_EDGE('',*,*,#10918,.T.);
#10918 = EDGE_CURVE('',#10911,#10919,#10921,.T.);
#10919 = VERTEX_POINT('',#10920);
#10920 = CARTESIAN_POINT('',(104.941643,-85.614279,1.56));
#10921 = LINE('',#10922,#10923);
#10922 = CARTESIAN_POINT('',(104.923911,-85.740731,1.56));
#10923 = VECTOR('',#10924,1.);
#10924 = DIRECTION('',(0.13886843852,0.990310838466,0.));
#10925 = ORIENTED_EDGE('',*,*,#10926,.T.);
#10926 = EDGE_CURVE('',#10919,#10927,#10929,.T.);
#10927 = VERTEX_POINT('',#10928);
#10928 = CARTESIAN_POINT('',(104.79276,-84.340005,1.56));
#10929 = LINE('',#10930,#10931);
#10930 = CARTESIAN_POINT('',(104.941643,-85.614279,1.56));
#10931 = VECTOR('',#10932,1.);
#10932 = DIRECTION('',(-0.116048107383,0.993243593875,0.));
#10933 = ORIENTED_EDGE('',*,*,#10934,.T.);
#10934 = EDGE_CURVE('',#10927,#10935,#10937,.T.);
#10935 = VERTEX_POINT('',#10936);
#10936 = CARTESIAN_POINT('',(104.695874,-83.652704,1.56));
#10937 = LINE('',#10938,#10939);
#10938 = CARTESIAN_POINT('',(104.79276,-84.340005,1.56));
#10939 = VECTOR('',#10940,1.);
#10940 = DIRECTION('',(-0.139585834515,0.990209975108,0.));
#10941 = ORIENTED_EDGE('',*,*,#10942,.T.);
#10942 = EDGE_CURVE('',#10935,#10943,#10945,.T.);
#10943 = VERTEX_POINT('',#10944);
#10944 = CARTESIAN_POINT('',(104.596802,-82.897345,1.56));
#10945 = LINE('',#10946,#10947);
#10946 = CARTESIAN_POINT('',(104.695874,-83.652704,1.56));
#10947 = VECTOR('',#10948,1.);
#10948 = DIRECTION('',(-0.130045037235,0.991508087859,0.));
#10949 = ORIENTED_EDGE('',*,*,#10950,.T.);
#10950 = EDGE_CURVE('',#10943,#10951,#10953,.T.);
#10951 = VERTEX_POINT('',#10952);
#10952 = CARTESIAN_POINT('',(104.322225,-82.286969,1.56));
#10953 = CIRCLE('',#10954,1.038065853821);
#10954 = AXIS2_PLACEMENT_3D('',#10955,#10956,#10957);
#10955 = CARTESIAN_POINT('',(103.56336696614,-82.99528757332,1.56));
#10956 = DIRECTION('',(0.,0.,1.));
#10957 = DIRECTION('',(0.995538992108,9.435102115015E-02,-0.));
#10958 = ORIENTED_EDGE('',*,*,#10959,.T.);
#10959 = EDGE_CURVE('',#10951,#10960,#10962,.T.);
#10960 = VERTEX_POINT('',#10961);
#10961 = CARTESIAN_POINT('',(104.170506,-82.170092,1.56));
#10962 = LINE('',#10963,#10964);
#10963 = CARTESIAN_POINT('',(104.322225,-82.286969,1.56));
#10964 = VECTOR('',#10965,1.);
#10965 = DIRECTION('',(-0.792194623711,0.610268529554,0.));
#10966 = ORIENTED_EDGE('',*,*,#10967,.T.);
#10967 = EDGE_CURVE('',#10960,#10968,#10970,.T.);
#10968 = VERTEX_POINT('',#10969);
#10969 = CARTESIAN_POINT('',(103.991432,-82.099132,1.56));
#10970 = LINE('',#10971,#10972);
#10971 = CARTESIAN_POINT('',(104.170506,-82.170092,1.56));
#10972 = VECTOR('',#10973,1.);
#10973 = DIRECTION('',(-0.929670564268,0.368391967792,0.));
#10974 = ORIENTED_EDGE('',*,*,#10975,.T.);
#10975 = EDGE_CURVE('',#10968,#10976,#10978,.T.);
#10976 = VERTEX_POINT('',#10977);
#10977 = CARTESIAN_POINT('',(103.77691,-82.074284,1.56));
#10978 = LINE('',#10979,#10980);
#10979 = CARTESIAN_POINT('',(103.991432,-82.099132,1.56));
#10980 = VECTOR('',#10981,1.);
#10981 = DIRECTION('',(-0.993358505488,0.11506033015,0.));
#10982 = ORIENTED_EDGE('',*,*,#10983,.T.);
#10983 = EDGE_CURVE('',#10976,#10984,#10986,.T.);
#10984 = VERTEX_POINT('',#10985);
#10985 = CARTESIAN_POINT('',(103.455473,-82.106595,1.56));
#10986 = LINE('',#10987,#10988);
#10987 = CARTESIAN_POINT('',(103.77691,-82.074284,1.56));
#10988 = VECTOR('',#10989,1.);
#10989 = DIRECTION('',(-0.994985784296,-0.100016443895,0.));
#10990 = ORIENTED_EDGE('',*,*,#10991,.T.);
#10991 = EDGE_CURVE('',#10984,#10992,#10994,.T.);
#10992 = VERTEX_POINT('',#10993);
#10993 = CARTESIAN_POINT('',(103.182484,-82.198848,1.56));
#10994 = LINE('',#10995,#10996);
#10995 = CARTESIAN_POINT('',(103.455473,-82.106595,1.56));
#10996 = VECTOR('',#10997,1.);
#10997 = DIRECTION('',(-0.947366857455,-0.320150023264,0.));
#10998 = ORIENTED_EDGE('',*,*,#10999,.T.);
#10999 = EDGE_CURVE('',#10992,#11000,#11002,.T.);
#11000 = VERTEX_POINT('',#11001);
#11001 = CARTESIAN_POINT('',(102.943149,-82.352764,1.56));
#11002 = LINE('',#11003,#11004);
#11003 = CARTESIAN_POINT('',(103.182484,-82.198848,1.56));
#11004 = VECTOR('',#11005,1.);
#11005 = DIRECTION('',(-0.841086090008,-0.540901274906,0.));
#11006 = ORIENTED_EDGE('',*,*,#11007,.T.);
#11007 = EDGE_CURVE('',#11000,#11008,#11010,.T.);
#11008 = VERTEX_POINT('',#11009);
#11009 = CARTESIAN_POINT('',(102.735214,-82.572845,1.56));
#11010 = LINE('',#11011,#11012);
#11011 = CARTESIAN_POINT('',(102.943149,-82.352764,1.56));
#11012 = VECTOR('',#11013,1.);
#11013 = DIRECTION('',(-0.686764435267,-0.726880052314,0.));
#11014 = ORIENTED_EDGE('',*,*,#11015,.T.);
#11015 = EDGE_CURVE('',#11008,#11016,#11018,.T.);
#11016 = VERTEX_POINT('',#11017);
#11017 = CARTESIAN_POINT('',(102.607881,-82.329737,1.56));
#11018 = LINE('',#11019,#11020);
#11019 = CARTESIAN_POINT('',(102.735214,-82.572845,1.56));
#11020 = VECTOR('',#11021,1.);
#11021 = DIRECTION('',(-0.463980443743,0.885845442402,0.));
#11022 = ORIENTED_EDGE('',*,*,#11023,.T.);
#11023 = EDGE_CURVE('',#11016,#11024,#11026,.T.);
#11024 = VERTEX_POINT('',#11025);
#11025 = CARTESIAN_POINT('',(102.446351,-82.166987,1.56));
#11026 = LINE('',#11027,#11028);
#11027 = CARTESIAN_POINT('',(102.607881,-82.329737,1.56));
#11028 = VECTOR('',#11029,1.);
#11029 = DIRECTION('',(-0.704441532292,0.709762021795,0.));
#11030 = ORIENTED_EDGE('',*,*,#11031,.T.);
#11031 = EDGE_CURVE('',#11024,#11032,#11034,.T.);
#11032 = VERTEX_POINT('',#11033);
#11033 = CARTESIAN_POINT('',(102.246932,-82.069513,1.56));
#11034 = LINE('',#11035,#11036);
#11035 = CARTESIAN_POINT('',(102.446351,-82.166987,1.56));
#11036 = VECTOR('',#11037,1.);
#11037 = DIRECTION('',(-0.898419437085,0.43913837804,0.));
#11038 = ORIENTED_EDGE('',*,*,#11039,.T.);
#11039 = EDGE_CURVE('',#11032,#11040,#11042,.T.);
#11040 = VERTEX_POINT('',#11041);
#11041 = CARTESIAN_POINT('',(101.652683,-82.15157,1.56));
#11042 = CIRCLE('',#11043,0.672610431562);
#11043 = AXIS2_PLACEMENT_3D('',#11044,#11045,#11046);
#11044 = CARTESIAN_POINT('',(102.0321573568,-82.70691134113,1.56));
#11045 = DIRECTION('',(0.,0.,1.));
#11046 = DIRECTION('',(0.319315064294,0.947648610886,-0.));
#11047 = ORIENTED_EDGE('',*,*,#11048,.T.);
#11048 = EDGE_CURVE('',#11040,#11049,#11051,.T.);
#11049 = VERTEX_POINT('',#11050);
#11050 = CARTESIAN_POINT('',(101.409891,-82.330739,1.56));
#11051 = LINE('',#11052,#11053);
#11052 = CARTESIAN_POINT('',(101.652683,-82.15157,1.56));
#11053 = VECTOR('',#11054,1.);
#11054 = DIRECTION('',(-0.804628893862,-0.593778025159,0.));
#11055 = ORIENTED_EDGE('',*,*,#11056,.T.);
#11056 = EDGE_CURVE('',#11049,#11057,#11059,.T.);
#11057 = VERTEX_POINT('',#11058);
#11058 = CARTESIAN_POINT('',(101.194684,-82.539559,1.56));
#11059 = LINE('',#11060,#11061);
#11060 = CARTESIAN_POINT('',(101.409891,-82.330739,1.56));
#11061 = VECTOR('',#11062,1.);
#11062 = DIRECTION('',(-0.717676322115,-0.696376835252,0.));
#11063 = ORIENTED_EDGE('',*,*,#11064,.T.);
#11064 = EDGE_CURVE('',#11057,#11065,#11067,.T.);
#11065 = VERTEX_POINT('',#11066);
#11066 = CARTESIAN_POINT('',(101.021671,-82.759388,1.56));
#11067 = LINE('',#11068,#11069);
#11068 = CARTESIAN_POINT('',(101.194684,-82.539559,1.56));
#11069 = VECTOR('',#11070,1.);
#11070 = DIRECTION('',(-0.618462778082,-0.785814095144,0.));
#11071 = ORIENTED_EDGE('',*,*,#11072,.T.);
#11072 = EDGE_CURVE('',#11065,#11073,#11075,.T.);
#11073 = VERTEX_POINT('',#11074);
#11074 = CARTESIAN_POINT('',(100.887212,-82.991416,1.56));
#11075 = LINE('',#11076,#11077);
#11076 = CARTESIAN_POINT('',(101.021671,-82.759388,1.56));
#11077 = VECTOR('',#11078,1.);
#11078 = DIRECTION('',(-0.501390919709,-0.865220865232,0.));
#11079 = ORIENTED_EDGE('',*,*,#11080,.T.);
#11080 = EDGE_CURVE('',#11073,#11081,#11083,.T.);
#11081 = VERTEX_POINT('',#11082);
#11082 = CARTESIAN_POINT('',(100.880495,-82.63299,1.56));
#11083 = LINE('',#11084,#11085);
#11084 = CARTESIAN_POINT('',(100.887212,-82.991416,1.56));
#11085 = VECTOR('',#11086,1.);
#11086 = DIRECTION('',(-1.873698005463E-02,0.99982444738,0.));
#11087 = ORIENTED_EDGE('',*,*,#11088,.T.);
#11088 = EDGE_CURVE('',#11081,#11089,#11091,.T.);
#11089 = VERTEX_POINT('',#11090);
#11090 = CARTESIAN_POINT('',(100.914689,-82.222967,1.56));
#11091 = LINE('',#11092,#11093);
#11092 = CARTESIAN_POINT('',(100.880495,-82.63299,1.56));
#11093 = VECTOR('',#11094,1.);
#11094 = DIRECTION('',(8.310682762172E-02,0.996540644029,0.));
#11095 = ORIENTED_EDGE('',*,*,#11096,.T.);
#11096 = EDGE_CURVE('',#11089,#11097,#11099,.T.);
#11097 = VERTEX_POINT('',#11098);
#11098 = CARTESIAN_POINT('',(100.887991,-82.094687,1.56));
#11099 = LINE('',#11100,#11101);
#11100 = CARTESIAN_POINT('',(100.914689,-82.222967,1.56));
#11101 = VECTOR('',#11102,1.);
#11102 = DIRECTION('',(-0.203756759979,0.979021543564,0.));
#11103 = ORIENTED_EDGE('',*,*,#11104,.T.);
#11104 = EDGE_CURVE('',#11097,#10460,#11105,.T.);
#11105 = LINE('',#11106,#11107);
#11106 = CARTESIAN_POINT('',(100.887991,-82.094687,1.56));
#11107 = VECTOR('',#11108,1.);
#11108 = DIRECTION('',(-0.569825016975,0.821766055535,0.));
#11109 = FACE_BOUND('',#11110,.F.);
#11110 = EDGE_LOOP('',(#11111,#11121,#11129,#11137,#11145,#11153,#11161,
    #11169,#11177,#11185,#11193,#11201,#11209,#11217,#11225,#11233,
    #11241,#11249,#11257,#11265,#11273,#11281,#11289,#11297,#11305,
    #11313,#11321,#11329,#11337,#11345,#11353,#11362,#11370,#11378,
    #11386,#11394,#11402,#11410,#11418,#11426,#11434,#11442,#11450,
    #11458,#11466,#11474,#11482,#11490,#11498,#11506,#11514,#11522,
    #11530,#11538,#11546,#11554,#11562,#11570,#11578,#11586,#11594,
    #11602,#11611,#11619,#11627,#11635,#11643,#11651,#11659,#11667,
    #11675,#11683,#11691,#11700,#11708,#11716,#11724,#11732,#11740,
    #11748,#11756));
#11111 = ORIENTED_EDGE('',*,*,#11112,.T.);
#11112 = EDGE_CURVE('',#11113,#11115,#11117,.T.);
#11113 = VERTEX_POINT('',#11114);
#11114 = CARTESIAN_POINT('',(106.240404,-81.972923,1.56));
#11115 = VERTEX_POINT('',#11116);
#11116 = CARTESIAN_POINT('',(106.120957,-81.886448,1.56));
#11117 = LINE('',#11118,#11119);
#11118 = CARTESIAN_POINT('',(106.240404,-81.972923,1.56));
#11119 = VECTOR('',#11120,1.);
#11120 = DIRECTION('',(-0.810010098719,0.586415927455,0.));
#11121 = ORIENTED_EDGE('',*,*,#11122,.T.);
#11122 = EDGE_CURVE('',#11115,#11123,#11125,.T.);
#11123 = VERTEX_POINT('',#11124);
#11124 = CARTESIAN_POINT('',(105.996161,-81.859351,1.56));
#11125 = LINE('',#11126,#11127);
#11126 = CARTESIAN_POINT('',(106.120957,-81.886448,1.56));
#11127 = VECTOR('',#11128,1.);
#11128 = DIRECTION('',(-0.977229267968,0.212186139573,0.));
#11129 = ORIENTED_EDGE('',*,*,#11130,.T.);
#11130 = EDGE_CURVE('',#11123,#11131,#11133,.T.);
#11131 = VERTEX_POINT('',#11132);
#11132 = CARTESIAN_POINT('',(105.886896,-81.882171,1.56));
#11133 = LINE('',#11134,#11135);
#11134 = CARTESIAN_POINT('',(105.996161,-81.859351,1.56));
#11135 = VECTOR('',#11136,1.);
#11136 = DIRECTION('',(-0.978879308666,-0.204438986169,0.));
#11137 = ORIENTED_EDGE('',*,*,#11138,.T.);
#11138 = EDGE_CURVE('',#11131,#11139,#11141,.T.);
#11139 = VERTEX_POINT('',#11140);
#11140 = CARTESIAN_POINT('',(105.797741,-81.95109,1.56));
#11141 = LINE('',#11142,#11143);
#11142 = CARTESIAN_POINT('',(105.886896,-81.882171,1.56));
#11143 = VECTOR('',#11144,1.);
#11144 = DIRECTION('',(-0.791171208525,-0.611594734118,0.));
#11145 = ORIENTED_EDGE('',*,*,#11146,.T.);
#11146 = EDGE_CURVE('',#11139,#11147,#11149,.T.);
#11147 = VERTEX_POINT('',#11148);
#11148 = CARTESIAN_POINT('',(105.723778,-82.079663,1.56));
#11149 = LINE('',#11150,#11151);
#11150 = CARTESIAN_POINT('',(105.797741,-81.95109,1.56));
#11151 = VECTOR('',#11152,1.);
#11152 = DIRECTION('',(-0.498640972903,-0.866808617944,0.));
#11153 = ORIENTED_EDGE('',*,*,#11154,.T.);
#11154 = EDGE_CURVE('',#11147,#11155,#11157,.T.);
#11155 = VERTEX_POINT('',#11156);
#11156 = CARTESIAN_POINT('',(105.669634,-82.295206,1.56));
#11157 = LINE('',#11158,#11159);
#11158 = CARTESIAN_POINT('',(105.723778,-82.079663,1.56));
#11159 = VECTOR('',#11160,1.);
#11160 = DIRECTION('',(-0.243629151008,-0.969868463648,0.));
#11161 = ORIENTED_EDGE('',*,*,#11162,.T.);
#11162 = EDGE_CURVE('',#11155,#11163,#11165,.T.);
#11163 = VERTEX_POINT('',#11164);
#11164 = CARTESIAN_POINT('',(105.64781,-82.634822,1.56));
#11165 = LINE('',#11166,#11167);
#11166 = CARTESIAN_POINT('',(105.669634,-82.295206,1.56));
#11167 = VECTOR('',#11168,1.);
#11168 = DIRECTION('',(-6.41285407579E-02,-0.997941646721,0.));
#11169 = ORIENTED_EDGE('',*,*,#11170,.T.);
#11170 = EDGE_CURVE('',#11163,#11171,#11173,.T.);
#11171 = VERTEX_POINT('',#11172);
#11172 = CARTESIAN_POINT('',(105.71284,-83.724755,1.56));
#11173 = LINE('',#11174,#11175);
#11174 = CARTESIAN_POINT('',(105.64781,-82.634822,1.56));
#11175 = VECTOR('',#11176,1.);
#11176 = DIRECTION('',(5.955830367995E-02,-0.998224828615,0.));
#11177 = ORIENTED_EDGE('',*,*,#11178,.T.);
#11178 = EDGE_CURVE('',#11171,#11179,#11181,.T.);
#11179 = VERTEX_POINT('',#11180);
#11180 = CARTESIAN_POINT('',(105.637735,-84.947801,1.56));
#11181 = LINE('',#11182,#11183);
#11182 = CARTESIAN_POINT('',(105.71284,-83.724755,1.56));
#11183 = VECTOR('',#11184,1.);
#11184 = DIRECTION('',(-6.129269889215E-02,-0.998119835021,0.));
#11185 = ORIENTED_EDGE('',*,*,#11186,.T.);
#11186 = EDGE_CURVE('',#11179,#11187,#11189,.T.);
#11187 = VERTEX_POINT('',#11188);
#11188 = CARTESIAN_POINT('',(105.662101,-85.333632,1.56));
#11189 = LINE('',#11190,#11191);
#11190 = CARTESIAN_POINT('',(105.637735,-84.947801,1.56));
#11191 = VECTOR('',#11192,1.);
#11192 = DIRECTION('',(6.302644658296E-02,-0.99801185716,0.));
#11193 = ORIENTED_EDGE('',*,*,#11194,.T.);
#11194 = EDGE_CURVE('',#11187,#11195,#11197,.T.);
#11195 = VERTEX_POINT('',#11196);
#11196 = CARTESIAN_POINT('',(105.722457,-85.577861,1.56));
#11197 = LINE('',#11198,#11199);
#11198 = CARTESIAN_POINT('',(105.662101,-85.333632,1.56));
#11199 = VECTOR('',#11200,1.);
#11200 = DIRECTION('',(0.239911280013,-0.970794817519,0.));
#11201 = ORIENTED_EDGE('',*,*,#11202,.T.);
#11202 = EDGE_CURVE('',#11195,#11203,#11205,.T.);
#11203 = VERTEX_POINT('',#11204);
#11204 = CARTESIAN_POINT('',(105.804653,-85.72296,1.56));
#11205 = LINE('',#11206,#11207);
#11206 = CARTESIAN_POINT('',(105.722457,-85.577861,1.56));
#11207 = VECTOR('',#11208,1.);
#11208 = DIRECTION('',(0.492891073066,-0.870091024026,0.));
#11209 = ORIENTED_EDGE('',*,*,#11210,.T.);
#11210 = EDGE_CURVE('',#11203,#11211,#11213,.T.);
#11211 = VERTEX_POINT('',#11212);
#11212 = CARTESIAN_POINT('',(105.90328,-85.800337,1.56));
#11213 = LINE('',#11214,#11215);
#11214 = CARTESIAN_POINT('',(105.804653,-85.72296,1.56));
#11215 = VECTOR('',#11216,1.);
#11216 = DIRECTION('',(0.786766288958,-0.617251007743,0.));
#11217 = ORIENTED_EDGE('',*,*,#11218,.T.);
#11218 = EDGE_CURVE('',#11211,#11219,#11221,.T.);
#11219 = VERTEX_POINT('',#11220);
#11220 = CARTESIAN_POINT('',(106.023639,-85.825854,1.56));
#11221 = LINE('',#11222,#11223);
#11222 = CARTESIAN_POINT('',(105.90328,-85.800337,1.56));
#11223 = VECTOR('',#11224,1.);
#11224 = DIRECTION('',(0.978256717222,-0.20739767407,0.));
#11225 = ORIENTED_EDGE('',*,*,#11226,.T.);
#11226 = EDGE_CURVE('',#11219,#11227,#11229,.T.);
#11227 = VERTEX_POINT('',#11228);
#11228 = CARTESIAN_POINT('',(106.154613,-85.801948,1.56));
#11229 = LINE('',#11230,#11231);
#11230 = CARTESIAN_POINT('',(106.023639,-85.825854,1.56));
#11231 = VECTOR('',#11232,1.);
#11232 = DIRECTION('',(0.983747340644,0.179558262903,0.));
#11233 = ORIENTED_EDGE('',*,*,#11234,.T.);
#11234 = EDGE_CURVE('',#11227,#11235,#11237,.T.);
#11235 = VERTEX_POINT('',#11236);
#11236 = CARTESIAN_POINT('',(106.267882,-85.729989,1.56));
#11237 = LINE('',#11238,#11239);
#11238 = CARTESIAN_POINT('',(106.154613,-85.801948,1.56));
#11239 = VECTOR('',#11240,1.);
#11240 = DIRECTION('',(0.844070571642,0.536232104678,0.));
#11241 = ORIENTED_EDGE('',*,*,#11242,.T.);
#11242 = EDGE_CURVE('',#11235,#11243,#11245,.T.);
#11243 = VERTEX_POINT('',#11244);
#11244 = CARTESIAN_POINT('',(106.34603,-85.622905,1.56));
#11245 = LINE('',#11246,#11247);
#11246 = CARTESIAN_POINT('',(106.267882,-85.729989,1.56));
#11247 = VECTOR('',#11248,1.);
#11248 = DIRECTION('',(0.589496740603,0.807770755115,0.));
#11249 = ORIENTED_EDGE('',*,*,#11250,.T.);
#11250 = EDGE_CURVE('',#11243,#11251,#11253,.T.);
#11251 = VERTEX_POINT('',#11252);
#11252 = CARTESIAN_POINT('',(106.37199,-85.493989,1.56));
#11253 = LINE('',#11254,#11255);
#11254 = CARTESIAN_POINT('',(106.34603,-85.622905,1.56));
#11255 = VECTOR('',#11256,1.);
#11256 = DIRECTION('',(0.197408702749,0.980321275949,0.));
#11257 = ORIENTED_EDGE('',*,*,#11258,.T.);
#11258 = EDGE_CURVE('',#11251,#11259,#11261,.T.);
#11259 = VERTEX_POINT('',#11260);
#11260 = CARTESIAN_POINT('',(106.307266,-84.939558,1.56));
#11261 = LINE('',#11262,#11263);
#11262 = CARTESIAN_POINT('',(106.37199,-85.493989,1.56));
#11263 = VECTOR('',#11264,1.);
#11264 = DIRECTION('',(-0.115952073908,0.993254809481,0.));
#11265 = ORIENTED_EDGE('',*,*,#11266,.T.);
#11266 = EDGE_CURVE('',#11259,#11267,#11269,.T.);
#11267 = VERTEX_POINT('',#11268);
#11268 = CARTESIAN_POINT('',(106.38237,-83.742158,1.56));
#11269 = LINE('',#11270,#11271);
#11270 = CARTESIAN_POINT('',(106.307266,-84.939558,1.56));
#11271 = VECTOR('',#11272,1.);
#11272 = DIRECTION('',(6.259954935332E-02,0.99803872491,0.));
#11273 = ORIENTED_EDGE('',*,*,#11274,.T.);
#11274 = EDGE_CURVE('',#11267,#11275,#11277,.T.);
#11275 = VERTEX_POINT('',#11276);
#11276 = CARTESIAN_POINT('',(106.556699,-83.526613,1.56));
#11277 = LINE('',#11278,#11279);
#11278 = CARTESIAN_POINT('',(106.38237,-83.742158,1.56));
#11279 = VECTOR('',#11280,1.);
#11280 = DIRECTION('',(0.628849911799,0.777526712358,0.));
#11281 = ORIENTED_EDGE('',*,*,#11282,.T.);
#11282 = EDGE_CURVE('',#11275,#11283,#11285,.T.);
#11283 = VERTEX_POINT('',#11284);
#11284 = CARTESIAN_POINT('',(106.959699,-83.075069,1.56));
#11285 = LINE('',#11286,#11287);
#11286 = CARTESIAN_POINT('',(106.556699,-83.526613,1.56));
#11287 = VECTOR('',#11288,1.);
#11288 = DIRECTION('',(0.665864717795,0.746072501568,0.));
#11289 = ORIENTED_EDGE('',*,*,#11290,.T.);
#11290 = EDGE_CURVE('',#11283,#11291,#11293,.T.);
#11291 = VERTEX_POINT('',#11292);
#11292 = CARTESIAN_POINT('',(107.212602,-82.856457,1.56));
#11293 = LINE('',#11294,#11295);
#11294 = CARTESIAN_POINT('',(106.959699,-83.075069,1.56));
#11295 = VECTOR('',#11296,1.);
#11296 = DIRECTION('',(0.756533235234,0.653955246165,0.));
#11297 = ORIENTED_EDGE('',*,*,#11298,.T.);
#11298 = EDGE_CURVE('',#11291,#11299,#11301,.T.);
#11299 = VERTEX_POINT('',#11300);
#11300 = CARTESIAN_POINT('',(107.444521,-82.719085,1.56));
#11301 = LINE('',#11302,#11303);
#11302 = CARTESIAN_POINT('',(107.212602,-82.856457,1.56));
#11303 = VECTOR('',#11304,1.);
#11304 = DIRECTION('',(0.860391551996,0.509633571552,0.));
#11305 = ORIENTED_EDGE('',*,*,#11306,.T.);
#11306 = EDGE_CURVE('',#11299,#11307,#11309,.T.);
#11307 = VERTEX_POINT('',#11308);
#11308 = CARTESIAN_POINT('',(107.518156,-82.942658,1.56));
#11309 = LINE('',#11310,#11311);
#11310 = CARTESIAN_POINT('',(107.444521,-82.719085,1.56));
#11311 = VECTOR('',#11312,1.);
#11312 = DIRECTION('',(0.312825375754,-0.94981065707,0.));
#11313 = ORIENTED_EDGE('',*,*,#11314,.T.);
#11314 = EDGE_CURVE('',#11307,#11315,#11317,.T.);
#11315 = VERTEX_POINT('',#11316);
#11316 = CARTESIAN_POINT('',(107.547103,-83.281149,1.56));
#11317 = LINE('',#11318,#11319);
#11318 = CARTESIAN_POINT('',(107.518156,-82.942658,1.56));
#11319 = VECTOR('',#11320,1.);
#11320 = DIRECTION('',(8.52067799175E-02,-0.996363289496,0.));
#11321 = ORIENTED_EDGE('',*,*,#11322,.T.);
#11322 = EDGE_CURVE('',#11315,#11323,#11325,.T.);
#11323 = VERTEX_POINT('',#11324);
#11324 = CARTESIAN_POINT('',(107.564723,-83.742284,1.56));
#11325 = LINE('',#11326,#11327);
#11326 = CARTESIAN_POINT('',(107.547103,-83.281149,1.56));
#11327 = VECTOR('',#11328,1.);
#11328 = DIRECTION('',(3.818220561284E-02,-0.999270793716,0.));
#11329 = ORIENTED_EDGE('',*,*,#11330,.T.);
#11330 = EDGE_CURVE('',#11323,#11331,#11333,.T.);
#11331 = VERTEX_POINT('',#11332);
#11332 = CARTESIAN_POINT('',(107.696791,-85.255116,1.56));
#11333 = LINE('',#11334,#11335);
#11334 = CARTESIAN_POINT('',(107.564723,-83.742284,1.56));
#11335 = VECTOR('',#11336,1.);
#11336 = DIRECTION('',(8.696776050432E-02,-0.996211126535,0.));
#11337 = ORIENTED_EDGE('',*,*,#11338,.T.);
#11338 = EDGE_CURVE('',#11331,#11339,#11341,.T.);
#11339 = VERTEX_POINT('',#11340);
#11340 = CARTESIAN_POINT('',(107.71441,-85.71625,1.56));
#11341 = LINE('',#11342,#11343);
#11342 = CARTESIAN_POINT('',(107.696791,-85.255116,1.56));
#11343 = VECTOR('',#11344,1.);
#11344 = DIRECTION('',(3.818012446604E-02,-0.999270873235,0.));
#11345 = ORIENTED_EDGE('',*,*,#11346,.T.);
#11346 = EDGE_CURVE('',#11339,#11347,#11349,.T.);
#11347 = VERTEX_POINT('',#11348);
#11348 = CARTESIAN_POINT('',(107.738481,-85.854621,1.56));
#11349 = LINE('',#11350,#11351);
#11350 = CARTESIAN_POINT('',(107.71441,-85.71625,1.56));
#11351 = VECTOR('',#11352,1.);
#11352 = DIRECTION('',(0.171385945768,-0.985203967508,0.));
#11353 = ORIENTED_EDGE('',*,*,#11354,.T.);
#11354 = EDGE_CURVE('',#11347,#11355,#11357,.T.);
#11355 = VERTEX_POINT('',#11356);
#11356 = CARTESIAN_POINT('',(108.049023,-86.060327,1.56));
#11357 = CIRCLE('',#11358,0.321695349303);
#11358 = AXIS2_PLACEMENT_3D('',#11359,#11360,#11361);
#11359 = CARTESIAN_POINT('',(108.03860346636,-85.73880043642,1.56));
#11360 = DIRECTION('',(0.,0.,1.));
#11361 = DIRECTION('',(-0.93294002234,-0.360031824589,0.));
#11362 = ORIENTED_EDGE('',*,*,#11363,.T.);
#11363 = EDGE_CURVE('',#11355,#11364,#11366,.T.);
#11364 = VERTEX_POINT('',#11365);
#11365 = CARTESIAN_POINT('',(108.183935,-86.035588,1.56));
#11366 = LINE('',#11367,#11368);
#11367 = CARTESIAN_POINT('',(108.049023,-86.060327,1.56));
#11368 = VECTOR('',#11369,1.);
#11369 = DIRECTION('',(0.983599918491,0.180364077202,0.));
#11370 = ORIENTED_EDGE('',*,*,#11371,.T.);
#11371 = EDGE_CURVE('',#11364,#11372,#11374,.T.);
#11372 = VERTEX_POINT('',#11373);
#11373 = CARTESIAN_POINT('',(108.289602,-85.963546,1.56));
#11374 = LINE('',#11375,#11376);
#11375 = CARTESIAN_POINT('',(108.183935,-86.035588,1.56));
#11376 = VECTOR('',#11377,1.);
#11377 = DIRECTION('',(0.826240742342,0.563317171489,0.));
#11378 = ORIENTED_EDGE('',*,*,#11379,.T.);
#11379 = EDGE_CURVE('',#11372,#11380,#11382,.T.);
#11380 = VERTEX_POINT('',#11381);
#11381 = CARTESIAN_POINT('',(108.35951,-85.855239,1.56));
#11382 = LINE('',#11383,#11384);
#11383 = CARTESIAN_POINT('',(108.289602,-85.963546,1.56));
#11384 = VECTOR('',#11385,1.);
#11385 = DIRECTION('',(0.542304964568,0.840181721656,0.));
#11386 = ORIENTED_EDGE('',*,*,#11387,.T.);
#11387 = EDGE_CURVE('',#11380,#11388,#11390,.T.);
#11388 = VERTEX_POINT('',#11389);
#11389 = CARTESIAN_POINT('',(108.383635,-85.717472,1.56));
#11390 = LINE('',#11391,#11392);
#11391 = CARTESIAN_POINT('',(108.35951,-85.855239,1.56));
#11392 = VECTOR('',#11393,1.);
#11393 = DIRECTION('',(0.172489767822,0.985011309578,0.));
#11394 = ORIENTED_EDGE('',*,*,#11395,.T.);
#11395 = EDGE_CURVE('',#11388,#11396,#11398,.T.);
#11396 = VERTEX_POINT('',#11397);
#11397 = CARTESIAN_POINT('',(108.369103,-85.345278,1.56));
#11398 = LINE('',#11399,#11400);
#11399 = CARTESIAN_POINT('',(108.383635,-85.717472,1.56));
#11400 = VECTOR('',#11401,1.);
#11401 = DIRECTION('',(-3.901442802314E-02,0.999238647374,0.));
#11402 = ORIENTED_EDGE('',*,*,#11403,.T.);
#11403 = EDGE_CURVE('',#11396,#11404,#11406,.T.);
#11404 = VERTEX_POINT('',#11405);
#11405 = CARTESIAN_POINT('',(108.318606,-84.831786,1.56));
#11406 = LINE('',#11407,#11408);
#11407 = CARTESIAN_POINT('',(108.369103,-85.345278,1.56));
#11408 = VECTOR('',#11409,1.);
#11409 = DIRECTION('',(-9.786828791046E-02,0.995199376116,0.));
#11410 = ORIENTED_EDGE('',*,*,#11411,.T.);
#11411 = EDGE_CURVE('',#11404,#11412,#11414,.T.);
#11412 = VERTEX_POINT('',#11413);
#11413 = CARTESIAN_POINT('',(108.216329,-83.925645,1.56));
#11414 = LINE('',#11415,#11416);
#11415 = CARTESIAN_POINT('',(108.318606,-84.831786,1.56));
#11416 = VECTOR('',#11417,1.);
#11417 = DIRECTION('',(-0.112158772946,0.99369029866,0.));
#11418 = ORIENTED_EDGE('',*,*,#11419,.T.);
#11419 = EDGE_CURVE('',#11412,#11420,#11422,.T.);
#11420 = VERTEX_POINT('',#11421);
#11421 = CARTESIAN_POINT('',(108.199232,-83.287561,1.56));
#11422 = LINE('',#11423,#11424);
#11423 = CARTESIAN_POINT('',(108.216329,-83.925645,1.56));
#11424 = VECTOR('',#11425,1.);
#11425 = DIRECTION('',(-2.678466479271E-02,0.999641226507,0.));
#11426 = ORIENTED_EDGE('',*,*,#11427,.T.);
#11427 = EDGE_CURVE('',#11420,#11428,#11430,.T.);
#11428 = VERTEX_POINT('',#11429);
#11429 = CARTESIAN_POINT('',(108.33457,-83.166822,1.56));
#11430 = LINE('',#11431,#11432);
#11431 = CARTESIAN_POINT('',(108.199232,-83.287561,1.56));
#11432 = VECTOR('',#11433,1.);
#11433 = DIRECTION('',(0.746207413546,0.665713523949,0.));
#11434 = ORIENTED_EDGE('',*,*,#11435,.T.);
#11435 = EDGE_CURVE('',#11428,#11436,#11438,.T.);
#11436 = VERTEX_POINT('',#11437);
#11437 = CARTESIAN_POINT('',(108.62971,-82.971877,1.56));
#11438 = LINE('',#11439,#11440);
#11439 = CARTESIAN_POINT('',(108.33457,-83.166822,1.56));
#11440 = VECTOR('',#11441,1.);
#11441 = DIRECTION('',(0.834411009414,0.551142692384,0.));
#11442 = ORIENTED_EDGE('',*,*,#11443,.T.);
#11443 = EDGE_CURVE('',#11436,#11444,#11446,.T.);
#11444 = VERTEX_POINT('',#11445);
#11445 = CARTESIAN_POINT('',(108.95426,-82.796732,1.56));
#11446 = LINE('',#11447,#11448);
#11447 = CARTESIAN_POINT('',(108.62971,-82.971877,1.56));
#11448 = VECTOR('',#11449,1.);
#11449 = DIRECTION('',(0.880032336137,0.474913768334,0.));
#11450 = ORIENTED_EDGE('',*,*,#11451,.T.);
#11451 = EDGE_CURVE('',#11444,#11452,#11454,.T.);
#11452 = VERTEX_POINT('',#11453);
#11453 = CARTESIAN_POINT('',(109.101099,-82.758164,1.56));
#11454 = LINE('',#11455,#11456);
#11455 = CARTESIAN_POINT('',(108.95426,-82.796732,1.56));
#11456 = VECTOR('',#11457,1.);
#11457 = DIRECTION('',(0.96719413537,0.254038391796,0.));
#11458 = ORIENTED_EDGE('',*,*,#11459,.T.);
#11459 = EDGE_CURVE('',#11452,#11460,#11462,.T.);
#11460 = VERTEX_POINT('',#11461);
#11461 = CARTESIAN_POINT('',(109.176362,-82.782561,1.56));
#11462 = LINE('',#11463,#11464);
#11463 = CARTESIAN_POINT('',(109.101099,-82.758164,1.56));
#11464 = VECTOR('',#11465,1.);
#11465 = DIRECTION('',(0.951269622595,-0.308360349474,0.));
#11466 = ORIENTED_EDGE('',*,*,#11467,.T.);
#11467 = EDGE_CURVE('',#11460,#11468,#11470,.T.);
#11468 = VERTEX_POINT('',#11469);
#11469 = CARTESIAN_POINT('',(109.258903,-82.870938,1.56));
#11470 = LINE('',#11471,#11472);
#11471 = CARTESIAN_POINT('',(109.176362,-82.782561,1.56));
#11472 = VECTOR('',#11473,1.);
#11473 = DIRECTION('',(0.682564820467,-0.730825058315,0.));
#11474 = ORIENTED_EDGE('',*,*,#11475,.T.);
#11475 = EDGE_CURVE('',#11468,#11476,#11478,.T.);
#11476 = VERTEX_POINT('',#11477);
#11477 = CARTESIAN_POINT('',(109.353585,-83.065605,1.56));
#11478 = LINE('',#11479,#11480);
#11479 = CARTESIAN_POINT('',(109.258903,-82.870938,1.56));
#11480 = VECTOR('',#11481,1.);
#11481 = DIRECTION('',(0.437387777047,-0.899273002202,0.));
#11482 = ORIENTED_EDGE('',*,*,#11483,.T.);
#11483 = EDGE_CURVE('',#11476,#11484,#11486,.T.);
#11484 = VERTEX_POINT('',#11485);
#11485 = CARTESIAN_POINT('',(109.423784,-83.293966,1.56));
#11486 = LINE('',#11487,#11488);
#11487 = CARTESIAN_POINT('',(109.353585,-83.065605,1.56));
#11488 = VECTOR('',#11489,1.);
#11489 = DIRECTION('',(0.293833767413,-0.95585653585,0.));
#11490 = ORIENTED_EDGE('',*,*,#11491,.T.);
#11491 = EDGE_CURVE('',#11484,#11492,#11494,.T.);
#11492 = VERTEX_POINT('',#11493);
#11493 = CARTESIAN_POINT('',(109.469905,-83.526919,1.56));
#11494 = LINE('',#11495,#11496);
#11495 = CARTESIAN_POINT('',(109.423784,-83.293966,1.56));
#11496 = VECTOR('',#11497,1.);
#11497 = DIRECTION('',(0.194214349545,-0.980959115576,0.));
#11498 = ORIENTED_EDGE('',*,*,#11499,.T.);
#11499 = EDGE_CURVE('',#11492,#11500,#11502,.T.);
#11500 = VERTEX_POINT('',#11501);
#11501 = CARTESIAN_POINT('',(109.585921,-84.586322,1.56));
#11502 = LINE('',#11503,#11504);
#11503 = CARTESIAN_POINT('',(109.469905,-83.526919,1.56));
#11504 = VECTOR('',#11505,1.);
#11505 = DIRECTION('',(0.108859922492,-0.994057099605,0.));
#11506 = ORIENTED_EDGE('',*,*,#11507,.T.);
#11507 = EDGE_CURVE('',#11500,#11508,#11510,.T.);
#11508 = VERTEX_POINT('',#11509);
#11509 = CARTESIAN_POINT('',(109.708958,-85.645725,1.56));
#11510 = LINE('',#11511,#11512);
#11511 = CARTESIAN_POINT('',(109.585921,-84.586322,1.56));
#11512 = VECTOR('',#11513,1.);
#11513 = DIRECTION('',(0.115362648832,-0.99332344141,0.));
#11514 = ORIENTED_EDGE('',*,*,#11515,.T.);
#11515 = EDGE_CURVE('',#11508,#11516,#11518,.T.);
#11516 = VERTEX_POINT('',#11517);
#11517 = CARTESIAN_POINT('',(109.750217,-85.781565,1.56));
#11518 = LINE('',#11519,#11520);
#11519 = CARTESIAN_POINT('',(109.708958,-85.645725,1.56));
#11520 = VECTOR('',#11521,1.);
#11521 = DIRECTION('',(0.290622568137,-0.956837772503,0.));
#11522 = ORIENTED_EDGE('',*,*,#11523,.T.);
#11523 = EDGE_CURVE('',#11516,#11524,#11526,.T.);
#11524 = VERTEX_POINT('',#11525);
#11525 = CARTESIAN_POINT('',(109.816759,-85.870421,1.56));
#11526 = LINE('',#11527,#11528);
#11527 = CARTESIAN_POINT('',(109.750217,-85.781565,1.56));
#11528 = VECTOR('',#11529,1.);
#11529 = DIRECTION('',(0.599423319709,-0.800432185628,0.));
#11530 = ORIENTED_EDGE('',*,*,#11531,.T.);
#11531 = EDGE_CURVE('',#11524,#11532,#11534,.T.);
#11532 = VERTEX_POINT('',#11533);
#11533 = CARTESIAN_POINT('',(109.909283,-85.923797,1.56));
#11534 = LINE('',#11535,#11536);
#11535 = CARTESIAN_POINT('',(109.816759,-85.870421,1.56));
#11536 = VECTOR('',#11537,1.);
#11537 = DIRECTION('',(0.866198677838,-0.499699760368,0.));
#11538 = ORIENTED_EDGE('',*,*,#11539,.T.);
#11539 = EDGE_CURVE('',#11532,#11540,#11542,.T.);
#11540 = VERTEX_POINT('',#11541);
#11541 = CARTESIAN_POINT('',(110.036854,-85.943091,1.56));
#11542 = LINE('',#11543,#11544);
#11543 = CARTESIAN_POINT('',(109.909283,-85.923797,1.56));
#11544 = VECTOR('',#11545,1.);
#11545 = DIRECTION('',(0.988755578642,-0.149540649006,0.));
#11546 = ORIENTED_EDGE('',*,*,#11547,.T.);
#11547 = EDGE_CURVE('',#11540,#11548,#11550,.T.);
#11548 = VERTEX_POINT('',#11549);
#11549 = CARTESIAN_POINT('',(110.173355,-85.918848,1.56));
#11550 = LINE('',#11551,#11552);
#11551 = CARTESIAN_POINT('',(110.036854,-85.943091,1.56));
#11552 = VECTOR('',#11553,1.);
#11553 = DIRECTION('',(0.984592133233,0.174866609666,0.));
#11554 = ORIENTED_EDGE('',*,*,#11555,.T.);
#11555 = EDGE_CURVE('',#11548,#11556,#11558,.T.);
#11556 = VERTEX_POINT('',#11557);
#11557 = CARTESIAN_POINT('',(110.286287,-85.847226,1.56));
#11558 = LINE('',#11559,#11560);
#11559 = CARTESIAN_POINT('',(110.173355,-85.918848,1.56));
#11560 = VECTOR('',#11561,1.);
#11561 = DIRECTION('',(0.844486306032,0.535577145633,0.));
#11562 = ORIENTED_EDGE('',*,*,#11563,.T.);
#11563 = EDGE_CURVE('',#11556,#11564,#11566,.T.);
#11564 = VERTEX_POINT('',#11565);
#11565 = CARTESIAN_POINT('',(110.360757,-85.740731,1.56));
#11566 = LINE('',#11567,#11568);
#11567 = CARTESIAN_POINT('',(110.286287,-85.847226,1.56));
#11568 = VECTOR('',#11569,1.);
#11569 = DIRECTION('',(0.573067184657,0.819508390359,0.));
#11570 = ORIENTED_EDGE('',*,*,#11571,.T.);
#11571 = EDGE_CURVE('',#11564,#11572,#11574,.T.);
#11572 = VERTEX_POINT('',#11573);
#11573 = CARTESIAN_POINT('',(110.378489,-85.614279,1.56));
#11574 = LINE('',#11575,#11576);
#11575 = CARTESIAN_POINT('',(110.360757,-85.740731,1.56));
#11576 = VECTOR('',#11577,1.);
#11577 = DIRECTION('',(0.13886843852,0.990310838466,0.));
#11578 = ORIENTED_EDGE('',*,*,#11579,.T.);
#11579 = EDGE_CURVE('',#11572,#11580,#11582,.T.);
#11580 = VERTEX_POINT('',#11581);
#11581 = CARTESIAN_POINT('',(110.229606,-84.340005,1.56));
#11582 = LINE('',#11583,#11584);
#11583 = CARTESIAN_POINT('',(110.378489,-85.614279,1.56));
#11584 = VECTOR('',#11585,1.);
#11585 = DIRECTION('',(-0.116048107383,0.993243593875,0.));
#11586 = ORIENTED_EDGE('',*,*,#11587,.T.);
#11587 = EDGE_CURVE('',#11580,#11588,#11590,.T.);
#11588 = VERTEX_POINT('',#11589);
#11589 = CARTESIAN_POINT('',(110.132719,-83.652704,1.56));
#11590 = LINE('',#11591,#11592);
#11591 = CARTESIAN_POINT('',(110.229606,-84.340005,1.56));
#11592 = VECTOR('',#11593,1.);
#11593 = DIRECTION('',(-0.139587247166,0.990209775971,0.));
#11594 = ORIENTED_EDGE('',*,*,#11595,.T.);
#11595 = EDGE_CURVE('',#11588,#11596,#11598,.T.);
#11596 = VERTEX_POINT('',#11597);
#11597 = CARTESIAN_POINT('',(110.033648,-82.897345,1.56));
#11598 = LINE('',#11599,#11600);
#11599 = CARTESIAN_POINT('',(110.132719,-83.652704,1.56));
#11600 = VECTOR('',#11601,1.);
#11601 = DIRECTION('',(-0.130043746801,0.99150825711,0.));
#11602 = ORIENTED_EDGE('',*,*,#11603,.T.);
#11603 = EDGE_CURVE('',#11596,#11604,#11606,.T.);
#11604 = VERTEX_POINT('',#11605);
#11605 = CARTESIAN_POINT('',(109.759071,-82.286969,1.56));
#11606 = CIRCLE('',#11607,1.038065853821);
#11607 = AXIS2_PLACEMENT_3D('',#11608,#11609,#11610);
#11608 = CARTESIAN_POINT('',(109.00021296614,-82.99528757332,1.56));
#11609 = DIRECTION('',(0.,0.,1.));
#11610 = DIRECTION('',(0.995538992108,9.435102115015E-02,-0.));
#11611 = ORIENTED_EDGE('',*,*,#11612,.T.);
#11612 = EDGE_CURVE('',#11604,#11613,#11615,.T.);
#11613 = VERTEX_POINT('',#11614);
#11614 = CARTESIAN_POINT('',(109.607352,-82.170092,1.56));
#11615 = LINE('',#11616,#11617);
#11616 = CARTESIAN_POINT('',(109.759071,-82.286969,1.56));
#11617 = VECTOR('',#11618,1.);
#11618 = DIRECTION('',(-0.792194623711,0.610268529554,0.));
#11619 = ORIENTED_EDGE('',*,*,#11620,.T.);
#11620 = EDGE_CURVE('',#11613,#11621,#11623,.T.);
#11621 = VERTEX_POINT('',#11622);
#11622 = CARTESIAN_POINT('',(109.428278,-82.099132,1.56));
#11623 = LINE('',#11624,#11625);
#11624 = CARTESIAN_POINT('',(109.607352,-82.170092,1.56));
#11625 = VECTOR('',#11626,1.);
#11626 = DIRECTION('',(-0.929670564268,0.368391967792,0.));
#11627 = ORIENTED_EDGE('',*,*,#11628,.T.);
#11628 = EDGE_CURVE('',#11621,#11629,#11631,.T.);
#11629 = VERTEX_POINT('',#11630);
#11630 = CARTESIAN_POINT('',(109.213756,-82.074284,1.56));
#11631 = LINE('',#11632,#11633);
#11632 = CARTESIAN_POINT('',(109.428278,-82.099132,1.56));
#11633 = VECTOR('',#11634,1.);
#11634 = DIRECTION('',(-0.993358505488,0.11506033015,0.));
#11635 = ORIENTED_EDGE('',*,*,#11636,.T.);
#11636 = EDGE_CURVE('',#11629,#11637,#11639,.T.);
#11637 = VERTEX_POINT('',#11638);
#11638 = CARTESIAN_POINT('',(108.892318,-82.106595,1.56));
#11639 = LINE('',#11640,#11641);
#11640 = CARTESIAN_POINT('',(109.213756,-82.074284,1.56));
#11641 = VECTOR('',#11642,1.);
#11642 = DIRECTION('',(-0.99498581526,-0.100016135855,0.));
#11643 = ORIENTED_EDGE('',*,*,#11644,.T.);
#11644 = EDGE_CURVE('',#11637,#11645,#11647,.T.);
#11645 = VERTEX_POINT('',#11646);
#11646 = CARTESIAN_POINT('',(108.61933,-82.198848,1.56));
#11647 = LINE('',#11648,#11649);
#11648 = CARTESIAN_POINT('',(108.892318,-82.106595,1.56));
#11649 = VECTOR('',#11650,1.);
#11650 = DIRECTION('',(-0.947366501756,-0.320151075822,0.));
#11651 = ORIENTED_EDGE('',*,*,#11652,.T.);
#11652 = EDGE_CURVE('',#11645,#11653,#11655,.T.);
#11653 = VERTEX_POINT('',#11654);
#11654 = CARTESIAN_POINT('',(108.379994,-82.352764,1.56));
#11655 = LINE('',#11656,#11657);
#11656 = CARTESIAN_POINT('',(108.61933,-82.198848,1.56));
#11657 = VECTOR('',#11658,1.);
#11658 = DIRECTION('',(-0.841087118186,-0.540899676115,0.));
#11659 = ORIENTED_EDGE('',*,*,#11660,.T.);
#11660 = EDGE_CURVE('',#11653,#11661,#11663,.T.);
#11661 = VERTEX_POINT('',#11662);
#11662 = CARTESIAN_POINT('',(108.17206,-82.572845,1.56));
#11663 = LINE('',#11664,#11665);
#11664 = CARTESIAN_POINT('',(108.379994,-82.352764,1.56));
#11665 = VECTOR('',#11666,1.);
#11666 = DIRECTION('',(-0.68676269022,-0.726881701051,0.));
#11667 = ORIENTED_EDGE('',*,*,#11668,.T.);
#11668 = EDGE_CURVE('',#11661,#11669,#11671,.T.);
#11669 = VERTEX_POINT('',#11670);
#11670 = CARTESIAN_POINT('',(108.044726,-82.329737,1.56));
#11671 = LINE('',#11672,#11673);
#11672 = CARTESIAN_POINT('',(108.17206,-82.572845,1.56));
#11673 = VECTOR('',#11674,1.);
#11674 = DIRECTION('',(-0.463983303133,0.885843944729,0.));
#11675 = ORIENTED_EDGE('',*,*,#11676,.T.);
#11676 = EDGE_CURVE('',#11669,#11677,#11679,.T.);
#11677 = VERTEX_POINT('',#11678);
#11678 = CARTESIAN_POINT('',(107.883196,-82.166987,1.56));
#11679 = LINE('',#11680,#11681);
#11680 = CARTESIAN_POINT('',(108.044726,-82.329737,1.56));
#11681 = VECTOR('',#11682,1.);
#11682 = DIRECTION('',(-0.704441532292,0.709762021795,0.));
#11683 = ORIENTED_EDGE('',*,*,#11684,.T.);
#11684 = EDGE_CURVE('',#11677,#11685,#11687,.T.);
#11685 = VERTEX_POINT('',#11686);
#11686 = CARTESIAN_POINT('',(107.683778,-82.069513,1.56));
#11687 = LINE('',#11688,#11689);
#11688 = CARTESIAN_POINT('',(107.883196,-82.166987,1.56));
#11689 = VECTOR('',#11690,1.);
#11690 = DIRECTION('',(-0.898418568289,0.439140155479,0.));
#11691 = ORIENTED_EDGE('',*,*,#11692,.T.);
#11692 = EDGE_CURVE('',#11685,#11693,#11695,.T.);
#11693 = VERTEX_POINT('',#11694);
#11694 = CARTESIAN_POINT('',(107.089529,-82.15157,1.56));
#11695 = CIRCLE('',#11696,0.672610431562);
#11696 = AXIS2_PLACEMENT_3D('',#11697,#11698,#11699);
#11697 = CARTESIAN_POINT('',(107.4690033568,-82.70691134113,1.56));
#11698 = DIRECTION('',(0.,0.,1.));
#11699 = DIRECTION('',(0.319315064294,0.947648610886,-0.));
#11700 = ORIENTED_EDGE('',*,*,#11701,.T.);
#11701 = EDGE_CURVE('',#11693,#11702,#11704,.T.);
#11702 = VERTEX_POINT('',#11703);
#11703 = CARTESIAN_POINT('',(106.846737,-82.330739,1.56));
#11704 = LINE('',#11705,#11706);
#11705 = CARTESIAN_POINT('',(107.089529,-82.15157,1.56));
#11706 = VECTOR('',#11707,1.);
#11707 = DIRECTION('',(-0.804628893862,-0.593778025159,0.));
#11708 = ORIENTED_EDGE('',*,*,#11709,.T.);
#11709 = EDGE_CURVE('',#11702,#11710,#11712,.T.);
#11710 = VERTEX_POINT('',#11711);
#11711 = CARTESIAN_POINT('',(106.63153,-82.539559,1.56));
#11712 = LINE('',#11713,#11714);
#11713 = CARTESIAN_POINT('',(106.846737,-82.330739,1.56));
#11714 = VECTOR('',#11715,1.);
#11715 = DIRECTION('',(-0.717676322115,-0.696376835252,0.));
#11716 = ORIENTED_EDGE('',*,*,#11717,.T.);
#11717 = EDGE_CURVE('',#11710,#11718,#11720,.T.);
#11718 = VERTEX_POINT('',#11719);
#11719 = CARTESIAN_POINT('',(106.458517,-82.759388,1.56));
#11720 = LINE('',#11721,#11722);
#11721 = CARTESIAN_POINT('',(106.63153,-82.539559,1.56));
#11722 = VECTOR('',#11723,1.);
#11723 = DIRECTION('',(-0.618462778082,-0.785814095144,0.));
#11724 = ORIENTED_EDGE('',*,*,#11725,.T.);
#11725 = EDGE_CURVE('',#11718,#11726,#11728,.T.);
#11726 = VERTEX_POINT('',#11727);
#11727 = CARTESIAN_POINT('',(106.324057,-82.991416,1.56));
#11728 = LINE('',#11729,#11730);
#11729 = CARTESIAN_POINT('',(106.458517,-82.759388,1.56));
#11730 = VECTOR('',#11731,1.);
#11731 = DIRECTION('',(-0.50139371122,-0.86521924756,0.));
#11732 = ORIENTED_EDGE('',*,*,#11733,.T.);
#11733 = EDGE_CURVE('',#11726,#11734,#11736,.T.);
#11734 = VERTEX_POINT('',#11735);
#11735 = CARTESIAN_POINT('',(106.317341,-82.63299,1.56));
#11736 = LINE('',#11737,#11738);
#11737 = CARTESIAN_POINT('',(106.324057,-82.991416,1.56));
#11738 = VECTOR('',#11739,1.);
#11739 = DIRECTION('',(-1.873419154731E-02,0.999824499633,0.));
#11740 = ORIENTED_EDGE('',*,*,#11741,.T.);
#11741 = EDGE_CURVE('',#11734,#11742,#11744,.T.);
#11742 = VERTEX_POINT('',#11743);
#11743 = CARTESIAN_POINT('',(106.351535,-82.222967,1.56));
#11744 = LINE('',#11745,#11746);
#11745 = CARTESIAN_POINT('',(106.317341,-82.63299,1.56));
#11746 = VECTOR('',#11747,1.);
#11747 = DIRECTION('',(8.310682762172E-02,0.996540644029,0.));
#11748 = ORIENTED_EDGE('',*,*,#11749,.T.);
#11749 = EDGE_CURVE('',#11742,#11750,#11752,.T.);
#11750 = VERTEX_POINT('',#11751);
#11751 = CARTESIAN_POINT('',(106.324836,-82.094687,1.56));
#11752 = LINE('',#11753,#11754);
#11753 = CARTESIAN_POINT('',(106.351535,-82.222967,1.56));
#11754 = VECTOR('',#11755,1.);
#11755 = DIRECTION('',(-0.20376407502,0.979020021108,0.));
#11756 = ORIENTED_EDGE('',*,*,#11757,.T.);
#11757 = EDGE_CURVE('',#11750,#11113,#11758,.T.);
#11758 = LINE('',#11759,#11760);
#11759 = CARTESIAN_POINT('',(106.324836,-82.094687,1.56));
#11760 = VECTOR('',#11761,1.);
#11761 = DIRECTION('',(-0.569820459459,0.821769215767,0.));
#11762 = FACE_BOUND('',#11763,.F.);
#11763 = EDGE_LOOP('',(#11764,#11774,#11782,#11791,#11799,#11807,#11815,
    #11823,#11831,#11839,#11847,#11855,#11864,#11872,#11880,#11888,
    #11896,#11904,#11912,#11920,#11928,#11936,#11944,#11952,#11960,
    #11968,#11976,#11984,#11992,#12000,#12008,#12016,#12024,#12032,
    #12040,#12048,#12056,#12065,#12073,#12081,#12089,#12097,#12105,
    #12113,#12121,#12129,#12137,#12145,#12154,#12162,#12170,#12178,
    #12186,#12194));
#11764 = ORIENTED_EDGE('',*,*,#11765,.T.);
#11765 = EDGE_CURVE('',#11766,#11768,#11770,.T.);
#11766 = VERTEX_POINT('',#11767);
#11767 = CARTESIAN_POINT('',(115.31221,-82.016684,1.56));
#11768 = VERTEX_POINT('',#11769);
#11769 = CARTESIAN_POINT('',(115.213197,-81.943476,1.56));
#11770 = LINE('',#11771,#11772);
#11771 = CARTESIAN_POINT('',(115.31221,-82.016684,1.56));
#11772 = VECTOR('',#11773,1.);
#11773 = DIRECTION('',(-0.804081111929,0.594519608961,0.));
#11774 = ORIENTED_EDGE('',*,*,#11775,.T.);
#11775 = EDGE_CURVE('',#11768,#11776,#11778,.T.);
#11776 = VERTEX_POINT('',#11777);
#11777 = CARTESIAN_POINT('',(115.078637,-81.917969,1.56));
#11778 = LINE('',#11779,#11780);
#11779 = CARTESIAN_POINT('',(115.213197,-81.943476,1.56));
#11780 = VECTOR('',#11781,1.);
#11781 = DIRECTION('',(-0.982503897225,0.186242025167,0.));
#11782 = ORIENTED_EDGE('',*,*,#11783,.T.);
#11783 = EDGE_CURVE('',#11776,#11784,#11786,.T.);
#11784 = VERTEX_POINT('',#11785);
#11785 = CARTESIAN_POINT('',(114.765235,-82.117414,1.56));
#11786 = CIRCLE('',#11787,0.331575488988);
#11787 = AXIS2_PLACEMENT_3D('',#11788,#11789,#11790);
#11788 = CARTESIAN_POINT('',(115.06940240685,-82.24941586932,1.56));
#11789 = DIRECTION('',(0.,0.,1.));
#11790 = DIRECTION('',(2.785065076803E-02,0.999612095391,-0.));
#11791 = ORIENTED_EDGE('',*,*,#11792,.T.);
#11792 = EDGE_CURVE('',#11784,#11793,#11795,.T.);
#11793 = VERTEX_POINT('',#11794);
#11794 = CARTESIAN_POINT('',(114.740361,-82.252276,1.56));
#11795 = LINE('',#11796,#11797);
#11796 = CARTESIAN_POINT('',(114.765235,-82.117414,1.56));
#11797 = VECTOR('',#11798,1.);
#11798 = DIRECTION('',(-0.181381057832,-0.983412889818,0.));
#11799 = ORIENTED_EDGE('',*,*,#11800,.T.);
#11800 = EDGE_CURVE('',#11793,#11801,#11803,.T.);
#11801 = VERTEX_POINT('',#11802);
#11802 = CARTESIAN_POINT('',(114.76448,-82.900436,1.56));
#11803 = LINE('',#11804,#11805);
#11804 = CARTESIAN_POINT('',(114.740361,-82.252276,1.56));
#11805 = VECTOR('',#11806,1.);
#11806 = DIRECTION('',(3.718575443088E-02,-0.999308370658,0.));
#11807 = ORIENTED_EDGE('',*,*,#11808,.T.);
#11808 = EDGE_CURVE('',#11801,#11809,#11811,.T.);
#11809 = VERTEX_POINT('',#11810);
#11810 = CARTESIAN_POINT('',(114.665256,-84.847967,1.56));
#11811 = LINE('',#11812,#11813);
#11812 = CARTESIAN_POINT('',(114.76448,-82.900436,1.56));
#11813 = VECTOR('',#11814,1.);
#11814 = DIRECTION('',(-5.088261459129E-02,-0.998704640788,0.));
#11815 = ORIENTED_EDGE('',*,*,#11816,.T.);
#11816 = EDGE_CURVE('',#11809,#11817,#11819,.T.);
#11817 = VERTEX_POINT('',#11818);
#11818 = CARTESIAN_POINT('',(114.709525,-85.461933,1.56));
#11819 = LINE('',#11820,#11821);
#11820 = CARTESIAN_POINT('',(114.665256,-84.847967,1.56));
#11821 = VECTOR('',#11822,1.);
#11822 = DIRECTION('',(7.191664015648E-02,-0.997410646057,0.));
#11823 = ORIENTED_EDGE('',*,*,#11824,.T.);
#11824 = EDGE_CURVE('',#11817,#11825,#11827,.T.);
#11825 = VERTEX_POINT('',#11826);
#11826 = CARTESIAN_POINT('',(114.733438,-85.60307,1.56));
#11827 = LINE('',#11828,#11829);
#11828 = CARTESIAN_POINT('',(114.709525,-85.461933,1.56));
#11829 = VECTOR('',#11830,1.);
#11830 = DIRECTION('',(0.167050336431,-0.985948368373,0.));
#11831 = ORIENTED_EDGE('',*,*,#11832,.T.);
#11832 = EDGE_CURVE('',#11825,#11833,#11835,.T.);
#11833 = VERTEX_POINT('',#11834);
#11834 = CARTESIAN_POINT('',(114.801727,-85.710755,1.56));
#11835 = LINE('',#11836,#11837);
#11836 = CARTESIAN_POINT('',(114.733438,-85.60307,1.56));
#11837 = VECTOR('',#11838,1.);
#11838 = DIRECTION('',(0.535547345646,-0.844505204585,0.));
#11839 = ORIENTED_EDGE('',*,*,#11840,.T.);
#11840 = EDGE_CURVE('',#11833,#11841,#11843,.T.);
#11841 = VERTEX_POINT('',#11842);
#11842 = CARTESIAN_POINT('',(114.906744,-85.781664,1.56));
#11843 = LINE('',#11844,#11845);
#11844 = CARTESIAN_POINT('',(114.801727,-85.710755,1.56));
#11845 = VECTOR('',#11846,1.);
#11846 = DIRECTION('',(0.828766233901,-0.559594969192,0.));
#11847 = ORIENTED_EDGE('',*,*,#11848,.T.);
#11848 = EDGE_CURVE('',#11841,#11849,#11851,.T.);
#11849 = VERTEX_POINT('',#11850);
#11850 = CARTESIAN_POINT('',(115.044443,-85.806315,1.56));
#11851 = LINE('',#11852,#11853);
#11852 = CARTESIAN_POINT('',(114.906744,-85.781664,1.56));
#11853 = VECTOR('',#11854,1.);
#11854 = DIRECTION('',(0.984350915558,-0.176219394617,0.));
#11855 = ORIENTED_EDGE('',*,*,#11856,.T.);
#11856 = EDGE_CURVE('',#11849,#11857,#11859,.T.);
#11857 = VERTEX_POINT('',#11858);
#11858 = CARTESIAN_POINT('',(115.354714,-85.602573,1.56));
#11859 = CIRCLE('',#11860,0.320915010619);
#11860 = AXIS2_PLACEMENT_3D('',#11861,#11862,#11863);
#11861 = CARTESIAN_POINT('',(115.05587520901,-85.48560368333,1.56));
#11862 = DIRECTION('',(0.,0.,1.));
#11863 = DIRECTION('',(-3.562379020492E-02,-0.999365271345,0.));
#11864 = ORIENTED_EDGE('',*,*,#11865,.T.);
#11865 = EDGE_CURVE('',#11857,#11866,#11868,.T.);
#11866 = VERTEX_POINT('',#11867);
#11867 = CARTESIAN_POINT('',(115.379056,-85.461322,1.56));
#11868 = LINE('',#11869,#11870);
#11869 = CARTESIAN_POINT('',(115.354714,-85.602573,1.56));
#11870 = VECTOR('',#11871,1.);
#11871 = DIRECTION('',(0.169828181749,0.985473687464,0.));
#11872 = ORIENTED_EDGE('',*,*,#11873,.T.);
#11873 = EDGE_CURVE('',#11866,#11874,#11876,.T.);
#11874 = VERTEX_POINT('',#11875);
#11875 = CARTESIAN_POINT('',(115.338145,-84.846135,1.56));
#11876 = LINE('',#11877,#11878);
#11877 = CARTESIAN_POINT('',(115.379056,-85.461322,1.56));
#11878 = VECTOR('',#11879,1.);
#11879 = DIRECTION('',(-6.635516503514E-02,0.997796067377,0.));
#11880 = ORIENTED_EDGE('',*,*,#11881,.T.);
#11881 = EDGE_CURVE('',#11874,#11882,#11884,.T.);
#11882 = VERTEX_POINT('',#11883);
#11883 = CARTESIAN_POINT('',(115.3586,-84.514881,1.56));
#11884 = LINE('',#11885,#11886);
#11885 = CARTESIAN_POINT('',(115.338145,-84.846135,1.56));
#11886 = VECTOR('',#11887,1.);
#11887 = DIRECTION('',(6.163280391596E-02,0.998098891634,0.));
#11888 = ORIENTED_EDGE('',*,*,#11889,.T.);
#11889 = EDGE_CURVE('',#11882,#11890,#11892,.T.);
#11890 = VERTEX_POINT('',#11891);
#11891 = CARTESIAN_POINT('',(115.389436,-84.179963,1.56));
#11892 = LINE('',#11893,#11894);
#11893 = CARTESIAN_POINT('',(115.3586,-84.514881,1.56));
#11894 = VECTOR('',#11895,1.);
#11895 = DIRECTION('',(9.168252423686E-02,0.995788288116,0.));
#11896 = ORIENTED_EDGE('',*,*,#11897,.T.);
#11897 = EDGE_CURVE('',#11890,#11898,#11900,.T.);
#11898 = VERTEX_POINT('',#11899);
#11899 = CARTESIAN_POINT('',(115.529223,-83.767555,1.56));
#11900 = LINE('',#11901,#11902);
#11901 = CARTESIAN_POINT('',(115.389436,-84.179963,1.56));
#11902 = VECTOR('',#11903,1.);
#11903 = DIRECTION('',(0.321013900562,0.947074482628,0.));
#11904 = ORIENTED_EDGE('',*,*,#11905,.T.);
#11905 = EDGE_CURVE('',#11898,#11906,#11908,.T.);
#11906 = VERTEX_POINT('',#11907);
#11907 = CARTESIAN_POINT('',(115.69392,-83.4219,1.56));
#11908 = LINE('',#11909,#11910);
#11909 = CARTESIAN_POINT('',(115.529223,-83.767555,1.56));
#11910 = VECTOR('',#11911,1.);
#11911 = DIRECTION('',(0.4301451482,0.902759741836,0.));
#11912 = ORIENTED_EDGE('',*,*,#11913,.T.);
#11913 = EDGE_CURVE('',#11906,#11914,#11916,.T.);
#11914 = VERTEX_POINT('',#11915);
#11915 = CARTESIAN_POINT('',(115.88128,-83.134298,1.56));
#11916 = LINE('',#11917,#11918);
#11917 = CARTESIAN_POINT('',(115.69392,-83.4219,1.56));
#11918 = VECTOR('',#11919,1.);
#11919 = DIRECTION('',(0.545845584281,0.837885790619,0.));
#11920 = ORIENTED_EDGE('',*,*,#11921,.T.);
#11921 = EDGE_CURVE('',#11914,#11922,#11924,.T.);
#11922 = VERTEX_POINT('',#11923);
#11923 = CARTESIAN_POINT('',(116.074608,-82.919577,1.56));
#11924 = LINE('',#11925,#11926);
#11925 = CARTESIAN_POINT('',(115.88128,-83.134298,1.56));
#11926 = VECTOR('',#11927,1.);
#11927 = DIRECTION('',(0.669115970963,0.743158002986,0.));
#11928 = ORIENTED_EDGE('',*,*,#11929,.T.);
#11929 = EDGE_CURVE('',#11922,#11930,#11932,.T.);
#11930 = VERTEX_POINT('',#11931);
#11931 = CARTESIAN_POINT('',(116.258232,-82.781473,1.56));
#11932 = LINE('',#11933,#11934);
#11933 = CARTESIAN_POINT('',(116.074608,-82.919577,1.56));
#11934 = VECTOR('',#11935,1.);
#11935 = DIRECTION('',(0.799192877123,0.601074658554,0.));
#11936 = ORIENTED_EDGE('',*,*,#11937,.T.);
#11937 = EDGE_CURVE('',#11930,#11938,#11940,.T.);
#11938 = VERTEX_POINT('',#11939);
#11939 = CARTESIAN_POINT('',(116.435671,-82.704697,1.56));
#11940 = LINE('',#11941,#11942);
#11941 = CARTESIAN_POINT('',(116.258232,-82.781473,1.56));
#11942 = VECTOR('',#11943,1.);
#11943 = DIRECTION('',(0.917771048905,0.397109936658,0.));
#11944 = ORIENTED_EDGE('',*,*,#11945,.T.);
#11945 = EDGE_CURVE('',#11938,#11946,#11948,.T.);
#11946 = VERTEX_POINT('',#11947);
#11947 = CARTESIAN_POINT('',(116.612177,-82.680006,1.56));
#11948 = LINE('',#11949,#11950);
#11949 = CARTESIAN_POINT('',(116.435671,-82.704697,1.56));
#11950 = VECTOR('',#11951,1.);
#11951 = DIRECTION('',(0.990357025894,0.138538663424,0.));
#11952 = ORIENTED_EDGE('',*,*,#11953,.T.);
#11953 = EDGE_CURVE('',#11946,#11954,#11956,.T.);
#11954 = VERTEX_POINT('',#11955);
#11955 = CARTESIAN_POINT('',(116.711787,-82.710369,1.56));
#11956 = LINE('',#11957,#11958);
#11957 = CARTESIAN_POINT('',(116.612177,-82.680006,1.56));
#11958 = VECTOR('',#11959,1.);
#11959 = DIRECTION('',(0.956548305482,-0.291573900204,0.));
#11960 = ORIENTED_EDGE('',*,*,#11961,.T.);
#11961 = EDGE_CURVE('',#11954,#11962,#11964,.T.);
#11962 = VERTEX_POINT('',#11963);
#11963 = CARTESIAN_POINT('',(116.793857,-82.810869,1.56));
#11964 = LINE('',#11965,#11966);
#11965 = CARTESIAN_POINT('',(116.711787,-82.710369,1.56));
#11966 = VECTOR('',#11967,1.);
#11967 = DIRECTION('',(0.632511453508,-0.774551006184,0.));
#11968 = ORIENTED_EDGE('',*,*,#11969,.T.);
#11969 = EDGE_CURVE('',#11962,#11970,#11972,.T.);
#11970 = VERTEX_POINT('',#11971);
#11971 = CARTESIAN_POINT('',(116.857875,-83.023712,1.56));
#11972 = LINE('',#11973,#11974);
#11973 = CARTESIAN_POINT('',(116.793857,-82.810869,1.56));
#11974 = VECTOR('',#11975,1.);
#11975 = DIRECTION('',(0.288029296008,-0.957621597836,0.));
#11976 = ORIENTED_EDGE('',*,*,#11977,.T.);
#11977 = EDGE_CURVE('',#11970,#11978,#11980,.T.);
#11978 = VERTEX_POINT('',#11979);
#11979 = CARTESIAN_POINT('',(116.885423,-83.417925,1.56));
#11980 = LINE('',#11981,#11982);
#11981 = CARTESIAN_POINT('',(116.857875,-83.023712,1.56));
#11982 = VECTOR('',#11983,1.);
#11983 = DIRECTION('',(6.971099894715E-02,-0.997567229126,0.));
#11984 = ORIENTED_EDGE('',*,*,#11985,.T.);
#11985 = EDGE_CURVE('',#11978,#11986,#11988,.T.);
#11986 = VERTEX_POINT('',#11987);
#11987 = CARTESIAN_POINT('',(116.86161,-84.067001,1.56));
#11988 = LINE('',#11989,#11990);
#11989 = CARTESIAN_POINT('',(116.885423,-83.417925,1.56));
#11990 = VECTOR('',#11991,1.);
#11991 = DIRECTION('',(-3.66628719959E-02,-0.999327690909,0.));
#11992 = ORIENTED_EDGE('',*,*,#11993,.T.);
#11993 = EDGE_CURVE('',#11986,#11994,#11996,.T.);
#11994 = VERTEX_POINT('',#11995);
#11995 = CARTESIAN_POINT('',(116.873138,-84.421083,1.56));
#11996 = LINE('',#11997,#11998);
#11997 = CARTESIAN_POINT('',(116.86161,-84.067001,1.56));
#11998 = VECTOR('',#11999,1.);
#11999 = DIRECTION('',(3.254018869104E-02,-0.999470427837,0.));
#12000 = ORIENTED_EDGE('',*,*,#12001,.T.);
#12001 = EDGE_CURVE('',#11994,#12002,#12004,.T.);
#12002 = VERTEX_POINT('',#12003);
#12003 = CARTESIAN_POINT('',(116.909542,-84.8153,1.56));
#12004 = LINE('',#12005,#12006);
#12005 = CARTESIAN_POINT('',(116.873138,-84.421083,1.56));
#12006 = VECTOR('',#12007,1.);
#12007 = DIRECTION('',(9.195383789705E-02,-0.995763270911,0.));
#12008 = ORIENTED_EDGE('',*,*,#12009,.T.);
#12009 = EDGE_CURVE('',#12002,#12010,#12012,.T.);
#12010 = VERTEX_POINT('',#12011);
#12011 = CARTESIAN_POINT('',(117.005102,-85.563293,1.56));
#12012 = LINE('',#12013,#12014);
#12013 = CARTESIAN_POINT('',(116.909542,-84.8153,1.56));
#12014 = VECTOR('',#12015,1.);
#12015 = DIRECTION('',(0.126725225844,-0.991937859513,0.));
#12016 = ORIENTED_EDGE('',*,*,#12017,.T.);
#12017 = EDGE_CURVE('',#12010,#12018,#12020,.T.);
#12018 = VERTEX_POINT('',#12019);
#12019 = CARTESIAN_POINT('',(117.042999,-85.710977,1.56));
#12020 = LINE('',#12021,#12022);
#12021 = CARTESIAN_POINT('',(117.005102,-85.563293,1.56));
#12022 = VECTOR('',#12023,1.);
#12023 = DIRECTION('',(0.248555708664,-0.968617602406,0.));
#12024 = ORIENTED_EDGE('',*,*,#12025,.T.);
#12025 = EDGE_CURVE('',#12018,#12026,#12028,.T.);
#12026 = VERTEX_POINT('',#12027);
#12027 = CARTESIAN_POINT('',(117.109209,-85.806586,1.56));
#12028 = LINE('',#12029,#12030);
#12029 = CARTESIAN_POINT('',(117.042999,-85.710977,1.56));
#12030 = VECTOR('',#12031,1.);
#12031 = DIRECTION('',(0.56932130985,-0.822115105171,0.));
#12032 = ORIENTED_EDGE('',*,*,#12033,.T.);
#12033 = EDGE_CURVE('',#12026,#12034,#12036,.T.);
#12034 = VERTEX_POINT('',#12035);
#12035 = CARTESIAN_POINT('',(117.203681,-85.863751,1.56));
#12036 = LINE('',#12037,#12038);
#12037 = CARTESIAN_POINT('',(117.109209,-85.806586,1.56));
#12038 = VECTOR('',#12039,1.);
#12039 = DIRECTION('',(0.855561938154,-0.517700463572,0.));
#12040 = ORIENTED_EDGE('',*,*,#12041,.T.);
#12041 = EDGE_CURVE('',#12034,#12042,#12044,.T.);
#12042 = VERTEX_POINT('',#12043);
#12043 = CARTESIAN_POINT('',(117.336357,-85.884473,1.56));
#12044 = LINE('',#12045,#12046);
#12045 = CARTESIAN_POINT('',(117.203681,-85.863751,1.56));
#12046 = VECTOR('',#12047,1.);
#12047 = DIRECTION('',(0.988021828416,-0.154314181377,0.));
#12048 = ORIENTED_EDGE('',*,*,#12049,.T.);
#12049 = EDGE_CURVE('',#12042,#12050,#12052,.T.);
#12050 = VERTEX_POINT('',#12051);
#12051 = CARTESIAN_POINT('',(117.472145,-85.860538,1.56));
#12052 = LINE('',#12053,#12054);
#12053 = CARTESIAN_POINT('',(117.336357,-85.884473,1.56));
#12054 = VECTOR('',#12055,1.);
#12055 = DIRECTION('',(0.984817782741,0.173591286637,0.));
#12056 = ORIENTED_EDGE('',*,*,#12057,.T.);
#12057 = EDGE_CURVE('',#12050,#12058,#12060,.T.);
#12058 = VERTEX_POINT('',#12059);
#12059 = CARTESIAN_POINT('',(117.677991,-85.546807,1.56));
#12060 = CIRCLE('',#12061,0.323296000369);
#12061 = AXIS2_PLACEMENT_3D('',#12062,#12063,#12064);
#12062 = CARTESIAN_POINT('',(117.35493406571,-85.55923765028,1.56));
#12063 = DIRECTION('',(0.,0.,1.));
#12064 = DIRECTION('',(0.362549905191,-0.931964358893,0.));
#12065 = ORIENTED_EDGE('',*,*,#12066,.T.);
#12066 = EDGE_CURVE('',#12058,#12067,#12069,.T.);
#12067 = VERTEX_POINT('',#12068);
#12068 = CARTESIAN_POINT('',(117.661797,-85.247241,1.56));
#12069 = LINE('',#12070,#12071);
#12070 = CARTESIAN_POINT('',(117.677991,-85.546807,1.56));
#12071 = VECTOR('',#12072,1.);
#12072 = DIRECTION('',(-5.397939003873E-02,0.998542049916,0.));
#12073 = ORIENTED_EDGE('',*,*,#12074,.T.);
#12074 = EDGE_CURVE('',#12067,#12075,#12077,.T.);
#12075 = VERTEX_POINT('',#12076);
#12076 = CARTESIAN_POINT('',(117.547321,-84.389601,1.56));
#12077 = LINE('',#12078,#12079);
#12078 = CARTESIAN_POINT('',(117.661797,-85.247241,1.56));
#12079 = VECTOR('',#12080,1.);
#12080 = DIRECTION('',(-0.132304527293,0.99120911621,0.));
#12081 = ORIENTED_EDGE('',*,*,#12082,.T.);
#12082 = EDGE_CURVE('',#12075,#12083,#12085,.T.);
#12083 = VERTEX_POINT('',#12084);
#12084 = CARTESIAN_POINT('',(117.53114,-84.086845,1.56));
#12085 = LINE('',#12086,#12087);
#12086 = CARTESIAN_POINT('',(117.547321,-84.389601,1.56));
#12087 = VECTOR('',#12088,1.);
#12088 = DIRECTION('',(-5.336950996526E-02,0.998574832151,0.));
#12089 = ORIENTED_EDGE('',*,*,#12090,.T.);
#12090 = EDGE_CURVE('',#12083,#12091,#12093,.T.);
#12091 = VERTEX_POINT('',#12092);
#12092 = CARTESIAN_POINT('',(117.534499,-83.425252,1.56));
#12093 = LINE('',#12094,#12095);
#12094 = CARTESIAN_POINT('',(117.53114,-84.086845,1.56));
#12095 = VECTOR('',#12096,1.);
#12096 = DIRECTION('',(5.077074134381E-03,0.999987111576,0.));
#12097 = ORIENTED_EDGE('',*,*,#12098,.T.);
#12098 = EDGE_CURVE('',#12091,#12099,#12101,.T.);
#12099 = VERTEX_POINT('',#12100);
#12100 = CARTESIAN_POINT('',(117.506373,-83.004957,1.56));
#12101 = LINE('',#12102,#12103);
#12102 = CARTESIAN_POINT('',(117.534499,-83.425252,1.56));
#12103 = VECTOR('',#12104,1.);
#12104 = DIRECTION('',(-6.677032376463E-02,0.99776837185,0.));
#12105 = ORIENTED_EDGE('',*,*,#12106,.T.);
#12106 = EDGE_CURVE('',#12099,#12107,#12109,.T.);
#12107 = VERTEX_POINT('',#12108);
#12108 = CARTESIAN_POINT('',(117.450011,-82.696853,1.56));
#12109 = LINE('',#12110,#12111);
#12110 = CARTESIAN_POINT('',(117.506373,-83.004957,1.56));
#12111 = VECTOR('',#12112,1.);
#12112 = DIRECTION('',(-0.179945660657,0.98367655213,0.));
#12113 = ORIENTED_EDGE('',*,*,#12114,.T.);
#12114 = EDGE_CURVE('',#12107,#12115,#12117,.T.);
#12115 = VERTEX_POINT('',#12116);
#12116 = CARTESIAN_POINT('',(117.373909,-82.47698,1.56));
#12117 = LINE('',#12118,#12119);
#12118 = CARTESIAN_POINT('',(117.450011,-82.696853,1.56));
#12119 = VECTOR('',#12120,1.);
#12120 = DIRECTION('',(-0.327080302271,0.944996548071,0.));
#12121 = ORIENTED_EDGE('',*,*,#12122,.T.);
#12122 = EDGE_CURVE('',#12115,#12123,#12125,.T.);
#12123 = VERTEX_POINT('',#12124);
#12124 = CARTESIAN_POINT('',(117.243429,-82.264008,1.56));
#12125 = LINE('',#12126,#12127);
#12126 = CARTESIAN_POINT('',(117.373909,-82.47698,1.56));
#12127 = VECTOR('',#12128,1.);
#12128 = DIRECTION('',(-0.522412959179,0.852692617584,0.));
#12129 = ORIENTED_EDGE('',*,*,#12130,.T.);
#12130 = EDGE_CURVE('',#12123,#12131,#12133,.T.);
#12131 = VERTEX_POINT('',#12132);
#12132 = CARTESIAN_POINT('',(117.077833,-82.117592,1.56));
#12133 = LINE('',#12134,#12135);
#12134 = CARTESIAN_POINT('',(117.243429,-82.264008,1.56));
#12135 = VECTOR('',#12136,1.);
#12136 = DIRECTION('',(-0.749159915101,0.662389176849,0.));
#12137 = ORIENTED_EDGE('',*,*,#12138,.T.);
#12138 = EDGE_CURVE('',#12131,#12139,#12141,.T.);
#12139 = VERTEX_POINT('',#12140);
#12140 = CARTESIAN_POINT('',(116.871607,-82.027997,1.56));
#12141 = LINE('',#12142,#12143);
#12142 = CARTESIAN_POINT('',(117.077833,-82.117592,1.56));
#12143 = VECTOR('',#12144,1.);
#12144 = DIRECTION('',(-0.91718138369,0.398469960489,0.));
#12145 = ORIENTED_EDGE('',*,*,#12146,.T.);
#12146 = EDGE_CURVE('',#12139,#12147,#12149,.T.);
#12147 = VERTEX_POINT('',#12148);
#12148 = CARTESIAN_POINT('',(116.166728,-82.101545,1.56));
#12149 = CIRCLE('',#12150,1.020517572252);
#12150 = AXIS2_PLACEMENT_3D('',#12151,#12152,#12153);
#12151 = CARTESIAN_POINT('',(116.61848520351,-83.01662507537,1.56));
#12152 = DIRECTION('',(0.,0.,1.));
#12153 = DIRECTION('',(0.248032766282,0.968751643534,-0.));
#12154 = ORIENTED_EDGE('',*,*,#12155,.T.);
#12155 = EDGE_CURVE('',#12147,#12156,#12158,.T.);
#12156 = VERTEX_POINT('',#12157);
#12157 = CARTESIAN_POINT('',(115.934968,-82.242233,1.56));
#12158 = LINE('',#12159,#12160);
#12159 = CARTESIAN_POINT('',(116.166728,-82.101545,1.56));
#12160 = VECTOR('',#12161,1.);
#12161 = DIRECTION('',(-0.854825847602,-0.518914993301,0.));
#12162 = ORIENTED_EDGE('',*,*,#12163,.T.);
#12163 = EDGE_CURVE('',#12156,#12164,#12166,.T.);
#12164 = VERTEX_POINT('',#12165);
#12165 = CARTESIAN_POINT('',(115.691552,-82.455846,1.56));
#12166 = LINE('',#12167,#12168);
#12167 = CARTESIAN_POINT('',(115.934968,-82.242233,1.56));
#12168 = VECTOR('',#12169,1.);
#12169 = DIRECTION('',(-0.751621034096,-0.659595194877,0.));
#12170 = ORIENTED_EDGE('',*,*,#12171,.T.);
#12171 = EDGE_CURVE('',#12164,#12172,#12174,.T.);
#12172 = VERTEX_POINT('',#12173);
#12173 = CARTESIAN_POINT('',(115.433705,-82.758164,1.56));
#12174 = LINE('',#12175,#12176);
#12175 = CARTESIAN_POINT('',(115.691552,-82.455846,1.56));
#12176 = VECTOR('',#12177,1.);
#12177 = DIRECTION('',(-0.648928438136,-0.760849447774,0.));
#12178 = ORIENTED_EDGE('',*,*,#12179,.T.);
#12179 = EDGE_CURVE('',#12172,#12180,#12182,.T.);
#12180 = VERTEX_POINT('',#12181);
#12181 = CARTESIAN_POINT('',(115.423325,-82.360048,1.56));
#12182 = LINE('',#12183,#12184);
#12183 = CARTESIAN_POINT('',(115.433705,-82.758164,1.56));
#12184 = VECTOR('',#12185,1.);
#12185 = DIRECTION('',(-2.60639453883E-02,0.99966027767,0.));
#12186 = ORIENTED_EDGE('',*,*,#12187,.T.);
#12187 = EDGE_CURVE('',#12180,#12188,#12190,.T.);
#12188 = VERTEX_POINT('',#12189);
#12189 = CARTESIAN_POINT('',(115.383951,-82.147027,1.56));
#12190 = LINE('',#12191,#12192);
#12191 = CARTESIAN_POINT('',(115.423325,-82.360048,1.56));
#12192 = VECTOR('',#12193,1.);
#12193 = DIRECTION('',(-0.181757490925,0.983343385849,0.));
#12194 = ORIENTED_EDGE('',*,*,#12195,.T.);
#12195 = EDGE_CURVE('',#12188,#11766,#12196,.T.);
#12196 = LINE('',#12197,#12198);
#12197 = CARTESIAN_POINT('',(115.383951,-82.147027,1.56));
#12198 = VECTOR('',#12199,1.);
#12199 = DIRECTION('',(-0.482188866751,0.876067290099,0.));
#12200 = FACE_BOUND('',#12201,.F.);
#12201 = EDGE_LOOP('',(#12202,#12212,#12220,#12229,#12237,#12245,#12253,
    #12261,#12269,#12277,#12285,#12293,#12301,#12309,#12317,#12325,
    #12333,#12341,#12349,#12357,#12365,#12373,#12381,#12389,#12397,
    #12405,#12413,#12421,#12429,#12437,#12445,#12453,#12461,#12469,
    #12477,#12485,#12493,#12501,#12509,#12517,#12525,#12533,#12541,
    #12549));
#12202 = ORIENTED_EDGE('',*,*,#12203,.T.);
#12203 = EDGE_CURVE('',#12204,#12206,#12208,.T.);
#12204 = VERTEX_POINT('',#12205);
#12205 = CARTESIAN_POINT('',(128.741492,-82.148283,1.56));
#12206 = VERTEX_POINT('',#12207);
#12207 = CARTESIAN_POINT('',(128.606989,-82.079242,1.56));
#12208 = LINE('',#12209,#12210);
#12209 = CARTESIAN_POINT('',(128.741492,-82.148283,1.56));
#12210 = VECTOR('',#12211,1.);
#12211 = DIRECTION('',(-0.889642554229,0.456657558467,0.));
#12212 = ORIENTED_EDGE('',*,*,#12213,.T.);
#12213 = EDGE_CURVE('',#12206,#12214,#12216,.T.);
#12214 = VERTEX_POINT('',#12215);
#12215 = CARTESIAN_POINT('',(128.433836,-82.054745,1.56));
#12216 = LINE('',#12217,#12218);
#12217 = CARTESIAN_POINT('',(128.606989,-82.079242,1.56));
#12218 = VECTOR('',#12219,1.);
#12219 = DIRECTION('',(-0.990140035093,0.140081086898,0.));
#12220 = ORIENTED_EDGE('',*,*,#12221,.T.);
#12221 = EDGE_CURVE('',#12214,#12222,#12224,.T.);
#12222 = VERTEX_POINT('',#12223);
#12223 = CARTESIAN_POINT('',(127.540019,-82.277078,1.56));
#12224 = CIRCLE('',#12225,1.889933451172);
#12225 = AXIS2_PLACEMENT_3D('',#12226,#12227,#12228);
#12226 = CARTESIAN_POINT('',(128.42938655823,-83.94467321353,1.56));
#12227 = DIRECTION('',(0.,0.,1.));
#12228 = DIRECTION('',(2.354284887914E-03,0.999997228667,-0.));
#12229 = ORIENTED_EDGE('',*,*,#12230,.T.);
#12230 = EDGE_CURVE('',#12222,#12231,#12233,.T.);
#12231 = VERTEX_POINT('',#12232);
#12232 = CARTESIAN_POINT('',(127.257683,-82.45487,1.56));
#12233 = LINE('',#12234,#12235);
#12234 = CARTESIAN_POINT('',(127.540019,-82.277078,1.56));
#12235 = VECTOR('',#12236,1.);
#12236 = DIRECTION('',(-0.846199204539,-0.532866687115,0.));
#12237 = ORIENTED_EDGE('',*,*,#12238,.T.);
#12238 = EDGE_CURVE('',#12231,#12239,#12241,.T.);
#12239 = VERTEX_POINT('',#12240);
#12240 = CARTESIAN_POINT('',(126.978759,-82.692524,1.56));
#12241 = LINE('',#12242,#12243);
#12242 = CARTESIAN_POINT('',(127.257683,-82.45487,1.56));
#12243 = VECTOR('',#12244,1.);
#12244 = DIRECTION('',(-0.761173075649,-0.648548802255,0.));
#12245 = ORIENTED_EDGE('',*,*,#12246,.T.);
#12246 = EDGE_CURVE('',#12239,#12247,#12249,.T.);
#12247 = VERTEX_POINT('',#12248);
#12248 = CARTESIAN_POINT('',(126.948256,-82.402567,1.56));
#12249 = LINE('',#12250,#12251);
#12250 = CARTESIAN_POINT('',(126.978759,-82.692524,1.56));
#12251 = VECTOR('',#12252,1.);
#12252 = DIRECTION('',(-0.104621045273,0.99451216025,0.));
#12253 = ORIENTED_EDGE('',*,*,#12254,.T.);
#12254 = EDGE_CURVE('',#12247,#12255,#12257,.T.);
#12255 = VERTEX_POINT('',#12256);
#12256 = CARTESIAN_POINT('',(126.876793,-82.233515,1.56));
#12257 = LINE('',#12258,#12259);
#12258 = CARTESIAN_POINT('',(126.948256,-82.402567,1.56));
#12259 = VECTOR('',#12260,1.);
#12260 = DIRECTION('',(-0.389367315516,0.921082566119,0.));
#12261 = ORIENTED_EDGE('',*,*,#12262,.T.);
#12262 = EDGE_CURVE('',#12255,#12263,#12265,.T.);
#12263 = VERTEX_POINT('',#12264);
#12264 = CARTESIAN_POINT('',(126.776343,-82.14366,1.56));
#12265 = LINE('',#12266,#12267);
#12266 = CARTESIAN_POINT('',(126.876793,-82.233515,1.56));
#12267 = VECTOR('',#12268,1.);
#12268 = DIRECTION('',(-0.745319901258,0.666707015704,0.));
#12269 = ORIENTED_EDGE('',*,*,#12270,.T.);
#12270 = EDGE_CURVE('',#12263,#12271,#12273,.T.);
#12271 = VERTEX_POINT('',#12272);
#12272 = CARTESIAN_POINT('',(126.640483,-82.113363,1.56));
#12273 = LINE('',#12274,#12275);
#12274 = CARTESIAN_POINT('',(126.776343,-82.14366,1.56));
#12275 = VECTOR('',#12276,1.);
#12276 = DIRECTION('',(-0.976025699158,0.217655311404,0.));
#12277 = ORIENTED_EDGE('',*,*,#12278,.T.);
#12278 = EDGE_CURVE('',#12271,#12279,#12281,.T.);
#12279 = VERTEX_POINT('',#12280);
#12280 = CARTESIAN_POINT('',(126.507648,-82.135505,1.56));
#12281 = LINE('',#12282,#12283);
#12282 = CARTESIAN_POINT('',(126.640483,-82.113363,1.56));
#12283 = VECTOR('',#12284,1.);
#12284 = DIRECTION('',(-0.98639051182,-0.16441945807,0.));
#12285 = ORIENTED_EDGE('',*,*,#12286,.T.);
#12286 = EDGE_CURVE('',#12279,#12287,#12289,.T.);
#12287 = VERTEX_POINT('',#12288);
#12288 = CARTESIAN_POINT('',(126.418662,-82.195837,1.56));
#12289 = LINE('',#12290,#12291);
#12290 = CARTESIAN_POINT('',(126.507648,-82.135505,1.56));
#12291 = VECTOR('',#12292,1.);
#12292 = DIRECTION('',(-0.827697660714,-0.561174288834,0.));
#12293 = ORIENTED_EDGE('',*,*,#12294,.T.);
#12294 = EDGE_CURVE('',#12287,#12295,#12297,.T.);
#12295 = VERTEX_POINT('',#12296);
#12296 = CARTESIAN_POINT('',(126.361931,-82.297639,1.56));
#12297 = LINE('',#12298,#12299);
#12298 = CARTESIAN_POINT('',(126.418662,-82.195837,1.56));
#12299 = VECTOR('',#12300,1.);
#12300 = DIRECTION('',(-0.486785596612,-0.873521483955,0.));
#12301 = ORIENTED_EDGE('',*,*,#12302,.T.);
#12302 = EDGE_CURVE('',#12295,#12303,#12305,.T.);
#12303 = VERTEX_POINT('',#12304);
#12304 = CARTESIAN_POINT('',(126.340064,-82.458967,1.56));
#12305 = LINE('',#12306,#12307);
#12306 = CARTESIAN_POINT('',(126.361931,-82.297639,1.56));
#12307 = VECTOR('',#12308,1.);
#12308 = DIRECTION('',(-0.134315523104,-0.990938615785,0.));
#12309 = ORIENTED_EDGE('',*,*,#12310,.T.);
#12310 = EDGE_CURVE('',#12303,#12311,#12313,.T.);
#12311 = VERTEX_POINT('',#12312);
#12312 = CARTESIAN_POINT('',(126.322967,-83.136435,1.56));
#12313 = LINE('',#12314,#12315);
#12314 = CARTESIAN_POINT('',(126.340064,-82.458967,1.56));
#12315 = VECTOR('',#12316,1.);
#12316 = DIRECTION('',(-2.522858374474E-02,-0.999681708626,0.));
#12317 = ORIENTED_EDGE('',*,*,#12318,.T.);
#12318 = EDGE_CURVE('',#12311,#12319,#12321,.T.);
#12319 = VERTEX_POINT('',#12320);
#12320 = CARTESIAN_POINT('',(126.322967,-85.538869,1.56));
#12321 = LINE('',#12322,#12323);
#12322 = CARTESIAN_POINT('',(126.322967,-83.136435,1.56));
#12323 = VECTOR('',#12324,1.);
#12324 = DIRECTION('',(0.,-1.,0.));
#12325 = ORIENTED_EDGE('',*,*,#12326,.T.);
#12326 = EDGE_CURVE('',#12319,#12327,#12329,.T.);
#12327 = VERTEX_POINT('',#12328);
#12328 = CARTESIAN_POINT('',(126.344834,-85.700197,1.56));
#12329 = LINE('',#12330,#12331);
#12330 = CARTESIAN_POINT('',(126.322967,-85.538869,1.56));
#12331 = VECTOR('',#12332,1.);
#12332 = DIRECTION('',(0.134315523104,-0.990938615785,0.));
#12333 = ORIENTED_EDGE('',*,*,#12334,.T.);
#12334 = EDGE_CURVE('',#12327,#12335,#12337,.T.);
#12335 = VERTEX_POINT('',#12336);
#12336 = CARTESIAN_POINT('',(126.401565,-85.801999,1.56));
#12337 = LINE('',#12338,#12339);
#12338 = CARTESIAN_POINT('',(126.344834,-85.700197,1.56));
#12339 = VECTOR('',#12340,1.);
#12340 = DIRECTION('',(0.486785596612,-0.873521483955,0.));
#12341 = ORIENTED_EDGE('',*,*,#12342,.T.);
#12342 = EDGE_CURVE('',#12335,#12343,#12345,.T.);
#12343 = VERTEX_POINT('',#12344);
#12344 = CARTESIAN_POINT('',(126.490551,-85.86233,1.56));
#12345 = LINE('',#12346,#12347);
#12346 = CARTESIAN_POINT('',(126.401565,-85.801999,1.56));
#12347 = VECTOR('',#12348,1.);
#12348 = DIRECTION('',(0.827701981068,-0.561167916524,0.));
#12349 = ORIENTED_EDGE('',*,*,#12350,.T.);
#12350 = EDGE_CURVE('',#12343,#12351,#12353,.T.);
#12351 = VERTEX_POINT('',#12352);
#12352 = CARTESIAN_POINT('',(126.623386,-85.884473,1.56));
#12353 = LINE('',#12354,#12355);
#12354 = CARTESIAN_POINT('',(126.490551,-85.86233,1.56));
#12355 = VECTOR('',#12356,1.);
#12356 = DIRECTION('',(0.986389307484,-0.164426682995,0.));
#12357 = ORIENTED_EDGE('',*,*,#12358,.T.);
#12358 = EDGE_CURVE('',#12351,#12359,#12361,.T.);
#12359 = VERTEX_POINT('',#12360);
#12360 = CARTESIAN_POINT('',(126.776627,-85.861119,1.56));
#12361 = LINE('',#12362,#12363);
#12362 = CARTESIAN_POINT('',(126.623386,-85.884473,1.56));
#12363 = VECTOR('',#12364,1.);
#12364 = DIRECTION('',(0.988585502363,0.150660892465,0.));
#12365 = ORIENTED_EDGE('',*,*,#12366,.T.);
#12366 = EDGE_CURVE('',#12359,#12367,#12369,.T.);
#12367 = VERTEX_POINT('',#12368);
#12368 = CARTESIAN_POINT('',(126.876596,-85.798882,1.56));
#12369 = LINE('',#12370,#12371);
#12370 = CARTESIAN_POINT('',(126.776627,-85.861119,1.56));
#12371 = VECTOR('',#12372,1.);
#12372 = DIRECTION('',(0.848926814422,0.528510419722,0.));
#12373 = ORIENTED_EDGE('',*,*,#12374,.T.);
#12374 = EDGE_CURVE('',#12367,#12375,#12377,.T.);
#12375 = VERTEX_POINT('',#12376);
#12376 = CARTESIAN_POINT('',(126.938346,-85.697181,1.56));
#12377 = LINE('',#12378,#12379);
#12378 = CARTESIAN_POINT('',(126.876596,-85.798882,1.56));
#12379 = VECTOR('',#12380,1.);
#12380 = DIRECTION('',(0.518996337994,0.854776462678,0.));
#12381 = ORIENTED_EDGE('',*,*,#12382,.T.);
#12382 = EDGE_CURVE('',#12375,#12383,#12385,.T.);
#12383 = VERTEX_POINT('',#12384);
#12384 = CARTESIAN_POINT('',(126.961662,-85.54009,1.56));
#12385 = LINE('',#12386,#12387);
#12386 = CARTESIAN_POINT('',(126.938346,-85.697181,1.56));
#12387 = VECTOR('',#12388,1.);
#12388 = DIRECTION('',(0.146815198784,0.98916393859,0.));
#12389 = ORIENTED_EDGE('',*,*,#12390,.T.);
#12390 = EDGE_CURVE('',#12383,#12391,#12393,.T.);
#12391 = VERTEX_POINT('',#12392);
#12392 = CARTESIAN_POINT('',(126.954945,-83.671327,1.56));
#12393 = LINE('',#12394,#12395);
#12394 = CARTESIAN_POINT('',(126.961662,-85.54009,1.56));
#12395 = VECTOR('',#12396,1.);
#12396 = DIRECTION('',(-3.594333048458E-03,0.999993540364,0.));
#12397 = ORIENTED_EDGE('',*,*,#12398,.T.);
#12398 = EDGE_CURVE('',#12391,#12399,#12401,.T.);
#12399 = VERTEX_POINT('',#12400);
#12400 = CARTESIAN_POINT('',(127.108182,-83.386819,1.56));
#12401 = LINE('',#12402,#12403);
#12402 = CARTESIAN_POINT('',(126.954945,-83.671327,1.56));
#12403 = VECTOR('',#12404,1.);
#12404 = DIRECTION('',(0.474196701709,0.880418927607,0.));
#12405 = ORIENTED_EDGE('',*,*,#12406,.T.);
#12406 = EDGE_CURVE('',#12399,#12407,#12409,.T.);
#12407 = VERTEX_POINT('',#12408);
#12408 = CARTESIAN_POINT('',(127.276857,-83.167442,1.56));
#12409 = LINE('',#12410,#12411);
#12410 = CARTESIAN_POINT('',(127.108182,-83.386819,1.56));
#12411 = VECTOR('',#12412,1.);
#12412 = DIRECTION('',(0.609536980722,0.792757635808,0.));
#12413 = ORIENTED_EDGE('',*,*,#12414,.T.);
#12414 = EDGE_CURVE('',#12407,#12415,#12417,.T.);
#12415 = VERTEX_POINT('',#12416);
#12416 = CARTESIAN_POINT('',(127.460528,-83.003018,1.56));
#12417 = LINE('',#12418,#12419);
#12418 = CARTESIAN_POINT('',(127.276857,-83.167442,1.56));
#12419 = VECTOR('',#12420,1.);
#12420 = DIRECTION('',(0.745066339233,0.666990367353,0.));
#12421 = ORIENTED_EDGE('',*,*,#12422,.T.);
#12422 = EDGE_CURVE('',#12415,#12423,#12425,.T.);
#12423 = VERTEX_POINT('',#12424);
#12424 = CARTESIAN_POINT('',(127.687761,-82.869135,1.56));
#12425 = LINE('',#12426,#12427);
#12426 = CARTESIAN_POINT('',(127.460528,-83.003018,1.56));
#12427 = VECTOR('',#12428,1.);
#12428 = DIRECTION('',(0.861575211266,0.507629939357,0.));
#12429 = ORIENTED_EDGE('',*,*,#12430,.T.);
#12430 = EDGE_CURVE('',#12423,#12431,#12433,.T.);
#12431 = VERTEX_POINT('',#12432);
#12432 = CARTESIAN_POINT('',(127.971805,-82.766521,1.56));
#12433 = LINE('',#12434,#12435);
#12434 = CARTESIAN_POINT('',(127.687761,-82.869135,1.56));
#12435 = VECTOR('',#12436,1.);
#12436 = DIRECTION('',(0.940508878036,0.339769113274,0.));
#12437 = ORIENTED_EDGE('',*,*,#12438,.T.);
#12438 = EDGE_CURVE('',#12431,#12439,#12441,.T.);
#12439 = VERTEX_POINT('',#12440);
#12440 = CARTESIAN_POINT('',(128.324537,-82.699546,1.56));
#12441 = LINE('',#12442,#12443);
#12442 = CARTESIAN_POINT('',(127.971805,-82.766521,1.56));
#12443 = VECTOR('',#12444,1.);
#12444 = DIRECTION('',(0.98244695882,0.186542148336,0.));
#12445 = ORIENTED_EDGE('',*,*,#12446,.T.);
#12446 = EDGE_CURVE('',#12439,#12447,#12449,.T.);
#12447 = VERTEX_POINT('',#12448);
#12448 = CARTESIAN_POINT('',(128.344993,-83.222836,1.56));
#12449 = LINE('',#12450,#12451);
#12450 = CARTESIAN_POINT('',(128.324537,-82.699546,1.56));
#12451 = VECTOR('',#12452,1.);
#12452 = DIRECTION('',(3.906130121183E-02,-0.999236816149,0.));
#12453 = ORIENTED_EDGE('',*,*,#12454,.T.);
#12454 = EDGE_CURVE('',#12447,#12455,#12457,.T.);
#12455 = VERTEX_POINT('',#12456);
#12456 = CARTESIAN_POINT('',(128.366331,-83.379765,1.56));
#12457 = LINE('',#12458,#12459);
#12458 = CARTESIAN_POINT('',(128.344993,-83.222836,1.56));
#12459 = VECTOR('',#12460,1.);
#12460 = DIRECTION('',(0.134732523717,-0.990882004606,0.));
#12461 = ORIENTED_EDGE('',*,*,#12462,.T.);
#12462 = EDGE_CURVE('',#12455,#12463,#12465,.T.);
#12463 = VERTEX_POINT('',#12464);
#12464 = CARTESIAN_POINT('',(128.421728,-83.478878,1.56));
#12465 = LINE('',#12466,#12467);
#12466 = CARTESIAN_POINT('',(128.366331,-83.379765,1.56));
#12467 = VECTOR('',#12468,1.);
#12468 = DIRECTION('',(0.487890640725,-0.872904761525,0.));
#12469 = ORIENTED_EDGE('',*,*,#12470,.T.);
#12470 = EDGE_CURVE('',#12463,#12471,#12473,.T.);
#12471 = VERTEX_POINT('',#12472);
#12472 = CARTESIAN_POINT('',(128.508718,-83.537682,1.56));
#12473 = LINE('',#12474,#12475);
#12474 = CARTESIAN_POINT('',(128.421728,-83.478878,1.56));
#12475 = VECTOR('',#12476,1.);
#12476 = DIRECTION('',(0.828469783818,-0.560033764429,0.));
#12477 = ORIENTED_EDGE('',*,*,#12478,.T.);
#12478 = EDGE_CURVE('',#12471,#12479,#12481,.T.);
#12479 = VERTEX_POINT('',#12480);
#12480 = CARTESIAN_POINT('',(128.638695,-83.559281,1.56));
#12481 = LINE('',#12482,#12483);
#12482 = CARTESIAN_POINT('',(128.508718,-83.537682,1.56));
#12483 = VECTOR('',#12484,1.);
#12484 = DIRECTION('',(0.986472373734,-0.163927593345,0.));
#12485 = ORIENTED_EDGE('',*,*,#12486,.T.);
#12486 = EDGE_CURVE('',#12479,#12487,#12489,.T.);
#12487 = VERTEX_POINT('',#12488);
#12488 = CARTESIAN_POINT('',(128.775819,-83.534032,1.56));
#12489 = LINE('',#12490,#12491);
#12490 = CARTESIAN_POINT('',(128.638695,-83.559281,1.56));
#12491 = VECTOR('',#12492,1.);
#12492 = DIRECTION('',(0.983466838244,0.181088315676,0.));
#12493 = ORIENTED_EDGE('',*,*,#12494,.T.);
#12494 = EDGE_CURVE('',#12487,#12495,#12497,.T.);
#12495 = VERTEX_POINT('',#12496);
#12496 = CARTESIAN_POINT('',(128.874681,-83.462395,1.56));
#12497 = LINE('',#12498,#12499);
#12498 = CARTESIAN_POINT('',(128.775819,-83.534032,1.56));
#12499 = VECTOR('',#12500,1.);
#12500 = DIRECTION('',(0.809758133886,0.586763806489,0.));
#12501 = ORIENTED_EDGE('',*,*,#12502,.T.);
#12502 = EDGE_CURVE('',#12495,#12503,#12505,.T.);
#12503 = VERTEX_POINT('',#12504);
#12504 = CARTESIAN_POINT('',(128.944404,-83.336361,1.56));
#12505 = LINE('',#12506,#12507);
#12506 = CARTESIAN_POINT('',(128.874681,-83.462395,1.56));
#12507 = VECTOR('',#12508,1.);
#12508 = DIRECTION('',(0.484072356427,0.875027973121,0.));
#12509 = ORIENTED_EDGE('',*,*,#12510,.T.);
#12510 = EDGE_CURVE('',#12503,#12511,#12513,.T.);
#12511 = VERTEX_POINT('',#12512);
#12512 = CARTESIAN_POINT('',(128.980329,-83.131856,1.56));
#12513 = LINE('',#12514,#12515);
#12514 = CARTESIAN_POINT('',(128.944404,-83.336361,1.56));
#12515 = VECTOR('',#12516,1.);
#12516 = DIRECTION('',(0.173018744058,0.98491853176,0.));
#12517 = ORIENTED_EDGE('',*,*,#12518,.T.);
#12518 = EDGE_CURVE('',#12511,#12519,#12521,.T.);
#12519 = VERTEX_POINT('',#12520);
#12520 = CARTESIAN_POINT('',(128.983688,-82.892498,1.56));
#12521 = LINE('',#12522,#12523);
#12522 = CARTESIAN_POINT('',(128.980329,-83.131856,1.56));
#12523 = VECTOR('',#12524,1.);
#12524 = DIRECTION('',(1.403199097412E-02,0.999901546768,0.));
#12525 = ORIENTED_EDGE('',*,*,#12526,.T.);
#12526 = EDGE_CURVE('',#12519,#12527,#12529,.T.);
#12527 = VERTEX_POINT('',#12528);
#12528 = CARTESIAN_POINT('',(128.96543,-82.613403,1.56));
#12529 = LINE('',#12530,#12531);
#12530 = CARTESIAN_POINT('',(128.983688,-82.892498,1.56));
#12531 = VECTOR('',#12532,1.);
#12532 = DIRECTION('',(-6.527905037098E-02,0.997867048049,0.));
#12533 = ORIENTED_EDGE('',*,*,#12534,.T.);
#12534 = EDGE_CURVE('',#12527,#12535,#12537,.T.);
#12535 = VERTEX_POINT('',#12536);
#12536 = CARTESIAN_POINT('',(128.917349,-82.409423,1.56));
#12537 = LINE('',#12538,#12539);
#12538 = CARTESIAN_POINT('',(128.96543,-82.613403,1.56));
#12539 = VECTOR('',#12540,1.);
#12540 = DIRECTION('',(-0.229426822381,0.973325913131,0.));
#12541 = ORIENTED_EDGE('',*,*,#12542,.T.);
#12542 = EDGE_CURVE('',#12535,#12543,#12545,.T.);
#12543 = VERTEX_POINT('',#12544);
#12544 = CARTESIAN_POINT('',(128.846912,-82.263267,1.56));
#12545 = LINE('',#12546,#12547);
#12546 = CARTESIAN_POINT('',(128.917349,-82.409423,1.56));
#12547 = VECTOR('',#12548,1.);
#12548 = DIRECTION('',(-0.434143790109,0.900843587705,0.));
#12549 = ORIENTED_EDGE('',*,*,#12550,.T.);
#12550 = EDGE_CURVE('',#12543,#12204,#12551,.T.);
#12551 = LINE('',#12552,#12553);
#12552 = CARTESIAN_POINT('',(128.846912,-82.263267,1.56));
#12553 = VECTOR('',#12554,1.);
#12554 = DIRECTION('',(-0.675787327317,0.737096661394,0.));
#12555 = FACE_BOUND('',#12556,.F.);
#12556 = EDGE_LOOP('',(#12557,#12567,#12575,#12584,#12592,#12600,#12608,
    #12616,#12624,#12632,#12640,#12648,#12656,#12664,#12673,#12681,
    #12689,#12697,#12705,#12713,#12721,#12729,#12737,#12745,#12753,
    #12761,#12769,#12777,#12785,#12793,#12801,#12809,#12817,#12825,
    #12833,#12841,#12849,#12857,#12866,#12874,#12882,#12890,#12898,
    #12906,#12914,#12922,#12930,#12938,#12946,#12954,#12962,#12970,
    #12978,#12986,#12994,#13002,#13010,#13018,#13026,#13034,#13042,
    #13050));
#12557 = ORIENTED_EDGE('',*,*,#12558,.T.);
#12558 = EDGE_CURVE('',#12559,#12561,#12563,.T.);
#12559 = VERTEX_POINT('',#12560);
#12560 = CARTESIAN_POINT('',(84.19069,-80.252352,1.56));
#12561 = VERTEX_POINT('',#12562);
#12562 = CARTESIAN_POINT('',(84.098188,-80.198415,1.56));
#12563 = LINE('',#12564,#12565);
#12564 = CARTESIAN_POINT('',(84.19069,-80.252352,1.56));
#12565 = VECTOR('',#12566,1.);
#12566 = DIRECTION('',(-0.863870340509,0.503714239217,0.));
#12567 = ORIENTED_EDGE('',*,*,#12568,.T.);
#12568 = EDGE_CURVE('',#12561,#12569,#12571,.T.);
#12569 = VERTEX_POINT('',#12570);
#12570 = CARTESIAN_POINT('',(83.970952,-80.17896,1.56));
#12571 = LINE('',#12572,#12573);
#12572 = CARTESIAN_POINT('',(84.098188,-80.198415,1.56));
#12573 = VECTOR('',#12574,1.);
#12574 = DIRECTION('',(-0.988511123733,0.151148133486,0.));
#12575 = ORIENTED_EDGE('',*,*,#12576,.T.);
#12576 = EDGE_CURVE('',#12569,#12577,#12579,.T.);
#12577 = VERTEX_POINT('',#12578);
#12578 = CARTESIAN_POINT('',(83.65437,-80.37862,1.56));
#12579 = CIRCLE('',#12580,0.337604405278);
#12580 = AXIS2_PLACEMENT_3D('',#12581,#12582,#12583);
#12581 = CARTESIAN_POINT('',(83.96255321078,-80.51645991822,1.56));
#12582 = DIRECTION('',(0.,0.,1.));
#12583 = DIRECTION('',(2.487760553238E-02,0.999690504478,-0.));
#12584 = ORIENTED_EDGE('',*,*,#12585,.T.);
#12585 = EDGE_CURVE('',#12577,#12586,#12588,.T.);
#12586 = VERTEX_POINT('',#12587);
#12587 = CARTESIAN_POINT('',(83.629317,-80.510519,1.56));
#12588 = LINE('',#12589,#12590);
#12589 = CARTESIAN_POINT('',(83.65437,-80.37862,1.56));
#12590 = VECTOR('',#12591,1.);
#12591 = DIRECTION('',(-0.186604500435,-0.982435117663,0.));
#12592 = ORIENTED_EDGE('',*,*,#12593,.T.);
#12593 = EDGE_CURVE('',#12586,#12594,#12596,.T.);
#12594 = VERTEX_POINT('',#12595);
#12595 = CARTESIAN_POINT('',(83.694042,-81.162953,1.56));
#12596 = LINE('',#12597,#12598);
#12597 = CARTESIAN_POINT('',(83.629317,-80.510519,1.56));
#12598 = VECTOR('',#12599,1.);
#12599 = DIRECTION('',(9.872083493757E-02,-0.995115167581,0.));
#12600 = ORIENTED_EDGE('',*,*,#12601,.T.);
#12601 = EDGE_CURVE('',#12594,#12602,#12604,.T.);
#12602 = VERTEX_POINT('',#12603);
#12603 = CARTESIAN_POINT('',(83.670228,-81.733565,1.56));
#12604 = LINE('',#12605,#12606);
#12605 = CARTESIAN_POINT('',(83.694042,-81.162953,1.56));
#12606 = VECTOR('',#12607,1.);
#12607 = DIRECTION('',(-4.169784051912E-02,-0.99913026683,0.));
#12608 = ORIENTED_EDGE('',*,*,#12609,.T.);
#12609 = EDGE_CURVE('',#12602,#12610,#12612,.T.);
#12610 = VERTEX_POINT('',#12611);
#12611 = CARTESIAN_POINT('',(83.660153,-84.245298,1.56));
#12612 = LINE('',#12613,#12614);
#12613 = CARTESIAN_POINT('',(83.670228,-81.733565,1.56));
#12614 = VECTOR('',#12615,1.);
#12615 = DIRECTION('',(-4.011142486087E-03,-0.999991955336,0.));
#12616 = ORIENTED_EDGE('',*,*,#12617,.T.);
#12617 = EDGE_CURVE('',#12610,#12618,#12620,.T.);
#12618 = VERTEX_POINT('',#12619);
#12619 = CARTESIAN_POINT('',(83.649773,-84.750881,1.56));
#12620 = LINE('',#12621,#12622);
#12621 = CARTESIAN_POINT('',(83.660153,-84.245298,1.56));
#12622 = VECTOR('',#12623,1.);
#12623 = DIRECTION('',(-2.052642799476E-02,-0.999789310682,0.));
#12624 = ORIENTED_EDGE('',*,*,#12625,.T.);
#12625 = EDGE_CURVE('',#12618,#12626,#12628,.T.);
#12626 = VERTEX_POINT('',#12627);
#12627 = CARTESIAN_POINT('',(83.631649,-85.124846,1.56));
#12628 = LINE('',#12629,#12630);
#12629 = CARTESIAN_POINT('',(83.649773,-84.750881,1.56));
#12630 = VECTOR('',#12631,1.);
#12631 = DIRECTION('',(-4.840761191295E-02,-0.998827664369,0.));
#12632 = ORIENTED_EDGE('',*,*,#12633,.T.);
#12633 = EDGE_CURVE('',#12626,#12634,#12636,.T.);
#12634 = VERTEX_POINT('',#12635);
#12635 = CARTESIAN_POINT('',(83.61222,-85.249747,1.56));
#12636 = LINE('',#12637,#12638);
#12637 = CARTESIAN_POINT('',(83.631649,-85.124846,1.56));
#12638 = VECTOR('',#12639,1.);
#12639 = DIRECTION('',(-0.15370666298,-0.988116522357,0.));
#12640 = ORIENTED_EDGE('',*,*,#12641,.T.);
#12641 = EDGE_CURVE('',#12634,#12642,#12644,.T.);
#12642 = VERTEX_POINT('',#12643);
#12643 = CARTESIAN_POINT('',(83.581385,-85.400261,1.56));
#12644 = LINE('',#12645,#12646);
#12645 = CARTESIAN_POINT('',(83.61222,-85.249747,1.56));
#12646 = VECTOR('',#12647,1.);
#12647 = DIRECTION('',(-0.200696382968,-0.979653490712,0.));
#12648 = ORIENTED_EDGE('',*,*,#12649,.T.);
#12649 = EDGE_CURVE('',#12642,#12650,#12652,.T.);
#12650 = VERTEX_POINT('',#12651);
#12651 = CARTESIAN_POINT('',(83.607554,-85.525885,1.56));
#12652 = LINE('',#12653,#12654);
#12653 = CARTESIAN_POINT('',(83.581385,-85.400261,1.56));
#12654 = VECTOR('',#12655,1.);
#12655 = DIRECTION('',(0.203934337251,-0.978984568872,0.));
#12656 = ORIENTED_EDGE('',*,*,#12657,.T.);
#12657 = EDGE_CURVE('',#12650,#12658,#12660,.T.);
#12658 = VERTEX_POINT('',#12659);
#12659 = CARTESIAN_POINT('',(83.687325,-85.632597,1.56));
#12660 = LINE('',#12661,#12662);
#12661 = CARTESIAN_POINT('',(83.607554,-85.525885,1.56));
#12662 = VECTOR('',#12663,1.);
#12663 = DIRECTION('',(0.59873589516,-0.800946519967,0.));
#12664 = ORIENTED_EDGE('',*,*,#12665,.T.);
#12665 = EDGE_CURVE('',#12658,#12666,#12668,.T.);
#12666 = VERTEX_POINT('',#12667);
#12667 = CARTESIAN_POINT('',(84.054395,-85.705209,1.56));
#12668 = CIRCLE('',#12669,0.354711355485);
#12669 = AXIS2_PLACEMENT_3D('',#12670,#12671,#12672);
#12670 = CARTESIAN_POINT('',(83.929340056921,-85.3732731524,1.56));
#12671 = DIRECTION('',(0.,0.,1.));
#12672 = DIRECTION('',(-0.682287311015,-0.731084143739,0.));
#12673 = ORIENTED_EDGE('',*,*,#12674,.T.);
#12674 = EDGE_CURVE('',#12666,#12675,#12677,.T.);
#12675 = VERTEX_POINT('',#12676);
#12676 = CARTESIAN_POINT('',(84.151436,-85.637496,1.56));
#12677 = LINE('',#12678,#12679);
#12678 = CARTESIAN_POINT('',(84.054395,-85.705209,1.56));
#12679 = VECTOR('',#12680,1.);
#12680 = DIRECTION('',(0.820087387568,0.572238304164,0.));
#12681 = ORIENTED_EDGE('',*,*,#12682,.T.);
#12682 = EDGE_CURVE('',#12675,#12683,#12685,.T.);
#12683 = VERTEX_POINT('',#12684);
#12684 = CARTESIAN_POINT('',(84.23046,-85.515666,1.56));
#12685 = LINE('',#12686,#12687);
#12686 = CARTESIAN_POINT('',(84.151436,-85.637496,1.56));
#12687 = VECTOR('',#12688,1.);
#12688 = DIRECTION('',(0.544186913093,0.838964006152,0.));
#12689 = ORIENTED_EDGE('',*,*,#12690,.T.);
#12690 = EDGE_CURVE('',#12683,#12691,#12693,.T.);
#12691 = VERTEX_POINT('',#12692);
#12692 = CARTESIAN_POINT('',(84.277925,-85.331221,1.56));
#12693 = LINE('',#12694,#12695);
#12694 = CARTESIAN_POINT('',(84.23046,-85.515666,1.56));
#12695 = VECTOR('',#12696,1.);
#12696 = DIRECTION('',(0.249219740917,0.968446963306,0.));
#12697 = ORIENTED_EDGE('',*,*,#12698,.T.);
#12698 = EDGE_CURVE('',#12691,#12699,#12701,.T.);
#12699 = VERTEX_POINT('',#12700);
#12700 = CARTESIAN_POINT('',(84.320526,-84.877775,1.56));
#12701 = LINE('',#12702,#12703);
#12702 = CARTESIAN_POINT('',(84.277925,-85.331221,1.56));
#12703 = VECTOR('',#12704,1.);
#12704 = DIRECTION('',(9.353754732733E-02,0.995615752808,0.));
#12705 = ORIENTED_EDGE('',*,*,#12706,.T.);
#12706 = EDGE_CURVE('',#12699,#12707,#12709,.T.);
#12707 = VERTEX_POINT('',#12708);
#12708 = CARTESIAN_POINT('',(84.339759,-83.969609,1.56));
#12709 = LINE('',#12710,#12711);
#12710 = CARTESIAN_POINT('',(84.320526,-84.877775,1.56));
#12711 = VECTOR('',#12712,1.);
#12712 = DIRECTION('',(2.117309879328E-02,0.999775824816,0.));
#12713 = ORIENTED_EDGE('',*,*,#12714,.T.);
#12714 = EDGE_CURVE('',#12707,#12715,#12717,.T.);
#12715 = VERTEX_POINT('',#12716);
#12716 = CARTESIAN_POINT('',(84.636956,-83.456941,1.56));
#12717 = LINE('',#12718,#12719);
#12718 = CARTESIAN_POINT('',(84.339759,-83.969609,1.56));
#12719 = VECTOR('',#12720,1.);
#12720 = DIRECTION('',(0.501528110869,0.865141349149,0.));
#12721 = ORIENTED_EDGE('',*,*,#12722,.T.);
#12722 = EDGE_CURVE('',#12715,#12723,#12725,.T.);
#12723 = VERTEX_POINT('',#12724);
#12724 = CARTESIAN_POINT('',(84.817864,-83.206655,1.56));
#12725 = LINE('',#12726,#12727);
#12726 = CARTESIAN_POINT('',(84.636956,-83.456941,1.56));
#12727 = VECTOR('',#12728,1.);
#12728 = DIRECTION('',(0.585800975893,0.810454944239,0.));
#12729 = ORIENTED_EDGE('',*,*,#12730,.T.);
#12730 = EDGE_CURVE('',#12723,#12731,#12733,.T.);
#12731 = VERTEX_POINT('',#12732);
#12732 = CARTESIAN_POINT('',(85.00294,-83.02932,1.56));
#12733 = LINE('',#12734,#12735);
#12734 = CARTESIAN_POINT('',(84.817864,-83.206655,1.56));
#12735 = VECTOR('',#12736,1.);
#12736 = DIRECTION('',(0.722045695414,0.691845368369,0.));
#12737 = ORIENTED_EDGE('',*,*,#12738,.T.);
#12738 = EDGE_CURVE('',#12731,#12739,#12741,.T.);
#12739 = VERTEX_POINT('',#12740);
#12740 = CARTESIAN_POINT('',(85.191615,-82.909713,1.56));
#12741 = LINE('',#12742,#12743);
#12742 = CARTESIAN_POINT('',(85.00294,-83.02932,1.56));
#12743 = VECTOR('',#12744,1.);
#12744 = DIRECTION('',(0.844590686442,0.535412525418,0.));
#12745 = ORIENTED_EDGE('',*,*,#12746,.T.);
#12746 = EDGE_CURVE('',#12739,#12747,#12749,.T.);
#12747 = VERTEX_POINT('',#12748);
#12748 = CARTESIAN_POINT('',(85.386822,-82.840021,1.56));
#12749 = LINE('',#12750,#12751);
#12750 = CARTESIAN_POINT('',(85.191615,-82.909713,1.56));
#12751 = VECTOR('',#12752,1.);
#12752 = DIRECTION('',(0.941779781368,0.33623034278,0.));
#12753 = ORIENTED_EDGE('',*,*,#12754,.T.);
#12754 = EDGE_CURVE('',#12747,#12755,#12757,.T.);
#12755 = VERTEX_POINT('',#12756);
#12756 = CARTESIAN_POINT('',(85.59303,-82.816782,1.56));
#12757 = LINE('',#12758,#12759);
#12758 = CARTESIAN_POINT('',(85.386822,-82.840021,1.56));
#12759 = VECTOR('',#12760,1.);
#12760 = DIRECTION('',(0.993709561835,0.11198797577,0.));
#12761 = ORIENTED_EDGE('',*,*,#12762,.T.);
#12762 = EDGE_CURVE('',#12755,#12763,#12765,.T.);
#12763 = VERTEX_POINT('',#12764);
#12764 = CARTESIAN_POINT('',(85.71891,-82.847903,1.56));
#12765 = LINE('',#12766,#12767);
#12766 = CARTESIAN_POINT('',(85.59303,-82.816782,1.56));
#12767 = VECTOR('',#12768,1.);
#12768 = DIRECTION('',(0.970772475134,-0.240001669833,0.));
#12769 = ORIENTED_EDGE('',*,*,#12770,.T.);
#12770 = EDGE_CURVE('',#12763,#12771,#12773,.T.);
#12771 = VERTEX_POINT('',#12772);
#12772 = CARTESIAN_POINT('',(85.814903,-82.943265,1.56));
#12773 = LINE('',#12774,#12775);
#12774 = CARTESIAN_POINT('',(85.71891,-82.847903,1.56));
#12775 = VECTOR('',#12776,1.);
#12776 = DIRECTION('',(0.709434634154,-0.704771239384,0.));
#12777 = ORIENTED_EDGE('',*,*,#12778,.T.);
#12778 = EDGE_CURVE('',#12771,#12779,#12781,.T.);
#12779 = VERTEX_POINT('',#12780);
#12780 = CARTESIAN_POINT('',(85.884997,-83.129817,1.56));
#12781 = LINE('',#12782,#12783);
#12782 = CARTESIAN_POINT('',(85.814903,-82.943265,1.56));
#12783 = VECTOR('',#12784,1.);
#12784 = DIRECTION('',(0.351726069131,-0.936102970989,0.));
#12785 = ORIENTED_EDGE('',*,*,#12786,.T.);
#12786 = EDGE_CURVE('',#12779,#12787,#12789,.T.);
#12787 = VERTEX_POINT('',#12788);
#12788 = CARTESIAN_POINT('',(85.914209,-83.458531,1.56));
#12789 = LINE('',#12790,#12791);
#12790 = CARTESIAN_POINT('',(85.884997,-83.129817,1.56));
#12791 = VECTOR('',#12792,1.);
#12792 = DIRECTION('',(8.851867822294E-02,-0.996074517095,0.));
#12793 = ORIENTED_EDGE('',*,*,#12794,.T.);
#12794 = EDGE_CURVE('',#12787,#12795,#12797,.T.);
#12795 = VERTEX_POINT('',#12796);
#12796 = CARTESIAN_POINT('',(85.897112,-83.997697,1.56));
#12797 = LINE('',#12798,#12799);
#12798 = CARTESIAN_POINT('',(85.914209,-83.458531,1.56));
#12799 = VECTOR('',#12800,1.);
#12800 = DIRECTION('',(-3.1694154876E-02,-0.999497614078,0.));
#12801 = ORIENTED_EDGE('',*,*,#12802,.T.);
#12802 = EDGE_CURVE('',#12795,#12803,#12805,.T.);
#12803 = VERTEX_POINT('',#12804);
#12804 = CARTESIAN_POINT('',(85.910835,-84.336721,1.56));
#12805 = LINE('',#12806,#12807);
#12806 = CARTESIAN_POINT('',(85.897112,-83.997697,1.56));
#12807 = VECTOR('',#12808,1.);
#12808 = DIRECTION('',(4.044484009055E-02,-0.999181772707,0.));
#12809 = ORIENTED_EDGE('',*,*,#12810,.T.);
#12810 = EDGE_CURVE('',#12803,#12811,#12813,.T.);
#12811 = VERTEX_POINT('',#12812);
#12812 = CARTESIAN_POINT('',(85.958784,-84.810109,1.56));
#12813 = LINE('',#12814,#12815);
#12814 = CARTESIAN_POINT('',(85.910835,-84.336721,1.56));
#12815 = VECTOR('',#12816,1.);
#12816 = DIRECTION('',(0.100773384789,-0.994909405382,0.));
#12817 = ORIENTED_EDGE('',*,*,#12818,.T.);
#12818 = EDGE_CURVE('',#12811,#12819,#12821,.T.);
#12819 = VERTEX_POINT('',#12820);
#12820 = CARTESIAN_POINT('',(86.032232,-85.29525,1.56));
#12821 = LINE('',#12822,#12823);
#12822 = CARTESIAN_POINT('',(85.958784,-84.810109,1.56));
#12823 = VECTOR('',#12824,1.);
#12824 = DIRECTION('',(0.149689402646,-0.988733069506,0.));
#12825 = ORIENTED_EDGE('',*,*,#12826,.T.);
#12826 = EDGE_CURVE('',#12819,#12827,#12829,.T.);
#12827 = VERTEX_POINT('',#12828);
#12828 = CARTESIAN_POINT('',(86.102276,-85.605425,1.56));
#12829 = LINE('',#12830,#12831);
#12830 = CARTESIAN_POINT('',(86.032232,-85.29525,1.56));
#12831 = VECTOR('',#12832,1.);
#12832 = DIRECTION('',(0.220274288184,-0.975437972382,0.));
#12833 = ORIENTED_EDGE('',*,*,#12834,.T.);
#12834 = EDGE_CURVE('',#12827,#12835,#12837,.T.);
#12835 = VERTEX_POINT('',#12836);
#12836 = CARTESIAN_POINT('',(86.174307,-85.753975,1.56));
#12837 = LINE('',#12838,#12839);
#12838 = CARTESIAN_POINT('',(86.102276,-85.605425,1.56));
#12839 = VECTOR('',#12840,1.);
#12840 = DIRECTION('',(0.436306647475,-0.8997980381,0.));
#12841 = ORIENTED_EDGE('',*,*,#12842,.T.);
#12842 = EDGE_CURVE('',#12835,#12843,#12845,.T.);
#12843 = VERTEX_POINT('',#12844);
#12844 = CARTESIAN_POINT('',(86.277286,-85.836335,1.56));
#12845 = LINE('',#12846,#12847);
#12846 = CARTESIAN_POINT('',(86.174307,-85.753975,1.56));
#12847 = VECTOR('',#12848,1.);
#12848 = DIRECTION('',(0.780954626568,-0.62458776104,0.));
#12849 = ORIENTED_EDGE('',*,*,#12850,.T.);
#12850 = EDGE_CURVE('',#12843,#12851,#12853,.T.);
#12851 = VERTEX_POINT('',#12852);
#12852 = CARTESIAN_POINT('',(86.419792,-85.864933,1.56));
#12853 = LINE('',#12854,#12855);
#12854 = CARTESIAN_POINT('',(86.277286,-85.836335,1.56));
#12855 = VECTOR('',#12856,1.);
#12856 = DIRECTION('',(0.980452391292,-0.196756469806,0.));
#12857 = ORIENTED_EDGE('',*,*,#12858,.T.);
#12858 = EDGE_CURVE('',#12851,#12859,#12861,.T.);
#12859 = VERTEX_POINT('',#12860);
#12860 = CARTESIAN_POINT('',(86.742456,-85.665742,1.56));
#12861 = CIRCLE('',#12862,0.349731929934);
#12862 = AXIS2_PLACEMENT_3D('',#12863,#12864,#12865);
#12863 = CARTESIAN_POINT('',(86.426749357381,-85.51527027966,1.56));
#12864 = DIRECTION('',(0.,0.,1.));
#12865 = DIRECTION('',(-1.989340058787E-02,-0.999802106726,0.));
#12866 = ORIENTED_EDGE('',*,*,#12867,.T.);
#12867 = EDGE_CURVE('',#12859,#12868,#12870,.T.);
#12868 = VERTEX_POINT('',#12869);
#12869 = CARTESIAN_POINT('',(86.768143,-85.537342,1.56));
#12870 = LINE('',#12871,#12872);
#12871 = CARTESIAN_POINT('',(86.742456,-85.665742,1.56));
#12872 = VECTOR('',#12873,1.);
#12873 = DIRECTION('',(0.196167536684,0.980570393981,0.));
#12874 = ORIENTED_EDGE('',*,*,#12875,.T.);
#12875 = EDGE_CURVE('',#12868,#12876,#12878,.T.);
#12876 = VERTEX_POINT('',#12877);
#12877 = CARTESIAN_POINT('',(86.638389,-84.735921,1.56));
#12878 = LINE('',#12879,#12880);
#12879 = CARTESIAN_POINT('',(86.768143,-85.537342,1.56));
#12880 = VECTOR('',#12881,1.);
#12881 = DIRECTION('',(-0.159823721125,0.987145570909,0.));
#12882 = ORIENTED_EDGE('',*,*,#12883,.T.);
#12883 = EDGE_CURVE('',#12876,#12884,#12886,.T.);
#12884 = VERTEX_POINT('',#12885);
#12885 = CARTESIAN_POINT('',(86.570001,-84.02609,1.56));
#12886 = LINE('',#12887,#12888);
#12887 = CARTESIAN_POINT('',(86.638389,-84.735921,1.56));
#12888 = VECTOR('',#12889,1.);
#12889 = DIRECTION('',(-9.590000696716E-02,0.995390972766,0.));
#12890 = ORIENTED_EDGE('',*,*,#12891,.T.);
#12891 = EDGE_CURVE('',#12884,#12892,#12894,.T.);
#12892 = VERTEX_POINT('',#12893);
#12893 = CARTESIAN_POINT('',(86.542829,-83.374572,1.56));
#12894 = LINE('',#12895,#12896);
#12895 = CARTESIAN_POINT('',(86.570001,-84.02609,1.56));
#12896 = VECTOR('',#12897,1.);
#12897 = DIRECTION('',(-4.166945470249E-02,0.999131451084,0.));
#12898 = ORIENTED_EDGE('',*,*,#12899,.T.);
#12899 = EDGE_CURVE('',#12892,#12900,#12902,.T.);
#12900 = VERTEX_POINT('',#12901);
#12901 = CARTESIAN_POINT('',(86.50904,-82.962589,1.56));
#12902 = LINE('',#12903,#12904);
#12903 = CARTESIAN_POINT('',(86.542829,-83.374572,1.56));
#12904 = VECTOR('',#12905,1.);
#12905 = DIRECTION('',(-8.174106332866E-02,0.996653600087,0.));
#12906 = ORIENTED_EDGE('',*,*,#12907,.T.);
#12907 = EDGE_CURVE('',#12900,#12908,#12910,.T.);
#12908 = VERTEX_POINT('',#12909);
#12909 = CARTESIAN_POINT('',(86.448771,-82.682859,1.56));
#12910 = LINE('',#12911,#12912);
#12911 = CARTESIAN_POINT('',(86.50904,-82.962589,1.56));
#12912 = VECTOR('',#12913,1.);
#12913 = DIRECTION('',(-0.210621072164,0.977567779727,0.));
#12914 = ORIENTED_EDGE('',*,*,#12915,.T.);
#12915 = EDGE_CURVE('',#12908,#12916,#12918,.T.);
#12916 = VERTEX_POINT('',#12917);
#12917 = CARTESIAN_POINT('',(86.372165,-82.501404,1.56));
#12918 = LINE('',#12919,#12920);
#12919 = CARTESIAN_POINT('',(86.448771,-82.682859,1.56));
#12920 = VECTOR('',#12921,1.);
#12921 = DIRECTION('',(-0.388936128941,0.921264721784,0.));
#12922 = ORIENTED_EDGE('',*,*,#12923,.T.);
#12923 = EDGE_CURVE('',#12916,#12924,#12926,.T.);
#12924 = VERTEX_POINT('',#12925);
#12925 = CARTESIAN_POINT('',(86.250151,-82.345882,1.56));
#12926 = LINE('',#12927,#12928);
#12927 = CARTESIAN_POINT('',(86.372165,-82.501404,1.56));
#12928 = VECTOR('',#12929,1.);
#12929 = DIRECTION('',(-0.617252563002,0.786765068789,0.));
#12930 = ORIENTED_EDGE('',*,*,#12931,.T.);
#12931 = EDGE_CURVE('',#12924,#12932,#12934,.T.);
#12932 = VERTEX_POINT('',#12933);
#12933 = CARTESIAN_POINT('',(86.086942,-82.23254,1.56));
#12934 = LINE('',#12935,#12936);
#12935 = CARTESIAN_POINT('',(86.250151,-82.345882,1.56));
#12936 = VECTOR('',#12937,1.);
#12937 = DIRECTION('',(-0.821364267617,0.570404014609,0.));
#12938 = ORIENTED_EDGE('',*,*,#12939,.T.);
#12939 = EDGE_CURVE('',#12932,#12940,#12942,.T.);
#12940 = VERTEX_POINT('',#12941);
#12941 = CARTESIAN_POINT('',(85.872992,-82.159637,1.56));
#12942 = LINE('',#12943,#12944);
#12943 = CARTESIAN_POINT('',(86.086942,-82.23254,1.56));
#12944 = VECTOR('',#12945,1.);
#12945 = DIRECTION('',(-0.946556795122,0.322537181747,0.));
#12946 = ORIENTED_EDGE('',*,*,#12947,.T.);
#12947 = EDGE_CURVE('',#12940,#12948,#12950,.T.);
#12948 = VERTEX_POINT('',#12949);
#12949 = CARTESIAN_POINT('',(85.593335,-82.132903,1.56));
#12950 = LINE('',#12951,#12952);
#12951 = CARTESIAN_POINT('',(85.872992,-82.159637,1.56));
#12952 = VECTOR('',#12953,1.);
#12953 = DIRECTION('',(-0.995461814045,9.51618451771E-02,0.));
#12954 = ORIENTED_EDGE('',*,*,#12955,.T.);
#12955 = EDGE_CURVE('',#12948,#12956,#12958,.T.);
#12956 = VERTEX_POINT('',#12957);
#12957 = CARTESIAN_POINT('',(85.359114,-82.153495,1.56));
#12958 = LINE('',#12959,#12960);
#12959 = CARTESIAN_POINT('',(85.593335,-82.132903,1.56));
#12960 = VECTOR('',#12961,1.);
#12961 = DIRECTION('',(-0.996157563912,-8.757915198072E-02,0.));
#12962 = ORIENTED_EDGE('',*,*,#12963,.T.);
#12963 = EDGE_CURVE('',#12956,#12964,#12966,.T.);
#12964 = VERTEX_POINT('',#12965);
#12965 = CARTESIAN_POINT('',(85.134182,-82.215058,1.56));
#12966 = LINE('',#12967,#12968);
#12967 = CARTESIAN_POINT('',(85.359114,-82.153495,1.56));
#12968 = VECTOR('',#12969,1.);
#12969 = DIRECTION('',(-0.964526232466,-0.263987020296,0.));
#12970 = ORIENTED_EDGE('',*,*,#12971,.T.);
#12971 = EDGE_CURVE('',#12964,#12972,#12974,.T.);
#12972 = VERTEX_POINT('',#12973);
#12973 = CARTESIAN_POINT('',(84.915256,-82.319138,1.56));
#12974 = LINE('',#12975,#12976);
#12975 = CARTESIAN_POINT('',(85.134182,-82.215058,1.56));
#12976 = VECTOR('',#12977,1.);
#12977 = DIRECTION('',(-0.903133322769,-0.429360223244,0.));
#12978 = ORIENTED_EDGE('',*,*,#12979,.T.);
#12979 = EDGE_CURVE('',#12972,#12980,#12982,.T.);
#12980 = VERTEX_POINT('',#12981);
#12981 = CARTESIAN_POINT('',(84.714648,-82.45795,1.56));
#12982 = LINE('',#12983,#12984);
#12983 = CARTESIAN_POINT('',(84.915256,-82.319138,1.56));
#12984 = VECTOR('',#12985,1.);
#12985 = DIRECTION('',(-0.822327342862,-0.569014710866,0.));
#12986 = ORIENTED_EDGE('',*,*,#12987,.T.);
#12987 = EDGE_CURVE('',#12980,#12988,#12990,.T.);
#12988 = VERTEX_POINT('',#12989);
#12989 = CARTESIAN_POINT('',(84.515162,-82.643015,1.56));
#12990 = LINE('',#12991,#12992);
#12991 = CARTESIAN_POINT('',(84.714648,-82.45795,1.56));
#12992 = VECTOR('',#12993,1.);
#12993 = DIRECTION('',(-0.73310859607,-0.680111598466,0.));
#12994 = ORIENTED_EDGE('',*,*,#12995,.T.);
#12995 = EDGE_CURVE('',#12988,#12996,#12998,.T.);
#12996 = VERTEX_POINT('',#12997);
#12997 = CARTESIAN_POINT('',(84.315945,-82.881202,1.56));
#12998 = LINE('',#12999,#13000);
#12999 = CARTESIAN_POINT('',(84.515162,-82.643015,1.56));
#13000 = VECTOR('',#13001,1.);
#13001 = DIRECTION('',(-0.641566673359,-0.767067274517,0.));
#13002 = ORIENTED_EDGE('',*,*,#13003,.T.);
#13003 = EDGE_CURVE('',#12996,#13004,#13006,.T.);
#13004 = VERTEX_POINT('',#13005);
#13005 = CARTESIAN_POINT('',(84.312587,-82.580478,1.56));
#13006 = LINE('',#13007,#13008);
#13007 = CARTESIAN_POINT('',(84.315945,-82.881202,1.56));
#13008 = VECTOR('',#13009,1.);
#13009 = DIRECTION('',(-1.116568903103E-02,0.999937661751,0.));
#13010 = ORIENTED_EDGE('',*,*,#13011,.T.);
#13011 = EDGE_CURVE('',#13004,#13012,#13014,.T.);
#13012 = VERTEX_POINT('',#13013);
#13013 = CARTESIAN_POINT('',(84.329378,-81.831263,1.56));
#13014 = LINE('',#13015,#13016);
#13015 = CARTESIAN_POINT('',(84.312587,-82.580478,1.56));
#13016 = VECTOR('',#13017,1.);
#13017 = DIRECTION('',(2.240583110503E-02,0.999748957855,0.));
#13018 = ORIENTED_EDGE('',*,*,#13019,.T.);
#13019 = EDGE_CURVE('',#13012,#13020,#13022,.T.);
#13020 = VERTEX_POINT('',#13021);
#13021 = CARTESIAN_POINT('',(84.353497,-81.080521,1.56));
#13022 = LINE('',#13023,#13024);
#13023 = CARTESIAN_POINT('',(84.329378,-81.831263,1.56));
#13024 = VECTOR('',#13025,1.);
#13025 = DIRECTION('',(3.211031562901E-02,0.999484330858,0.));
#13026 = ORIENTED_EDGE('',*,*,#13027,.T.);
#13027 = EDGE_CURVE('',#13020,#13028,#13030,.T.);
#13028 = VERTEX_POINT('',#13029);
#13029 = CARTESIAN_POINT('',(84.340658,-80.805975,1.56));
#13030 = LINE('',#13031,#13032);
#13031 = CARTESIAN_POINT('',(84.353497,-81.080521,1.56));
#13032 = VECTOR('',#13033,1.);
#13033 = DIRECTION('',(-4.671342534778E-02,0.998908332077,0.));
#13034 = ORIENTED_EDGE('',*,*,#13035,.T.);
#13035 = EDGE_CURVE('',#13028,#13036,#13038,.T.);
#13036 = VERTEX_POINT('',#13037);
#13037 = CARTESIAN_POINT('',(84.298848,-80.4806,1.56));
#13038 = LINE('',#13039,#13040);
#13039 = CARTESIAN_POINT('',(84.340658,-80.805975,1.56));
#13040 = VECTOR('',#13041,1.);
#13041 = DIRECTION('',(-0.127449986583,0.991844998435,0.));
#13042 = ORIENTED_EDGE('',*,*,#13043,.T.);
#13043 = EDGE_CURVE('',#13036,#13044,#13046,.T.);
#13044 = VERTEX_POINT('',#13045);
#13045 = CARTESIAN_POINT('',(84.25741,-80.342442,1.56));
#13046 = LINE('',#13047,#13048);
#13047 = CARTESIAN_POINT('',(84.298848,-80.4806,1.56));
#13048 = VECTOR('',#13049,1.);
#13049 = DIRECTION('',(-0.287288096157,0.95784422001,0.));
#13050 = ORIENTED_EDGE('',*,*,#13051,.T.);
#13051 = EDGE_CURVE('',#13044,#12559,#13052,.T.);
#13052 = LINE('',#13053,#13054);
#13053 = CARTESIAN_POINT('',(84.25741,-80.342442,1.56));
#13054 = VECTOR('',#13055,1.);
#13055 = DIRECTION('',(-0.595150751081,0.803614076213,0.));
#13056 = FACE_BOUND('',#13057,.F.);
#13057 = EDGE_LOOP('',(#13058,#13068,#13076,#13084,#13092,#13100,#13108,
    #13116,#13124,#13132,#13140,#13148,#13156,#13164,#13172,#13180,
    #13188,#13196,#13204,#13212,#13220,#13228,#13237,#13245,#13253,
    #13261,#13269,#13277,#13285,#13293,#13301,#13310,#13318,#13326,
    #13334,#13342,#13350,#13358,#13366,#13374,#13382,#13390));
#13058 = ORIENTED_EDGE('',*,*,#13059,.T.);
#13059 = EDGE_CURVE('',#13060,#13062,#13064,.T.);
#13060 = VERTEX_POINT('',#13061);
#13061 = CARTESIAN_POINT('',(88.932953,-80.988748,1.56));
#13062 = VERTEX_POINT('',#13063);
#13063 = CARTESIAN_POINT('',(88.832455,-80.909128,1.56));
#13064 = LINE('',#13065,#13066);
#13065 = CARTESIAN_POINT('',(88.932953,-80.988748,1.56));
#13066 = VECTOR('',#13067,1.);
#13067 = DIRECTION('',(-0.783821514226,0.620986178458,0.));
#13068 = ORIENTED_EDGE('',*,*,#13069,.T.);
#13069 = EDGE_CURVE('',#13062,#13070,#13072,.T.);
#13070 = VERTEX_POINT('',#13071);
#13071 = CARTESIAN_POINT('',(88.704073,-80.882379,1.56));
#13072 = LINE('',#13073,#13074);
#13073 = CARTESIAN_POINT('',(88.832455,-80.909128,1.56));
#13074 = VECTOR('',#13075,1.);
#13075 = DIRECTION('',(-0.978976232488,0.203974351878,0.));
#13076 = ORIENTED_EDGE('',*,*,#13077,.T.);
#13077 = EDGE_CURVE('',#13070,#13078,#13080,.T.);
#13078 = VERTEX_POINT('',#13079);
#13079 = CARTESIAN_POINT('',(88.570846,-80.906045,1.56));
#13080 = LINE('',#13081,#13082);
#13081 = CARTESIAN_POINT('',(88.704073,-80.882379,1.56));
#13082 = VECTOR('',#13083,1.);
#13083 = DIRECTION('',(-0.984586441847,-0.174898652171,0.));
#13084 = ORIENTED_EDGE('',*,*,#13085,.T.);
#13085 = EDGE_CURVE('',#13078,#13086,#13088,.T.);
#13086 = VERTEX_POINT('',#13087);
#13087 = CARTESIAN_POINT('',(88.461357,-80.975802,1.56));
#13088 = LINE('',#13089,#13090);
#13089 = CARTESIAN_POINT('',(88.570846,-80.906045,1.56));
#13090 = VECTOR('',#13091,1.);
#13091 = DIRECTION('',(-0.843374641071,-0.537325985598,0.));
#13092 = ORIENTED_EDGE('',*,*,#13093,.T.);
#13093 = EDGE_CURVE('',#13086,#13094,#13096,.T.);
#13094 = VERTEX_POINT('',#13095);
#13095 = CARTESIAN_POINT('',(88.387479,-81.080545,1.56));
#13096 = LINE('',#13097,#13098);
#13097 = CARTESIAN_POINT('',(88.461357,-80.975802,1.56));
#13098 = VECTOR('',#13099,1.);
#13099 = DIRECTION('',(-0.57637991547,-0.817181860447,0.));
#13100 = ORIENTED_EDGE('',*,*,#13101,.T.);
#13101 = EDGE_CURVE('',#13094,#13102,#13104,.T.);
#13102 = VERTEX_POINT('',#13103);
#13103 = CARTESIAN_POINT('',(88.362438,-81.211496,1.56));
#13104 = LINE('',#13105,#13106);
#13105 = CARTESIAN_POINT('',(88.387479,-81.080545,1.56));
#13106 = VECTOR('',#13107,1.);
#13107 = DIRECTION('',(-0.18782103256,-0.98220326803,0.));
#13108 = ORIENTED_EDGE('',*,*,#13109,.T.);
#13109 = EDGE_CURVE('',#13102,#13110,#13112,.T.);
#13110 = VERTEX_POINT('',#13111);
#13111 = CARTESIAN_POINT('',(88.393274,-82.093824,1.56));
#13112 = LINE('',#13113,#13114);
#13113 = CARTESIAN_POINT('',(88.362438,-81.211496,1.56));
#13114 = VECTOR('',#13115,1.);
#13115 = DIRECTION('',(3.492713114957E-02,-0.99938986162,0.));
#13116 = ORIENTED_EDGE('',*,*,#13117,.T.);
#13117 = EDGE_CURVE('',#13110,#13118,#13120,.T.);
#13118 = VERTEX_POINT('',#13119);
#13119 = CARTESIAN_POINT('',(87.675811,-82.035816,1.56));
#13120 = LINE('',#13121,#13122);
#13121 = CARTESIAN_POINT('',(88.393274,-82.093824,1.56));
#13122 = VECTOR('',#13123,1.);
#13123 = DIRECTION('',(-0.996747450652,8.058858243203E-02,0.));
#13124 = ORIENTED_EDGE('',*,*,#13125,.T.);
#13125 = EDGE_CURVE('',#13118,#13126,#13128,.T.);
#13126 = VERTEX_POINT('',#13127);
#13127 = CARTESIAN_POINT('',(87.544232,-82.060929,1.56));
#13128 = LINE('',#13129,#13130);
#13129 = CARTESIAN_POINT('',(87.675811,-82.035816,1.56));
#13130 = VECTOR('',#13131,1.);
#13131 = DIRECTION('',(-0.982269433738,-0.18747469041,0.));
#13132 = ORIENTED_EDGE('',*,*,#13133,.T.);
#13133 = EDGE_CURVE('',#13126,#13134,#13136,.T.);
#13134 = VERTEX_POINT('',#13135);
#13135 = CARTESIAN_POINT('',(87.440116,-82.134734,1.56));
#13136 = LINE('',#13137,#13138);
#13137 = CARTESIAN_POINT('',(87.544232,-82.060929,1.56));
#13138 = VECTOR('',#13139,1.);
#13139 = DIRECTION('',(-0.815816842555,-0.578310365984,0.));
#13140 = ORIENTED_EDGE('',*,*,#13141,.T.);
#13141 = EDGE_CURVE('',#13134,#13142,#13144,.T.);
#13142 = VERTEX_POINT('',#13143);
#13143 = CARTESIAN_POINT('',(87.371577,-82.244459,1.56));
#13144 = LINE('',#13145,#13146);
#13145 = CARTESIAN_POINT('',(87.440116,-82.134734,1.56));
#13146 = VECTOR('',#13147,1.);
#13147 = DIRECTION('',(-0.529781450598,-0.848134196105,0.));
#13148 = ORIENTED_EDGE('',*,*,#13149,.T.);
#13149 = EDGE_CURVE('',#13142,#13150,#13152,.T.);
#13150 = VERTEX_POINT('',#13151);
#13151 = CARTESIAN_POINT('',(87.347915,-82.382946,1.56));
#13152 = LINE('',#13153,#13154);
#13153 = CARTESIAN_POINT('',(87.371577,-82.244459,1.56));
#13154 = VECTOR('',#13155,1.);
#13155 = DIRECTION('',(-0.16842010875,-0.985715307261,0.));
#13156 = ORIENTED_EDGE('',*,*,#13157,.T.);
#13157 = EDGE_CURVE('',#13150,#13158,#13160,.T.);
#13158 = VERTEX_POINT('',#13159);
#13159 = CARTESIAN_POINT('',(87.368035,-82.518413,1.56));
#13160 = LINE('',#13161,#13162);
#13161 = CARTESIAN_POINT('',(87.347915,-82.382946,1.56));
#13162 = VECTOR('',#13163,1.);
#13163 = DIRECTION('',(0.146911720974,-0.989149607613,0.));
#13164 = ORIENTED_EDGE('',*,*,#13165,.T.);
#13165 = EDGE_CURVE('',#13158,#13166,#13168,.T.);
#13166 = VERTEX_POINT('',#13167);
#13167 = CARTESIAN_POINT('',(87.423097,-82.614349,1.56));
#13168 = LINE('',#13169,#13170);
#13169 = CARTESIAN_POINT('',(87.368035,-82.518413,1.56));
#13170 = VECTOR('',#13171,1.);
#13171 = DIRECTION('',(0.497783403264,-0.867301379818,0.));
#13172 = ORIENTED_EDGE('',*,*,#13173,.T.);
#13173 = EDGE_CURVE('',#13166,#13174,#13176,.T.);
#13174 = VERTEX_POINT('',#13175);
#13175 = CARTESIAN_POINT('',(87.51386,-82.681201,1.56));
#13176 = LINE('',#13177,#13178);
#13177 = CARTESIAN_POINT('',(87.423097,-82.614349,1.56));
#13178 = VECTOR('',#13179,1.);
#13179 = DIRECTION('',(0.80516597141,-0.59304954134,0.));
#13180 = ORIENTED_EDGE('',*,*,#13181,.T.);
#13181 = EDGE_CURVE('',#13174,#13182,#13184,.T.);
#13182 = VERTEX_POINT('',#13183);
#13183 = CARTESIAN_POINT('',(87.651997,-82.720001,1.56));
#13184 = LINE('',#13185,#13186);
#13185 = CARTESIAN_POINT('',(87.51386,-82.681201,1.56));
#13186 = VECTOR('',#13187,1.);
#13187 = DIRECTION('',(0.96274358102,-0.270415970693,0.));
#13188 = ORIENTED_EDGE('',*,*,#13189,.T.);
#13189 = EDGE_CURVE('',#13182,#13190,#13192,.T.);
#13190 = VERTEX_POINT('',#13191);
#13191 = CARTESIAN_POINT('',(88.410371,-82.777704,1.56));
#13192 = LINE('',#13193,#13194);
#13193 = CARTESIAN_POINT('',(87.651997,-82.720001,1.56));
#13194 = VECTOR('',#13195,1.);
#13195 = DIRECTION('',(0.997117832662,-7.586849008286E-02,0.));
#13196 = ORIENTED_EDGE('',*,*,#13197,.T.);
#13197 = EDGE_CURVE('',#13190,#13198,#13200,.T.);
#13198 = VERTEX_POINT('',#13199);
#13199 = CARTESIAN_POINT('',(88.478454,-84.774389,1.56));
#13200 = LINE('',#13201,#13202);
#13201 = CARTESIAN_POINT('',(88.410371,-82.777704,1.56));
#13202 = VECTOR('',#13203,1.);
#13203 = DIRECTION('',(3.407821227978E-02,-0.999419169042,0.));
#13204 = ORIENTED_EDGE('',*,*,#13205,.T.);
#13205 = EDGE_CURVE('',#13198,#13206,#13208,.T.);
#13206 = VERTEX_POINT('',#13207);
#13207 = CARTESIAN_POINT('',(88.457998,-85.553829,1.56));
#13208 = LINE('',#13209,#13210);
#13209 = CARTESIAN_POINT('',(88.478454,-84.774389,1.56));
#13210 = VECTOR('',#13211,1.);
#13211 = DIRECTION('',(-2.623544964061E-02,-0.999655791351,0.));
#13212 = ORIENTED_EDGE('',*,*,#13213,.T.);
#13213 = EDGE_CURVE('',#13206,#13214,#13216,.T.);
#13214 = VERTEX_POINT('',#13215);
#13215 = CARTESIAN_POINT('',(88.483141,-85.676004,1.56));
#13216 = LINE('',#13217,#13218);
#13217 = CARTESIAN_POINT('',(88.457998,-85.553829,1.56));
#13218 = VECTOR('',#13219,1.);
#13219 = DIRECTION('',(0.201570807507,-0.97947394532,0.));
#13220 = ORIENTED_EDGE('',*,*,#13221,.T.);
#13221 = EDGE_CURVE('',#13214,#13222,#13224,.T.);
#13222 = VERTEX_POINT('',#13223);
#13223 = CARTESIAN_POINT('',(88.558749,-85.77609,1.56));
#13224 = LINE('',#13225,#13226);
#13225 = CARTESIAN_POINT('',(88.483141,-85.676004,1.56));
#13226 = VECTOR('',#13227,1.);
#13227 = DIRECTION('',(0.602769479312,-0.797915380733,0.));
#13228 = ORIENTED_EDGE('',*,*,#13229,.T.);
#13229 = EDGE_CURVE('',#13222,#13230,#13232,.T.);
#13230 = VERTEX_POINT('',#13231);
#13231 = CARTESIAN_POINT('',(88.915614,-85.841576,1.56));
#13232 = CIRCLE('',#13233,0.346751765023);
#13233 = AXIS2_PLACEMENT_3D('',#13234,#13235,#13236);
#13234 = CARTESIAN_POINT('',(88.790518169616,-85.51817559838,1.56));
#13235 = DIRECTION('',(0.,0.,1.));
#13236 = DIRECTION('',(-0.668400835971,-0.743801265442,0.));
#13237 = ORIENTED_EDGE('',*,*,#13238,.T.);
#13238 = EDGE_CURVE('',#13230,#13239,#13241,.T.);
#13239 = VERTEX_POINT('',#13240);
#13240 = CARTESIAN_POINT('',(89.010153,-85.77257,1.56));
#13241 = LINE('',#13242,#13243);
#13242 = CARTESIAN_POINT('',(88.915614,-85.841576,1.56));
#13243 = VECTOR('',#13244,1.);
#13244 = DIRECTION('',(0.807717383077,0.589569867849,0.));
#13245 = ORIENTED_EDGE('',*,*,#13246,.T.);
#13246 = EDGE_CURVE('',#13239,#13247,#13249,.T.);
#13247 = VERTEX_POINT('',#13248);
#13248 = CARTESIAN_POINT('',(89.085651,-85.647007,1.56));
#13249 = LINE('',#13250,#13251);
#13250 = CARTESIAN_POINT('',(89.010153,-85.77257,1.56));
#13251 = VECTOR('',#13252,1.);
#13252 = DIRECTION('',(0.515299514178,0.857010157868,0.));
#13253 = ORIENTED_EDGE('',*,*,#13254,.T.);
#13254 = EDGE_CURVE('',#13247,#13255,#13257,.T.);
#13255 = VERTEX_POINT('',#13256);
#13256 = CARTESIAN_POINT('',(89.138084,-85.440239,1.56));
#13257 = LINE('',#13258,#13259);
#13258 = CARTESIAN_POINT('',(89.085651,-85.647007,1.56));
#13259 = VECTOR('',#13260,1.);
#13260 = DIRECTION('',(0.245803684591,0.969319631825,0.));
#13261 = ORIENTED_EDGE('',*,*,#13262,.T.);
#13262 = EDGE_CURVE('',#13255,#13263,#13265,.T.);
#13263 = VERTEX_POINT('',#13264);
#13264 = CARTESIAN_POINT('',(89.154701,-85.117855,1.56));
#13265 = LINE('',#13266,#13267);
#13266 = CARTESIAN_POINT('',(89.138084,-85.440239,1.56));
#13267 = VECTOR('',#13268,1.);
#13268 = DIRECTION('',(5.147578631135E-02,0.998674242896,0.));
#13269 = ORIENTED_EDGE('',*,*,#13270,.T.);
#13270 = EDGE_CURVE('',#13263,#13271,#13273,.T.);
#13271 = VERTEX_POINT('',#13272);
#13272 = CARTESIAN_POINT('',(89.151343,-84.943832,1.56));
#13273 = LINE('',#13274,#13275);
#13274 = CARTESIAN_POINT('',(89.154701,-85.117855,1.56));
#13275 = VECTOR('',#13276,1.);
#13276 = DIRECTION('',(-1.92927084558E-02,0.99981387838,0.));
#13277 = ORIENTED_EDGE('',*,*,#13278,.T.);
#13278 = EDGE_CURVE('',#13271,#13279,#13281,.T.);
#13279 = VERTEX_POINT('',#13280);
#13280 = CARTESIAN_POINT('',(89.082955,-82.777704,1.56));
#13281 = LINE('',#13282,#13283);
#13282 = CARTESIAN_POINT('',(89.151343,-84.943832,1.56));
#13283 = VECTOR('',#13284,1.);
#13284 = DIRECTION('',(-3.155581857158E-02,0.999501991151,0.));
#13285 = ORIENTED_EDGE('',*,*,#13286,.T.);
#13286 = EDGE_CURVE('',#13279,#13287,#13289,.T.);
#13287 = VERTEX_POINT('',#13288);
#13288 = CARTESIAN_POINT('',(89.547627,-82.726413,1.56));
#13289 = LINE('',#13290,#13291);
#13290 = CARTESIAN_POINT('',(89.082955,-82.777704,1.56));
#13291 = VECTOR('',#13292,1.);
#13292 = DIRECTION('',(0.993963117216,0.109714728336,0.));
#13293 = ORIENTED_EDGE('',*,*,#13294,.T.);
#13294 = EDGE_CURVE('',#13287,#13295,#13297,.T.);
#13295 = VERTEX_POINT('',#13296);
#13296 = CARTESIAN_POINT('',(89.885598,-82.740151,1.56));
#13297 = LINE('',#13298,#13299);
#13298 = CARTESIAN_POINT('',(89.547627,-82.726413,1.56));
#13299 = VECTOR('',#13300,1.);
#13300 = DIRECTION('',(0.999174873806,-4.061491789634E-02,0.));
#13301 = ORIENTED_EDGE('',*,*,#13302,.T.);
#13302 = EDGE_CURVE('',#13295,#13303,#13305,.T.);
#13303 = VERTEX_POINT('',#13304);
#13304 = CARTESIAN_POINT('',(90.196383,-82.533566,1.56));
#13305 = CIRCLE('',#13306,0.321067619224);
#13306 = AXIS2_PLACEMENT_3D('',#13307,#13308,#13309);
#13307 = CARTESIAN_POINT('',(89.896350748129,-82.4192634893,1.56));
#13308 = DIRECTION('',(0.,0.,1.));
#13309 = DIRECTION('',(-3.349060286876E-02,-0.999439032417,0.));
#13310 = ORIENTED_EDGE('',*,*,#13311,.T.);
#13311 = EDGE_CURVE('',#13303,#13312,#13314,.T.);
#13312 = VERTEX_POINT('',#13313);
#13313 = CARTESIAN_POINT('',(90.220516,-82.394853,1.56));
#13314 = LINE('',#13315,#13316);
#13315 = CARTESIAN_POINT('',(90.196383,-82.533566,1.56));
#13316 = VECTOR('',#13317,1.);
#13317 = DIRECTION('',(0.171403219776,0.985200962368,0.));
#13318 = ORIENTED_EDGE('',*,*,#13319,.T.);
#13319 = EDGE_CURVE('',#13312,#13320,#13322,.T.);
#13320 = VERTEX_POINT('',#13321);
#13321 = CARTESIAN_POINT('',(90.195278,-82.241106,1.56));
#13322 = LINE('',#13323,#13324);
#13323 = CARTESIAN_POINT('',(90.220516,-82.394853,1.56));
#13324 = VECTOR('',#13325,1.);
#13325 = DIRECTION('',(-0.161984870168,0.986793241686,0.));
#13326 = ORIENTED_EDGE('',*,*,#13327,.T.);
#13327 = EDGE_CURVE('',#13320,#13328,#13330,.T.);
#13328 = VERTEX_POINT('',#13329);
#13329 = CARTESIAN_POINT('',(90.126763,-82.138483,1.56));
#13330 = LINE('',#13331,#13332);
#13331 = CARTESIAN_POINT('',(90.195278,-82.241106,1.56));
#13332 = VECTOR('',#13333,1.);
#13333 = DIRECTION('',(-0.555259260753,0.831677313234,0.));
#13334 = ORIENTED_EDGE('',*,*,#13335,.T.);
#13335 = EDGE_CURVE('',#13328,#13336,#13338,.T.);
#13336 = VERTEX_POINT('',#13337);
#13337 = CARTESIAN_POINT('',(90.011994,-82.073368,1.56));
#13338 = LINE('',#13339,#13340);
#13339 = CARTESIAN_POINT('',(90.126763,-82.138483,1.56));
#13340 = VECTOR('',#13341,1.);
#13341 = DIRECTION('',(-0.869764510141,0.493467017033,0.));
#13342 = ORIENTED_EDGE('',*,*,#13343,.T.);
#13343 = EDGE_CURVE('',#13336,#13344,#13346,.T.);
#13344 = VERTEX_POINT('',#13345);
#13345 = CARTESIAN_POINT('',(89.872405,-82.05027,1.56));
#13346 = LINE('',#13347,#13348);
#13347 = CARTESIAN_POINT('',(90.011994,-82.073368,1.56));
#13348 = VECTOR('',#13349,1.);
#13349 = DIRECTION('',(-0.986584468763,0.163251603346,0.));
#13350 = ORIENTED_EDGE('',*,*,#13351,.T.);
#13351 = EDGE_CURVE('',#13344,#13352,#13354,.T.);
#13352 = VERTEX_POINT('',#13353);
#13353 = CARTESIAN_POINT('',(89.547627,-82.039174,1.56));
#13354 = LINE('',#13355,#13356);
#13355 = CARTESIAN_POINT('',(89.872405,-82.05027,1.56));
#13356 = VECTOR('',#13357,1.);
#13357 = DIRECTION('',(-0.999416891055,3.414495385507E-02,0.));
#13358 = ORIENTED_EDGE('',*,*,#13359,.T.);
#13359 = EDGE_CURVE('',#13352,#13360,#13362,.T.);
#13360 = VERTEX_POINT('',#13361);
#13361 = CARTESIAN_POINT('',(89.0625,-82.093824,1.56));
#13362 = LINE('',#13363,#13364);
#13363 = CARTESIAN_POINT('',(89.547627,-82.039174,1.56));
#13364 = VECTOR('',#13365,1.);
#13365 = DIRECTION('',(-0.993714644857,-0.111942863088,0.));
#13366 = ORIENTED_EDGE('',*,*,#13367,.T.);
#13367 = EDGE_CURVE('',#13360,#13368,#13370,.T.);
#13368 = VERTEX_POINT('',#13369);
#13369 = CARTESIAN_POINT('',(89.07288,-81.685327,1.56));
#13370 = LINE('',#13371,#13372);
#13371 = CARTESIAN_POINT('',(89.0625,-82.093824,1.56));
#13372 = VECTOR('',#13373,1.);
#13373 = DIRECTION('',(2.540202387183E-02,0.999677316529,0.));
#13374 = ORIENTED_EDGE('',*,*,#13375,.T.);
#13375 = EDGE_CURVE('',#13368,#13376,#13378,.T.);
#13376 = VERTEX_POINT('',#13377);
#13377 = CARTESIAN_POINT('',(89.0625,-81.382466,1.56));
#13378 = LINE('',#13379,#13380);
#13379 = CARTESIAN_POINT('',(89.07288,-81.685327,1.56));
#13380 = VECTOR('',#13381,1.);
#13381 = DIRECTION('',(-3.42530366698E-02,0.999413192568,0.));
#13382 = ORIENTED_EDGE('',*,*,#13383,.T.);
#13383 = EDGE_CURVE('',#13376,#13384,#13386,.T.);
#13384 = VERTEX_POINT('',#13385);
#13385 = CARTESIAN_POINT('',(89.011769,-81.135992,1.56));
#13386 = LINE('',#13387,#13388);
#13387 = CARTESIAN_POINT('',(89.0625,-81.382466,1.56));
#13388 = VECTOR('',#13389,1.);
#13389 = DIRECTION('',(-0.201600893375,0.979467753318,0.));
#13390 = ORIENTED_EDGE('',*,*,#13391,.T.);
#13391 = EDGE_CURVE('',#13384,#13060,#13392,.T.);
#13392 = LINE('',#13393,#13394);
#13393 = CARTESIAN_POINT('',(89.011769,-81.135992,1.56));
#13394 = VECTOR('',#13395,1.);
#13395 = DIRECTION('',(-0.471920306754,0.881641210512,0.));
#13396 = FACE_BOUND('',#13397,.F.);
#13397 = EDGE_LOOP('',(#13398,#13408,#13416,#13424,#13432,#13440,#13448,
    #13456,#13464,#13472,#13480,#13488,#13496,#13505,#13513,#13521,
    #13529,#13537,#13545,#13553,#13561,#13569,#13577,#13585,#13593,
    #13601,#13609,#13617,#13625,#13633,#13641,#13649,#13657,#13665,
    #13673,#13681,#13690,#13698,#13706,#13714,#13722,#13730,#13738,
    #13746,#13754,#13762,#13770,#13778,#13786,#13794,#13802,#13810,
    #13819,#13827,#13835));
#13398 = ORIENTED_EDGE('',*,*,#13399,.T.);
#13399 = EDGE_CURVE('',#13400,#13402,#13404,.T.);
#13400 = VERTEX_POINT('',#13401);
#13401 = CARTESIAN_POINT('',(95.236043,-82.172287,1.56));
#13402 = VERTEX_POINT('',#13403);
#13403 = CARTESIAN_POINT('',(94.82911,-82.052061,1.56));
#13404 = LINE('',#13405,#13406);
#13405 = CARTESIAN_POINT('',(95.236043,-82.172287,1.56));
#13406 = VECTOR('',#13407,1.);
#13407 = DIRECTION('',(-0.959020400591,0.283337027672,0.));
#13408 = ORIENTED_EDGE('',*,*,#13409,.T.);
#13409 = EDGE_CURVE('',#13402,#13410,#13412,.T.);
#13410 = VERTEX_POINT('',#13411);
#13411 = CARTESIAN_POINT('',(94.488049,-82.015666,1.56));
#13412 = LINE('',#13413,#13414);
#13413 = CARTESIAN_POINT('',(94.82911,-82.052061,1.56));
#13414 = VECTOR('',#13415,1.);
#13415 = DIRECTION('',(-0.994354538113,0.106108682654,0.));
#13416 = ORIENTED_EDGE('',*,*,#13417,.T.);
#13417 = EDGE_CURVE('',#13410,#13418,#13420,.T.);
#13418 = VERTEX_POINT('',#13419);
#13419 = CARTESIAN_POINT('',(94.253067,-82.044202,1.56));
#13420 = LINE('',#13421,#13422);
#13421 = CARTESIAN_POINT('',(94.488049,-82.015666,1.56));
#13422 = VECTOR('',#13423,1.);
#13423 = DIRECTION('',(-0.99270684205,-0.120553414495,0.));
#13424 = ORIENTED_EDGE('',*,*,#13425,.T.);
#13425 = EDGE_CURVE('',#13418,#13426,#13428,.T.);
#13426 = VERTEX_POINT('',#13427);
#13427 = CARTESIAN_POINT('',(94.024765,-82.131023,1.56));
#13428 = LINE('',#13429,#13430);
#13429 = CARTESIAN_POINT('',(94.253067,-82.044202,1.56));
#13430 = VECTOR('',#13431,1.);
#13431 = DIRECTION('',(-0.934693500165,-0.355454723909,0.));
#13432 = ORIENTED_EDGE('',*,*,#13433,.T.);
#13433 = EDGE_CURVE('',#13426,#13434,#13436,.T.);
#13434 = VERTEX_POINT('',#13435);
#13435 = CARTESIAN_POINT('',(93.797567,-82.282773,1.56));
#13436 = LINE('',#13437,#13438);
#13437 = CARTESIAN_POINT('',(94.024765,-82.131023,1.56));
#13438 = VECTOR('',#13439,1.);
#13439 = DIRECTION('',(-0.831569099859,-0.555421310503,0.));
#13440 = ORIENTED_EDGE('',*,*,#13441,.T.);
#13441 = EDGE_CURVE('',#13434,#13442,#13444,.T.);
#13442 = VERTEX_POINT('',#13443);
#13443 = CARTESIAN_POINT('',(93.567769,-82.511955,1.56));
#13444 = LINE('',#13445,#13446);
#13445 = CARTESIAN_POINT('',(93.797567,-82.282773,1.56));
#13446 = VECTOR('',#13447,1.);
#13447 = DIRECTION('',(-0.708055156038,-0.706157132661,0.));
#13448 = ORIENTED_EDGE('',*,*,#13449,.T.);
#13449 = EDGE_CURVE('',#13442,#13450,#13452,.T.);
#13450 = VERTEX_POINT('',#13451);
#13451 = CARTESIAN_POINT('',(93.333696,-82.836017,1.56));
#13452 = LINE('',#13453,#13454);
#13453 = CARTESIAN_POINT('',(93.567769,-82.511955,1.56));
#13454 = VECTOR('',#13455,1.);
#13455 = DIRECTION('',(-0.58553695014,-0.810645717944,0.));
#13456 = ORIENTED_EDGE('',*,*,#13457,.T.);
#13457 = EDGE_CURVE('',#13450,#13458,#13460,.T.);
#13458 = VERTEX_POINT('',#13459);
#13459 = CARTESIAN_POINT('',(93.123755,-83.219984,1.56));
#13460 = LINE('',#13461,#13462);
#13461 = CARTESIAN_POINT('',(93.333696,-82.836017,1.56));
#13462 = VECTOR('',#13463,1.);
#13463 = DIRECTION('',(-0.479740302154,-0.87741053247,0.));
#13464 = ORIENTED_EDGE('',*,*,#13465,.T.);
#13465 = EDGE_CURVE('',#13458,#13466,#13468,.T.);
#13466 = VERTEX_POINT('',#13467);
#13467 = CARTESIAN_POINT('',(92.981387,-83.584053,1.56));
#13468 = LINE('',#13469,#13470);
#13469 = CARTESIAN_POINT('',(93.123755,-83.219984,1.56));
#13470 = VECTOR('',#13471,1.);
#13471 = DIRECTION('',(-0.364191290637,-0.931324166885,0.));
#13472 = ORIENTED_EDGE('',*,*,#13473,.T.);
#13473 = EDGE_CURVE('',#13466,#13474,#13476,.T.);
#13474 = VERTEX_POINT('',#13475);
#13475 = CARTESIAN_POINT('',(92.899346,-83.932172,1.56));
#13476 = LINE('',#13477,#13478);
#13477 = CARTESIAN_POINT('',(92.981387,-83.584053,1.56));
#13478 = VECTOR('',#13479,1.);
#13479 = DIRECTION('',(-0.229385443913,-0.973335665699,0.));
#13480 = ORIENTED_EDGE('',*,*,#13481,.T.);
#13481 = EDGE_CURVE('',#13474,#13482,#13484,.T.);
#13482 = VERTEX_POINT('',#13483);
#13483 = CARTESIAN_POINT('',(92.872688,-84.268501,1.56));
#13484 = LINE('',#13485,#13486);
#13485 = CARTESIAN_POINT('',(92.899346,-83.932172,1.56));
#13486 = VECTOR('',#13487,1.);
#13487 = DIRECTION('',(-7.901386505269E-02,-0.996873517117,0.));
#13488 = ORIENTED_EDGE('',*,*,#13489,.T.);
#13489 = EDGE_CURVE('',#13482,#13490,#13492,.T.);
#13490 = VERTEX_POINT('',#13491);
#13491 = CARTESIAN_POINT('',(92.905257,-84.624467,1.56));
#13492 = LINE('',#13493,#13494);
#13493 = CARTESIAN_POINT('',(92.872688,-84.268501,1.56));
#13494 = VECTOR('',#13495,1.);
#13495 = DIRECTION('',(9.111411728654E-02,-0.99584045792,0.));
#13496 = ORIENTED_EDGE('',*,*,#13497,.T.);
#13497 = EDGE_CURVE('',#13490,#13498,#13500,.T.);
#13498 = VERTEX_POINT('',#13499);
#13499 = CARTESIAN_POINT('',(93.364532,-85.441172,1.56));
#13500 = CIRCLE('',#13501,1.446594071162);
#13501 = AXIS2_PLACEMENT_3D('',#13502,#13503,#13504);
#13502 = CARTESIAN_POINT('',(94.327835169552,-84.36196793669,1.56));
#13503 = DIRECTION('',(0.,0.,1.));
#13504 = DIRECTION('',(-0.983398313259,-0.181460071306,0.));
#13505 = ORIENTED_EDGE('',*,*,#13506,.T.);
#13506 = EDGE_CURVE('',#13498,#13507,#13509,.T.);
#13507 = VERTEX_POINT('',#13508);
#13508 = CARTESIAN_POINT('',(93.610092,-85.624777,1.56));
#13509 = LINE('',#13510,#13511);
#13510 = CARTESIAN_POINT('',(93.364532,-85.441172,1.56));
#13511 = VECTOR('',#13512,1.);
#13512 = DIRECTION('',(0.80088363814,-0.598820004809,0.));
#13513 = ORIENTED_EDGE('',*,*,#13514,.T.);
#13514 = EDGE_CURVE('',#13507,#13515,#13517,.T.);
#13515 = VERTEX_POINT('',#13516);
#13516 = CARTESIAN_POINT('',(93.882852,-85.756171,1.56));
#13517 = LINE('',#13518,#13519);
#13518 = CARTESIAN_POINT('',(93.610092,-85.624777,1.56));
#13519 = VECTOR('',#13520,1.);
#13520 = DIRECTION('',(0.900917592673,-0.433990197139,0.));
#13521 = ORIENTED_EDGE('',*,*,#13522,.T.);
#13522 = EDGE_CURVE('',#13515,#13523,#13525,.T.);
#13523 = VERTEX_POINT('',#13524);
#13524 = CARTESIAN_POINT('',(94.188051,-85.836933,1.56));
#13525 = LINE('',#13526,#13527);
#13526 = CARTESIAN_POINT('',(93.882852,-85.756171,1.56));
#13527 = VECTOR('',#13528,1.);
#13528 = DIRECTION('',(0.966725574299,-0.255815683641,0.));
#13529 = ORIENTED_EDGE('',*,*,#13530,.T.);
#13530 = EDGE_CURVE('',#13523,#13531,#13533,.T.);
#13531 = VERTEX_POINT('',#13532);
#13532 = CARTESIAN_POINT('',(94.532623,-85.864933,1.56));
#13533 = LINE('',#13534,#13535);
#13534 = CARTESIAN_POINT('',(94.188051,-85.836933,1.56));
#13535 = VECTOR('',#13536,1.);
#13536 = DIRECTION('',(0.996714649014,-8.099326170546E-02,0.));
#13537 = ORIENTED_EDGE('',*,*,#13538,.T.);
#13538 = EDGE_CURVE('',#13531,#13539,#13541,.T.);
#13539 = VERTEX_POINT('',#13540);
#13540 = CARTESIAN_POINT('',(94.732054,-85.846021,1.56));
#13541 = LINE('',#13542,#13543);
#13542 = CARTESIAN_POINT('',(94.532623,-85.864933,1.56));
#13543 = VECTOR('',#13544,1.);
#13544 = DIRECTION('',(0.995533755581,9.440625773098E-02,0.));
#13545 = ORIENTED_EDGE('',*,*,#13546,.T.);
#13546 = EDGE_CURVE('',#13539,#13547,#13549,.T.);
#13547 = VERTEX_POINT('',#13548);
#13548 = CARTESIAN_POINT('',(94.983068,-85.782136,1.56));
#13549 = LINE('',#13550,#13551);
#13550 = CARTESIAN_POINT('',(94.732054,-85.846021,1.56));
#13551 = VECTOR('',#13552,1.);
#13552 = DIRECTION('',(0.96910591607,0.24664493394,0.));
#13553 = ORIENTED_EDGE('',*,*,#13554,.T.);
#13554 = EDGE_CURVE('',#13547,#13555,#13557,.T.);
#13555 = VERTEX_POINT('',#13556);
#13556 = CARTESIAN_POINT('',(95.297714,-85.66038,1.56));
#13557 = LINE('',#13558,#13559);
#13558 = CARTESIAN_POINT('',(94.983068,-85.782136,1.56));
#13559 = VECTOR('',#13560,1.);
#13560 = DIRECTION('',(0.932610451558,0.360884670836,0.));
#13561 = ORIENTED_EDGE('',*,*,#13562,.T.);
#13562 = EDGE_CURVE('',#13555,#13563,#13565,.T.);
#13563 = VERTEX_POINT('',#13564);
#13564 = CARTESIAN_POINT('',(95.565874,-85.519855,1.56));
#13565 = LINE('',#13566,#13567);
#13566 = CARTESIAN_POINT('',(95.297714,-85.66038,1.56));
#13567 = VECTOR('',#13568,1.);
#13568 = DIRECTION('',(0.885749738353,0.464163118966,0.));
#13569 = ORIENTED_EDGE('',*,*,#13570,.T.);
#13570 = EDGE_CURVE('',#13563,#13571,#13573,.T.);
#13571 = VERTEX_POINT('',#13572);
#13572 = CARTESIAN_POINT('',(95.721988,-85.39531,1.56));
#13573 = LINE('',#13574,#13575);
#13574 = CARTESIAN_POINT('',(95.565874,-85.519855,1.56));
#13575 = VECTOR('',#13576,1.);
#13576 = DIRECTION('',(0.781713721485,0.62363744086,0.));
#13577 = ORIENTED_EDGE('',*,*,#13578,.T.);
#13578 = EDGE_CURVE('',#13571,#13579,#13581,.T.);
#13579 = VERTEX_POINT('',#13580);
#13580 = CARTESIAN_POINT('',(95.800312,-85.28393,1.56));
#13581 = LINE('',#13582,#13583);
#13582 = CARTESIAN_POINT('',(95.721988,-85.39531,1.56));
#13583 = VECTOR('',#13584,1.);
#13584 = DIRECTION('',(0.575225588985,0.817994817695,0.));
#13585 = ORIENTED_EDGE('',*,*,#13586,.T.);
#13586 = EDGE_CURVE('',#13579,#13587,#13589,.T.);
#13587 = VERTEX_POINT('',#13588);
#13588 = CARTESIAN_POINT('',(95.823752,-85.179527,1.56));
#13589 = LINE('',#13590,#13591);
#13590 = CARTESIAN_POINT('',(95.800312,-85.28393,1.56));
#13591 = VECTOR('',#13592,1.);
#13592 = DIRECTION('',(0.21906140244,0.975711075043,0.));
#13593 = ORIENTED_EDGE('',*,*,#13594,.T.);
#13594 = EDGE_CURVE('',#13587,#13595,#13597,.T.);
#13595 = VERTEX_POINT('',#13596);
#13596 = CARTESIAN_POINT('',(95.801007,-85.058093,1.56));
#13597 = LINE('',#13598,#13599);
#13598 = CARTESIAN_POINT('',(95.823752,-85.179527,1.56));
#13599 = VECTOR('',#13600,1.);
#13600 = DIRECTION('',(-0.184101846618,0.982907172663,0.));
#13601 = ORIENTED_EDGE('',*,*,#13602,.T.);
#13602 = EDGE_CURVE('',#13595,#13603,#13605,.T.);
#13603 = VERTEX_POINT('',#13604);
#13604 = CARTESIAN_POINT('',(95.73155,-84.949633,1.56));
#13605 = LINE('',#13606,#13607);
#13606 = CARTESIAN_POINT('',(95.801007,-85.058093,1.56));
#13607 = VECTOR('',#13608,1.);
#13608 = DIRECTION('',(-0.539288324503,0.842121192617,0.));
#13609 = ORIENTED_EDGE('',*,*,#13610,.T.);
#13610 = EDGE_CURVE('',#13603,#13611,#13613,.T.);
#13611 = VERTEX_POINT('',#13612);
#13612 = CARTESIAN_POINT('',(95.629696,-84.873564,1.56));
#13613 = LINE('',#13614,#13615);
#13614 = CARTESIAN_POINT('',(95.73155,-84.949633,1.56));
#13615 = VECTOR('',#13616,1.);
#13616 = DIRECTION('',(-0.801212287289,0.598380205803,0.));
#13617 = ORIENTED_EDGE('',*,*,#13618,.T.);
#13618 = EDGE_CURVE('',#13611,#13619,#13621,.T.);
#13619 = VERTEX_POINT('',#13620);
#13620 = CARTESIAN_POINT('',(95.512953,-84.848883,1.56));
#13621 = LINE('',#13622,#13623);
#13622 = CARTESIAN_POINT('',(95.629696,-84.873564,1.56));
#13623 = VECTOR('',#13624,1.);
#13624 = DIRECTION('',(-0.978374529304,0.206841196112,0.));
#13625 = ORIENTED_EDGE('',*,*,#13626,.T.);
#13626 = EDGE_CURVE('',#13619,#13627,#13629,.T.);
#13627 = VERTEX_POINT('',#13628);
#13628 = CARTESIAN_POINT('',(95.366102,-84.902922,1.56));
#13629 = LINE('',#13630,#13631);
#13630 = CARTESIAN_POINT('',(95.512953,-84.848883,1.56));
#13631 = VECTOR('',#13632,1.);
#13632 = DIRECTION('',(-0.938475724178,-0.345345211533,0.));
#13633 = ORIENTED_EDGE('',*,*,#13634,.T.);
#13634 = EDGE_CURVE('',#13627,#13635,#13637,.T.);
#13635 = VERTEX_POINT('',#13636);
#13636 = CARTESIAN_POINT('',(94.969818,-85.112055,1.56));
#13637 = LINE('',#13638,#13639);
#13638 = CARTESIAN_POINT('',(95.366102,-84.902922,1.56));
#13639 = VECTOR('',#13640,1.);
#13640 = DIRECTION('',(-0.884400311189,-0.466729139405,0.));
#13641 = ORIENTED_EDGE('',*,*,#13642,.T.);
#13642 = EDGE_CURVE('',#13635,#13643,#13645,.T.);
#13643 = VERTEX_POINT('',#13644);
#13644 = CARTESIAN_POINT('',(94.738148,-85.194626,1.56));
#13645 = LINE('',#13646,#13647);
#13646 = CARTESIAN_POINT('',(94.969818,-85.112055,1.56));
#13647 = VECTOR('',#13648,1.);
#13648 = DIRECTION('',(-0.941958444047,-0.335729488857,0.));
#13649 = ORIENTED_EDGE('',*,*,#13650,.T.);
#13650 = EDGE_CURVE('',#13643,#13651,#13653,.T.);
#13651 = VERTEX_POINT('',#13652);
#13652 = CARTESIAN_POINT('',(94.532623,-85.220132,1.56));
#13653 = LINE('',#13654,#13655);
#13654 = CARTESIAN_POINT('',(94.738148,-85.194626,1.56));
#13655 = VECTOR('',#13656,1.);
#13656 = DIRECTION('',(-0.992387207943,-0.123156930426,0.));
#13657 = ORIENTED_EDGE('',*,*,#13658,.T.);
#13658 = EDGE_CURVE('',#13651,#13659,#13661,.T.);
#13659 = VERTEX_POINT('',#13660);
#13660 = CARTESIAN_POINT('',(94.240787,-85.191235,1.56));
#13661 = LINE('',#13662,#13663);
#13662 = CARTESIAN_POINT('',(94.532623,-85.220132,1.56));
#13663 = VECTOR('',#13664,1.);
#13664 = DIRECTION('',(-0.995133480065,9.853606879698E-02,0.));
#13665 = ORIENTED_EDGE('',*,*,#13666,.T.);
#13666 = EDGE_CURVE('',#13659,#13667,#13669,.T.);
#13667 = VERTEX_POINT('',#13668);
#13668 = CARTESIAN_POINT('',(93.998212,-85.109515,1.56));
#13669 = LINE('',#13670,#13671);
#13670 = CARTESIAN_POINT('',(94.240787,-85.191235,1.56));
#13671 = VECTOR('',#13672,1.);
#13672 = DIRECTION('',(-0.947668577572,0.319255801955,0.));
#13673 = ORIENTED_EDGE('',*,*,#13674,.T.);
#13674 = EDGE_CURVE('',#13667,#13675,#13677,.T.);
#13675 = VERTEX_POINT('',#13676);
#13676 = CARTESIAN_POINT('',(93.794705,-84.977721,1.56));
#13677 = LINE('',#13678,#13679);
#13678 = CARTESIAN_POINT('',(93.998212,-85.109515,1.56));
#13679 = VECTOR('',#13680,1.);
#13680 = DIRECTION('',(-0.83935752197,0.543579755245,0.));
#13681 = ORIENTED_EDGE('',*,*,#13682,.T.);
#13682 = EDGE_CURVE('',#13675,#13683,#13685,.T.);
#13683 = VERTEX_POINT('',#13684);
#13684 = CARTESIAN_POINT('',(93.507824,-84.488154,1.56));
#13685 = CIRCLE('',#13686,0.834038302306);
#13686 = AXIS2_PLACEMENT_3D('',#13687,#13688,#13689);
#13687 = CARTESIAN_POINT('',(94.327942356321,-84.33641154931,1.56));
#13688 = DIRECTION('',(0.,0.,-1.));
#13689 = DIRECTION('',(-0.639343966394,-0.768920862401,-0.));
#13690 = ORIENTED_EDGE('',*,*,#13691,.T.);
#13691 = EDGE_CURVE('',#13683,#13692,#13694,.T.);
#13692 = VERTEX_POINT('',#13693);
#13693 = CARTESIAN_POINT('',(93.487264,-84.26789,1.56));
#13694 = LINE('',#13695,#13696);
#13695 = CARTESIAN_POINT('',(93.507824,-84.488154,1.56));
#13696 = VECTOR('',#13697,1.);
#13697 = DIRECTION('',(-9.293853373845E-02,0.995671848024,0.));
#13698 = ORIENTED_EDGE('',*,*,#13699,.T.);
#13699 = EDGE_CURVE('',#13692,#13700,#13702,.T.);
#13700 = VERTEX_POINT('',#13701);
#13701 = CARTESIAN_POINT('',(93.516777,-83.996687,1.56));
#13702 = LINE('',#13703,#13704);
#13703 = CARTESIAN_POINT('',(93.487264,-84.26789,1.56));
#13704 = VECTOR('',#13705,1.);
#13705 = DIRECTION('',(0.108183852561,0.994130903878,0.));
#13706 = ORIENTED_EDGE('',*,*,#13707,.T.);
#13707 = EDGE_CURVE('',#13700,#13708,#13710,.T.);
#13708 = VERTEX_POINT('',#13709);
#13709 = CARTESIAN_POINT('',(93.614487,-83.672287,1.56));
#13710 = LINE('',#13711,#13712);
#13711 = CARTESIAN_POINT('',(93.516777,-83.996687,1.56));
#13712 = VECTOR('',#13713,1.);
#13713 = DIRECTION('',(0.288403798815,0.957508876632,0.));
#13714 = ORIENTED_EDGE('',*,*,#13715,.T.);
#13715 = EDGE_CURVE('',#13708,#13716,#13718,.T.);
#13716 = VERTEX_POINT('',#13717);
#13717 = CARTESIAN_POINT('',(93.798063,-83.28176,1.56));
#13718 = LINE('',#13719,#13720);
#13719 = CARTESIAN_POINT('',(93.614487,-83.672287,1.56));
#13720 = VECTOR('',#13721,1.);
#13721 = DIRECTION('',(0.425414873985,0.904998444746,0.));
#13722 = ORIENTED_EDGE('',*,*,#13723,.T.);
#13723 = EDGE_CURVE('',#13716,#13724,#13726,.T.);
#13724 = VERTEX_POINT('',#13725);
#13725 = CARTESIAN_POINT('',(93.998102,-82.971961,1.56));
#13726 = LINE('',#13727,#13728);
#13727 = CARTESIAN_POINT('',(93.798063,-83.28176,1.56));
#13728 = VECTOR('',#13729,1.);
#13729 = DIRECTION('',(0.542449803428,0.840088216059,0.));
#13730 = ORIENTED_EDGE('',*,*,#13731,.T.);
#13731 = EDGE_CURVE('',#13724,#13732,#13734,.T.);
#13732 = VERTEX_POINT('',#13733);
#13733 = CARTESIAN_POINT('',(94.176113,-82.786101,1.56));
#13734 = LINE('',#13735,#13736);
#13735 = CARTESIAN_POINT('',(93.998102,-82.971961,1.56));
#13736 = VECTOR('',#13737,1.);
#13737 = DIRECTION('',(0.691692996087,0.722191663732,0.));
#13738 = ORIENTED_EDGE('',*,*,#13739,.T.);
#13739 = EDGE_CURVE('',#13732,#13740,#13742,.T.);
#13740 = VERTEX_POINT('',#13741);
#13741 = CARTESIAN_POINT('',(94.336814,-82.689866,1.56));
#13742 = LINE('',#13743,#13744);
#13743 = CARTESIAN_POINT('',(94.176113,-82.786101,1.56));
#13744 = VECTOR('',#13745,1.);
#13745 = DIRECTION('',(0.857929759134,0.513766998154,0.));
#13746 = ORIENTED_EDGE('',*,*,#13747,.T.);
#13747 = EDGE_CURVE('',#13740,#13748,#13750,.T.);
#13748 = VERTEX_POINT('',#13749);
#13749 = CARTESIAN_POINT('',(94.488049,-82.660467,1.56));
#13750 = LINE('',#13751,#13752);
#13751 = CARTESIAN_POINT('',(94.336814,-82.689866,1.56));
#13752 = VECTOR('',#13753,1.);
#13753 = DIRECTION('',(0.981624880839,0.190820840889,0.));
#13754 = ORIENTED_EDGE('',*,*,#13755,.T.);
#13755 = EDGE_CURVE('',#13748,#13756,#13758,.T.);
#13756 = VERTEX_POINT('',#13757);
#13757 = CARTESIAN_POINT('',(94.791172,-82.682,1.56));
#13758 = LINE('',#13759,#13760);
#13759 = CARTESIAN_POINT('',(94.488049,-82.660467,1.56));
#13760 = VECTOR('',#13761,1.);
#13761 = DIRECTION('',(0.997486369629,-7.085860854249E-02,0.));
#13762 = ORIENTED_EDGE('',*,*,#13763,.T.);
#13763 = EDGE_CURVE('',#13756,#13764,#13766,.T.);
#13764 = VERTEX_POINT('',#13765);
#13765 = CARTESIAN_POINT('',(95.003104,-82.737753,1.56));
#13766 = LINE('',#13767,#13768);
#13767 = CARTESIAN_POINT('',(94.791172,-82.682,1.56));
#13768 = VECTOR('',#13769,1.);
#13769 = DIRECTION('',(0.967095399579,-0.254414009271,0.));
#13770 = ORIENTED_EDGE('',*,*,#13771,.T.);
#13771 = EDGE_CURVE('',#13764,#13772,#13774,.T.);
#13772 = VERTEX_POINT('',#13773);
#13773 = CARTESIAN_POINT('',(95.147199,-82.818309,1.56));
#13774 = LINE('',#13775,#13776);
#13775 = CARTESIAN_POINT('',(95.003104,-82.737753,1.56));
#13776 = VECTOR('',#13777,1.);
#13777 = DIRECTION('',(0.872860089473,-0.487970556699,0.));
#13778 = ORIENTED_EDGE('',*,*,#13779,.T.);
#13779 = EDGE_CURVE('',#13772,#13780,#13782,.T.);
#13780 = VERTEX_POINT('',#13781);
#13781 = CARTESIAN_POINT('',(95.28886,-82.934019,1.56));
#13782 = LINE('',#13783,#13784);
#13783 = CARTESIAN_POINT('',(95.147199,-82.818309,1.56));
#13784 = VECTOR('',#13785,1.);
#13785 = DIRECTION('',(0.774478064836,-0.632600764375,0.));
#13786 = ORIENTED_EDGE('',*,*,#13787,.T.);
#13787 = EDGE_CURVE('',#13780,#13788,#13790,.T.);
#13788 = VERTEX_POINT('',#13789);
#13789 = CARTESIAN_POINT('',(95.368269,-82.977785,1.56));
#13790 = LINE('',#13791,#13792);
#13791 = CARTESIAN_POINT('',(95.28886,-82.934019,1.56));
#13792 = VECTOR('',#13793,1.);
#13793 = DIRECTION('',(0.875791540142,-0.482689525694,0.));
#13794 = ORIENTED_EDGE('',*,*,#13795,.T.);
#13795 = EDGE_CURVE('',#13788,#13796,#13798,.T.);
#13796 = VERTEX_POINT('',#13797);
#13797 = CARTESIAN_POINT('',(95.461662,-82.992637,1.56));
#13798 = LINE('',#13799,#13800);
#13799 = CARTESIAN_POINT('',(95.368269,-82.977785,1.56));
#13800 = VECTOR('',#13801,1.);
#13801 = DIRECTION('',(0.987590111852,-0.15705340166,0.));
#13802 = ORIENTED_EDGE('',*,*,#13803,.T.);
#13803 = EDGE_CURVE('',#13796,#13804,#13806,.T.);
#13804 = VERTEX_POINT('',#13805);
#13805 = CARTESIAN_POINT('',(95.577182,-82.967797,1.56));
#13806 = LINE('',#13807,#13808);
#13807 = CARTESIAN_POINT('',(95.461662,-82.992637,1.56));
#13808 = VECTOR('',#13809,1.);
#13809 = DIRECTION('',(0.977653548385,0.210222594719,0.));
#13810 = ORIENTED_EDGE('',*,*,#13811,.T.);
#13811 = EDGE_CURVE('',#13804,#13812,#13814,.T.);
#13812 = VERTEX_POINT('',#13813);
#13813 = CARTESIAN_POINT('',(95.733284,-82.539026,1.56));
#13814 = CIRCLE('',#13815,0.340327797487);
#13815 = AXIS2_PLACEMENT_3D('',#13816,#13817,#13818);
#13816 = CARTESIAN_POINT('',(95.417942691486,-82.66702158151,1.56));
#13817 = DIRECTION('',(0.,-0.,1.));
#13818 = DIRECTION('',(0.467899800398,-0.883781520958,-0.));
#13819 = ORIENTED_EDGE('',*,*,#13820,.T.);
#13820 = EDGE_CURVE('',#13812,#13821,#13823,.T.);
#13821 = VERTEX_POINT('',#13822);
#13822 = CARTESIAN_POINT('',(95.652019,-82.419045,1.56));
#13823 = LINE('',#13824,#13825);
#13824 = CARTESIAN_POINT('',(95.733284,-82.539026,1.56));
#13825 = VECTOR('',#13826,1.);
#13826 = DIRECTION('',(-0.560789246215,0.827958586724,0.));
#13827 = ORIENTED_EDGE('',*,*,#13828,.T.);
#13828 = EDGE_CURVE('',#13821,#13829,#13831,.T.);
#13829 = VERTEX_POINT('',#13830);
#13830 = CARTESIAN_POINT('',(95.496399,-82.296931,1.56));
#13831 = LINE('',#13832,#13833);
#13832 = CARTESIAN_POINT('',(95.652019,-82.419045,1.56));
#13833 = VECTOR('',#13834,1.);
#13834 = DIRECTION('',(-0.786708318506,0.617324891441,0.));
#13835 = ORIENTED_EDGE('',*,*,#13836,.T.);
#13836 = EDGE_CURVE('',#13829,#13400,#13837,.T.);
#13837 = LINE('',#13838,#13839);
#13838 = CARTESIAN_POINT('',(95.496399,-82.296931,1.56));
#13839 = VECTOR('',#13840,1.);
#13840 = DIRECTION('',(-0.901964366646,0.431810469189,0.));
#13841 = FACE_BOUND('',#13842,.F.);
#13842 = EDGE_LOOP('',(#13843,#13853,#13861,#13869,#13877,#13885,#13893,
    #13901,#13909,#13917,#13926,#13934,#13943,#13951,#13959,#13967,
    #13975,#13983,#13991,#14000,#14008,#14016,#14024,#14032,#14040,
    #14048,#14056,#14064,#14072,#14080,#14088,#14096,#14104,#14112,
    #14120,#14128,#14136,#14144));
#13843 = ORIENTED_EDGE('',*,*,#13844,.T.);
#13844 = EDGE_CURVE('',#13845,#13847,#13849,.T.);
#13845 = VERTEX_POINT('',#13846);
#13846 = CARTESIAN_POINT('',(113.427861,-82.227852,1.56));
#13847 = VERTEX_POINT('',#13848);
#13848 = CARTESIAN_POINT('',(113.064219,-82.109781,1.56));
#13849 = LINE('',#13850,#13851);
#13850 = CARTESIAN_POINT('',(113.427861,-82.227852,1.56));
#13851 = VECTOR('',#13852,1.);
#13852 = DIRECTION('',(-0.951120641441,0.30881956775,0.));
#13853 = ORIENTED_EDGE('',*,*,#13854,.T.);
#13854 = EDGE_CURVE('',#13847,#13855,#13857,.T.);
#13855 = VERTEX_POINT('',#13856);
#13856 = CARTESIAN_POINT('',(112.761994,-82.074284,1.56));
#13857 = LINE('',#13858,#13859);
#13858 = CARTESIAN_POINT('',(113.064219,-82.109781,1.56));
#13859 = VECTOR('',#13860,1.);
#13860 = DIRECTION('',(-0.993173039843,0.11665038761,0.));
#13861 = ORIENTED_EDGE('',*,*,#13862,.T.);
#13862 = EDGE_CURVE('',#13855,#13863,#13865,.T.);
#13863 = VERTEX_POINT('',#13864);
#13864 = CARTESIAN_POINT('',(112.379981,-82.111253,1.56));
#13865 = LINE('',#13866,#13867);
#13866 = CARTESIAN_POINT('',(112.761994,-82.074284,1.56));
#13867 = VECTOR('',#13868,1.);
#13868 = DIRECTION('',(-0.995350013555,-9.632419486019E-02,0.));
#13869 = ORIENTED_EDGE('',*,*,#13870,.T.);
#13870 = EDGE_CURVE('',#13863,#13871,#13873,.T.);
#13871 = VERTEX_POINT('',#13872);
#13872 = CARTESIAN_POINT('',(112.031028,-82.219857,1.56));
#13873 = LINE('',#13874,#13875);
#13874 = CARTESIAN_POINT('',(112.379981,-82.111253,1.56));
#13875 = VECTOR('',#13876,1.);
#13876 = DIRECTION('',(-0.954825069244,-0.297168449104,0.));
#13877 = ORIENTED_EDGE('',*,*,#13878,.T.);
#13878 = EDGE_CURVE('',#13871,#13879,#13881,.T.);
#13879 = VERTEX_POINT('',#13880);
#13880 = CARTESIAN_POINT('',(111.707472,-82.401138,1.56));
#13881 = LINE('',#13882,#13883);
#13882 = CARTESIAN_POINT('',(112.031028,-82.219857,1.56));
#13883 = VECTOR('',#13884,1.);
#13884 = DIRECTION('',(-0.872402959264,-0.48878735322,0.));
#13885 = ORIENTED_EDGE('',*,*,#13886,.T.);
#13886 = EDGE_CURVE('',#13879,#13887,#13889,.T.);
#13887 = VERTEX_POINT('',#13888);
#13888 = CARTESIAN_POINT('',(111.404003,-82.661994,1.56));
#13889 = LINE('',#13890,#13891);
#13890 = CARTESIAN_POINT('',(111.707472,-82.401138,1.56));
#13891 = VECTOR('',#13892,1.);
#13892 = DIRECTION('',(-0.758342487369,-0.651856327615,0.));
#13893 = ORIENTED_EDGE('',*,*,#13894,.T.);
#13894 = EDGE_CURVE('',#13887,#13895,#13897,.T.);
#13895 = VERTEX_POINT('',#13896);
#13896 = CARTESIAN_POINT('',(111.153779,-82.973095,1.56));
#13897 = LINE('',#13898,#13899);
#13898 = CARTESIAN_POINT('',(111.404003,-82.661994,1.56));
#13899 = VECTOR('',#13900,1.);
#13900 = DIRECTION('',(-0.626744329281,-0.779224964766,0.));
#13901 = ORIENTED_EDGE('',*,*,#13902,.T.);
#13902 = EDGE_CURVE('',#13895,#13903,#13905,.T.);
#13903 = VERTEX_POINT('',#13904);
#13904 = CARTESIAN_POINT('',(110.978052,-83.30846,1.56));
#13905 = LINE('',#13906,#13907);
#13906 = CARTESIAN_POINT('',(111.153779,-82.973095,1.56));
#13907 = VECTOR('',#13908,1.);
#13908 = DIRECTION('',(-0.464130553307,-0.885766803108,0.));
#13909 = ORIENTED_EDGE('',*,*,#13910,.T.);
#13910 = EDGE_CURVE('',#13903,#13911,#13913,.T.);
#13911 = VERTEX_POINT('',#13912);
#13912 = CARTESIAN_POINT('',(110.87187,-83.673669,1.56));
#13913 = LINE('',#13914,#13915);
#13914 = CARTESIAN_POINT('',(110.978052,-83.30846,1.56));
#13915 = VECTOR('',#13916,1.);
#13916 = DIRECTION('',(-0.279182590978,-0.960238033456,0.));
#13917 = ORIENTED_EDGE('',*,*,#13918,.T.);
#13918 = EDGE_CURVE('',#13911,#13919,#13921,.T.);
#13919 = VERTEX_POINT('',#13920);
#13920 = CARTESIAN_POINT('',(110.93291,-84.878618,1.56));
#13921 = CIRCLE('',#13922,2.883138528916);
#13922 = AXIS2_PLACEMENT_3D('',#13923,#13924,#13925);
#13923 = CARTESIAN_POINT('',(113.71810221699,-84.1335058666,1.56));
#13924 = DIRECTION('',(0.,0.,1.));
#13925 = DIRECTION('',(-0.987199258185,0.159491769816,0.));
#13926 = ORIENTED_EDGE('',*,*,#13927,.T.);
#13927 = EDGE_CURVE('',#13919,#13928,#13930,.T.);
#13928 = VERTEX_POINT('',#13929);
#13929 = CARTESIAN_POINT('',(111.040806,-85.157586,1.56));
#13930 = LINE('',#13931,#13932);
#13931 = CARTESIAN_POINT('',(110.93291,-84.878618,1.56));
#13932 = VECTOR('',#13933,1.);
#13933 = DIRECTION('',(0.360727713777,-0.932671172768,0.));
#13934 = ORIENTED_EDGE('',*,*,#13935,.T.);
#13935 = EDGE_CURVE('',#13928,#13936,#13938,.T.);
#13936 = VERTEX_POINT('',#13937);
#13937 = CARTESIAN_POINT('',(111.629597,-85.703222,1.56));
#13938 = CIRCLE('',#13939,1.115138204057);
#13939 = AXIS2_PLACEMENT_3D('',#13940,#13941,#13942);
#13940 = CARTESIAN_POINT('',(112.04237882556,-84.66729517892,1.56));
#13941 = DIRECTION('',(0.,0.,1.));
#13942 = DIRECTION('',(-0.898160265627,-0.439668212688,0.));
#13943 = ORIENTED_EDGE('',*,*,#13944,.T.);
#13944 = EDGE_CURVE('',#13936,#13945,#13947,.T.);
#13945 = VERTEX_POINT('',#13946);
#13946 = CARTESIAN_POINT('',(111.946354,-85.793175,1.56));
#13947 = LINE('',#13948,#13949);
#13948 = CARTESIAN_POINT('',(111.629597,-85.703222,1.56));
#13949 = VECTOR('',#13950,1.);
#13950 = DIRECTION('',(0.961963121627,-0.273179341513,0.));
#13951 = ORIENTED_EDGE('',*,*,#13952,.T.);
#13952 = EDGE_CURVE('',#13945,#13953,#13955,.T.);
#13953 = VERTEX_POINT('',#13954);
#13954 = CARTESIAN_POINT('',(112.345254,-85.825854,1.56));
#13955 = LINE('',#13956,#13957);
#13956 = CARTESIAN_POINT('',(111.946354,-85.793175,1.56));
#13957 = VECTOR('',#13958,1.);
#13958 = DIRECTION('',(0.996661125313,-8.164925774405E-02,0.));
#13959 = ORIENTED_EDGE('',*,*,#13960,.T.);
#13960 = EDGE_CURVE('',#13953,#13961,#13963,.T.);
#13961 = VERTEX_POINT('',#13962);
#13962 = CARTESIAN_POINT('',(112.520436,-85.806261,1.56));
#13963 = LINE('',#13964,#13965);
#13964 = CARTESIAN_POINT('',(112.345254,-85.825854,1.56));
#13965 = VECTOR('',#13966,1.);
#13966 = DIRECTION('',(0.993803568526,0.111150650855,0.));
#13967 = ORIENTED_EDGE('',*,*,#13968,.T.);
#13968 = EDGE_CURVE('',#13961,#13969,#13971,.T.);
#13969 = VERTEX_POINT('',#13970);
#13970 = CARTESIAN_POINT('',(112.761688,-85.737011,1.56));
#13971 = LINE('',#13972,#13973);
#13972 = CARTESIAN_POINT('',(112.520436,-85.806261,1.56));
#13973 = VECTOR('',#13974,1.);
#13974 = DIRECTION('',(0.961185545296,0.275902786347,0.));
#13975 = ORIENTED_EDGE('',*,*,#13976,.T.);
#13976 = EDGE_CURVE('',#13969,#13977,#13979,.T.);
#13977 = VERTEX_POINT('',#13978);
#13978 = CARTESIAN_POINT('',(113.018084,-85.632762,1.56));
#13979 = LINE('',#13980,#13981);
#13980 = CARTESIAN_POINT('',(112.761688,-85.737011,1.56));
#13981 = VECTOR('',#13982,1.);
#13982 = DIRECTION('',(0.926355512408,0.376650321428,0.));
#13983 = ORIENTED_EDGE('',*,*,#13984,.T.);
#13984 = EDGE_CURVE('',#13977,#13985,#13987,.T.);
#13985 = VERTEX_POINT('',#13986);
#13986 = CARTESIAN_POINT('',(113.339017,-85.474145,1.56));
#13987 = LINE('',#13988,#13989);
#13988 = CARTESIAN_POINT('',(113.018084,-85.632762,1.56));
#13989 = VECTOR('',#13990,1.);
#13990 = DIRECTION('',(0.896484175795,0.443075752609,0.));
#13991 = ORIENTED_EDGE('',*,*,#13992,.T.);
#13992 = EDGE_CURVE('',#13985,#13993,#13995,.T.);
#13993 = VERTEX_POINT('',#13994);
#13994 = CARTESIAN_POINT('',(113.730732,-85.839198,1.56));
#13995 = CIRCLE('',#13996,1.503479645258);
#13996 = AXIS2_PLACEMENT_3D('',#13997,#13998,#13999);
#13997 = CARTESIAN_POINT('',(114.54352184248,-84.57435662035,1.56));
#13998 = DIRECTION('',(0.,0.,1.));
#13999 = DIRECTION('',(-0.801144761939,-0.598470609485,0.));
#14000 = ORIENTED_EDGE('',*,*,#14001,.T.);
#14001 = EDGE_CURVE('',#13993,#14002,#14004,.T.);
#14002 = VERTEX_POINT('',#14003);
#14003 = CARTESIAN_POINT('',(113.803689,-85.864933,1.56));
#14004 = LINE('',#14005,#14006);
#14005 = CARTESIAN_POINT('',(113.730732,-85.839198,1.56));
#14006 = VECTOR('',#14007,1.);
#14007 = DIRECTION('',(0.943049261797,-0.332653107342,0.));
#14008 = ORIENTED_EDGE('',*,*,#14009,.T.);
#14009 = EDGE_CURVE('',#14002,#14010,#14012,.T.);
#14010 = VERTEX_POINT('',#14011);
#14011 = CARTESIAN_POINT('',(113.921924,-85.842903,1.56));
#14012 = LINE('',#14013,#14014);
#14013 = CARTESIAN_POINT('',(113.803689,-85.864933,1.56));
#14014 = VECTOR('',#14015,1.);
#14015 = DIRECTION('',(0.983080986934,0.183171430982,0.));
#14016 = ORIENTED_EDGE('',*,*,#14017,.T.);
#14017 = EDGE_CURVE('',#14010,#14018,#14020,.T.);
#14018 = VERTEX_POINT('',#14019);
#14019 = CARTESIAN_POINT('',(114.025645,-85.77609,1.56));
#14020 = LINE('',#14021,#14022);
#14021 = CARTESIAN_POINT('',(113.921924,-85.842903,1.56));
#14022 = VECTOR('',#14023,1.);
#14023 = DIRECTION('',(0.84067960415,0.541532827413,0.));
#14024 = ORIENTED_EDGE('',*,*,#14025,.T.);
#14025 = EDGE_CURVE('',#14018,#14026,#14028,.T.);
#14026 = VERTEX_POINT('',#14027);
#14027 = CARTESIAN_POINT('',(114.097035,-85.675997,1.56));
#14028 = LINE('',#14029,#14030);
#14029 = CARTESIAN_POINT('',(114.025645,-85.77609,1.56));
#14030 = VECTOR('',#14031,1.);
#14031 = DIRECTION('',(0.580672533885,0.814137217176,0.));
#14032 = ORIENTED_EDGE('',*,*,#14033,.T.);
#14033 = EDGE_CURVE('',#14026,#14034,#14036,.T.);
#14034 = VERTEX_POINT('',#14035);
#14035 = CARTESIAN_POINT('',(114.121205,-85.550776,1.56));
#14036 = LINE('',#14037,#14038);
#14037 = CARTESIAN_POINT('',(114.097035,-85.675997,1.56));
#14038 = VECTOR('',#14039,1.);
#14039 = DIRECTION('',(0.18952061441,0.981876742119,0.));
#14040 = ORIENTED_EDGE('',*,*,#14041,.T.);
#14041 = EDGE_CURVE('',#14034,#14042,#14044,.T.);
#14042 = VERTEX_POINT('',#14043);
#14043 = CARTESIAN_POINT('',(114.10075,-85.492768,1.56));
#14044 = LINE('',#14045,#14046);
#14045 = CARTESIAN_POINT('',(114.121205,-85.550776,1.56));
#14046 = VECTOR('',#14047,1.);
#14047 = DIRECTION('',(-0.33255392627,0.943084241265,0.));
#14048 = ORIENTED_EDGE('',*,*,#14049,.T.);
#14049 = EDGE_CURVE('',#14042,#14050,#14052,.T.);
#14050 = VERTEX_POINT('',#14051);
#14051 = CARTESIAN_POINT('',(114.022287,-85.311723,1.56));
#14052 = LINE('',#14053,#14054);
#14053 = CARTESIAN_POINT('',(114.10075,-85.492768,1.56));
#14054 = VECTOR('',#14055,1.);
#14055 = DIRECTION('',(-0.397650816272,0.917536826682,0.));
#14056 = ORIENTED_EDGE('',*,*,#14057,.T.);
#14057 = EDGE_CURVE('',#14050,#14058,#14060,.T.);
#14058 = VERTEX_POINT('',#14059);
#14059 = CARTESIAN_POINT('',(113.863854,-84.896074,1.56));
#14060 = LINE('',#14061,#14062);
#14061 = CARTESIAN_POINT('',(114.022287,-85.311723,1.56));
#14062 = VECTOR('',#14063,1.);
#14063 = DIRECTION('',(-0.356173036703,0.934420016869,0.));
#14064 = ORIENTED_EDGE('',*,*,#14065,.T.);
#14065 = EDGE_CURVE('',#14058,#14066,#14068,.T.);
#14066 = VERTEX_POINT('',#14067);
#14067 = CARTESIAN_POINT('',(113.807048,-84.71058,1.56));
#14068 = LINE('',#14069,#14070);
#14069 = CARTESIAN_POINT('',(113.863854,-84.896074,1.56));
#14070 = VECTOR('',#14071,1.);
#14071 = DIRECTION('',(-0.292818534501,0.956168032227,0.));
#14072 = ORIENTED_EDGE('',*,*,#14073,.T.);
#14073 = EDGE_CURVE('',#14066,#14074,#14076,.T.);
#14074 = VERTEX_POINT('',#14075);
#14075 = CARTESIAN_POINT('',(113.763731,-84.442654,1.56));
#14076 = LINE('',#14077,#14078);
#14077 = CARTESIAN_POINT('',(113.807048,-84.71058,1.56));
#14078 = VECTOR('',#14079,1.);
#14079 = DIRECTION('',(-0.159602775176,0.987181317771,0.));
#14080 = ORIENTED_EDGE('',*,*,#14081,.T.);
#14081 = EDGE_CURVE('',#14074,#14082,#14084,.T.);
#14082 = VERTEX_POINT('',#14083);
#14083 = CARTESIAN_POINT('',(113.74904,-84.041355,1.56));
#14084 = LINE('',#14085,#14086);
#14085 = CARTESIAN_POINT('',(113.763731,-84.442654,1.56));
#14086 = VECTOR('',#14087,1.);
#14087 = DIRECTION('',(-3.658410689794E-02,0.999330577498,0.));
#14088 = ORIENTED_EDGE('',*,*,#14089,.T.);
#14089 = EDGE_CURVE('',#14082,#14090,#14092,.T.);
#14090 = VERTEX_POINT('',#14091);
#14091 = CARTESIAN_POINT('',(113.771022,-83.279928,1.56));
#14092 = LINE('',#14093,#14094);
#14093 = CARTESIAN_POINT('',(113.74904,-84.041355,1.56));
#14094 = VECTOR('',#14095,1.);
#14095 = DIRECTION('',(2.885745489555E-02,0.999583536928,0.));
#14096 = ORIENTED_EDGE('',*,*,#14097,.T.);
#14097 = EDGE_CURVE('',#14090,#14098,#14100,.T.);
#14098 = VERTEX_POINT('',#14099);
#14099 = CARTESIAN_POINT('',(113.824145,-82.852808,1.56));
#14100 = LINE('',#14101,#14102);
#14101 = CARTESIAN_POINT('',(113.771022,-83.279928,1.56));
#14102 = VECTOR('',#14103,1.);
#14103 = DIRECTION('',(0.123423917302,0.992354037951,0.));
#14104 = ORIENTED_EDGE('',*,*,#14105,.T.);
#14105 = EDGE_CURVE('',#14098,#14106,#14108,.T.);
#14106 = VERTEX_POINT('',#14107);
#14107 = CARTESIAN_POINT('',(113.875512,-82.775208,1.56));
#14108 = LINE('',#14109,#14110);
#14109 = CARTESIAN_POINT('',(113.824145,-82.852808,1.56));
#14110 = VECTOR('',#14111,1.);
#14111 = DIRECTION('',(0.551971957893,0.833862673166,0.));
#14112 = ORIENTED_EDGE('',*,*,#14113,.T.);
#14113 = EDGE_CURVE('',#14106,#14114,#14116,.T.);
#14114 = VERTEX_POINT('',#14115);
#14115 = CARTESIAN_POINT('',(113.892227,-82.68886,1.56));
#14116 = LINE('',#14117,#14118);
#14117 = CARTESIAN_POINT('',(113.875512,-82.775208,1.56));
#14118 = VECTOR('',#14119,1.);
#14119 = DIRECTION('',(0.190049128288,0.981774581478,0.));
#14120 = ORIENTED_EDGE('',*,*,#14121,.T.);
#14121 = EDGE_CURVE('',#14114,#14122,#14124,.T.);
#14122 = VERTEX_POINT('',#14123);
#14123 = CARTESIAN_POINT('',(113.869212,-82.572702,1.56));
#14124 = LINE('',#14125,#14126);
#14125 = CARTESIAN_POINT('',(113.892227,-82.68886,1.56));
#14126 = VECTOR('',#14127,1.);
#14127 = DIRECTION('',(-0.194357028075,0.980930856706,0.));
#14128 = ORIENTED_EDGE('',*,*,#14129,.T.);
#14129 = EDGE_CURVE('',#14122,#14130,#14132,.T.);
#14130 = VERTEX_POINT('',#14131);
#14131 = CARTESIAN_POINT('',(113.796128,-82.45976,1.56));
#14132 = LINE('',#14133,#14134);
#14133 = CARTESIAN_POINT('',(113.869212,-82.572702,1.56));
#14134 = VECTOR('',#14135,1.);
#14135 = DIRECTION('',(-0.543271620469,0.83955699413,0.));
#14136 = ORIENTED_EDGE('',*,*,#14137,.T.);
#14137 = EDGE_CURVE('',#14130,#14138,#14140,.T.);
#14138 = VERTEX_POINT('',#14139);
#14139 = CARTESIAN_POINT('',(113.657533,-82.345058,1.56));
#14140 = LINE('',#14141,#14142);
#14141 = CARTESIAN_POINT('',(113.796128,-82.45976,1.56));
#14142 = VECTOR('',#14143,1.);
#14143 = DIRECTION('',(-0.770386977671,0.637576587271,0.));
#14144 = ORIENTED_EDGE('',*,*,#14145,.T.);
#14145 = EDGE_CURVE('',#14138,#13845,#14146,.T.);
#14146 = LINE('',#14147,#14148);
#14147 = CARTESIAN_POINT('',(113.657533,-82.345058,1.56));
#14148 = VECTOR('',#14149,1.);
#14149 = DIRECTION('',(-0.890720405103,0.454551603158,0.));
#14150 = FACE_BOUND('',#14151,.F.);
#14151 = EDGE_LOOP('',(#14152,#14162,#14170,#14178,#14187,#14195,#14203,
    #14211,#14219,#14227,#14235,#14243,#14252,#14260,#14268,#14276,
    #14284,#14292,#14300,#14308,#14316,#14324,#14332,#14340,#14348,
    #14356,#14364,#14372,#14380,#14388));
#14152 = ORIENTED_EDGE('',*,*,#14153,.T.);
#14153 = EDGE_CURVE('',#14154,#14156,#14158,.T.);
#14154 = VERTEX_POINT('',#14155);
#14155 = CARTESIAN_POINT('',(98.60695,-82.212721,1.56));
#14156 = VERTEX_POINT('',#14157);
#14157 = CARTESIAN_POINT('',(98.377489,-82.13896,1.56));
#14158 = LINE('',#14159,#14160);
#14159 = CARTESIAN_POINT('',(98.60695,-82.212721,1.56));
#14160 = VECTOR('',#14161,1.);
#14161 = DIRECTION('',(-0.952021697295,0.306030534227,0.));
#14162 = ORIENTED_EDGE('',*,*,#14163,.T.);
#14163 = EDGE_CURVE('',#14156,#14164,#14166,.T.);
#14164 = VERTEX_POINT('',#14165);
#14165 = CARTESIAN_POINT('',(98.114139,-82.113363,1.56));
#14166 = LINE('',#14167,#14168);
#14167 = CARTESIAN_POINT('',(98.377489,-82.13896,1.56));
#14168 = VECTOR('',#14169,1.);
#14169 = DIRECTION('',(-0.995309517378,9.674174185047E-02,0.));
#14170 = ORIENTED_EDGE('',*,*,#14171,.T.);
#14171 = EDGE_CURVE('',#14164,#14172,#14174,.T.);
#14172 = VERTEX_POINT('',#14173);
#14173 = CARTESIAN_POINT('',(97.780714,-82.142267,1.56));
#14174 = LINE('',#14175,#14176);
#14175 = CARTESIAN_POINT('',(98.114139,-82.113363,1.56));
#14176 = VECTOR('',#14177,1.);
#14177 = DIRECTION('',(-0.996263626931,-8.63642614465E-02,0.));
#14178 = ORIENTED_EDGE('',*,*,#14179,.T.);
#14179 = EDGE_CURVE('',#14172,#14180,#14182,.T.);
#14180 = VERTEX_POINT('',#14181);
#14181 = CARTESIAN_POINT('',(96.992005,-82.552218,1.56));
#14182 = CIRCLE('',#14183,1.472517957101);
#14183 = AXIS2_PLACEMENT_3D('',#14184,#14185,#14186);
#14184 = CARTESIAN_POINT('',(98.03380599413,-83.59287155551,1.56));
#14185 = DIRECTION('',(0.,0.,1.));
#14186 = DIRECTION('',(-0.171877017126,0.985118414702,0.));
#14187 = ORIENTED_EDGE('',*,*,#14188,.T.);
#14188 = EDGE_CURVE('',#14180,#14189,#14191,.T.);
#14189 = VERTEX_POINT('',#14190);
#14190 = CARTESIAN_POINT('',(96.7821,-82.80457,1.56));
#14191 = LINE('',#14192,#14193);
#14192 = CARTESIAN_POINT('',(96.992005,-82.552218,1.56));
#14193 = VECTOR('',#14194,1.);
#14194 = DIRECTION('',(-0.639485926095,-0.768802803277,0.));
#14195 = ORIENTED_EDGE('',*,*,#14196,.T.);
#14196 = EDGE_CURVE('',#14189,#14197,#14199,.T.);
#14197 = VERTEX_POINT('',#14198);
#14198 = CARTESIAN_POINT('',(96.605171,-83.106447,1.56));
#14199 = LINE('',#14200,#14201);
#14200 = CARTESIAN_POINT('',(96.7821,-82.80457,1.56));
#14201 = VECTOR('',#14202,1.);
#14202 = DIRECTION('',(-0.505648500245,-0.862739586549,0.));
#14203 = ORIENTED_EDGE('',*,*,#14204,.T.);
#14204 = EDGE_CURVE('',#14197,#14205,#14207,.T.);
#14205 = VERTEX_POINT('',#14206);
#14206 = CARTESIAN_POINT('',(96.481599,-83.429848,1.56));
#14207 = LINE('',#14208,#14209);
#14208 = CARTESIAN_POINT('',(96.605171,-83.106447,1.56));
#14209 = VECTOR('',#14210,1.);
#14210 = DIRECTION('',(-0.356932518858,-0.934130171326,0.));
#14211 = ORIENTED_EDGE('',*,*,#14212,.T.);
#14212 = EDGE_CURVE('',#14205,#14213,#14215,.T.);
#14213 = VERTEX_POINT('',#14214);
#14214 = CARTESIAN_POINT('',(96.410272,-83.779172,1.56));
#14215 = LINE('',#14216,#14217);
#14216 = CARTESIAN_POINT('',(96.481599,-83.429848,1.56));
#14217 = VECTOR('',#14218,1.);
#14218 = DIRECTION('',(-0.200057990599,-0.979784058044,0.));
#14219 = ORIENTED_EDGE('',*,*,#14220,.T.);
#14220 = EDGE_CURVE('',#14213,#14221,#14223,.T.);
#14221 = VERTEX_POINT('',#14222);
#14222 = CARTESIAN_POINT('',(96.39288,-84.158897,1.56));
#14223 = LINE('',#14224,#14225);
#14224 = CARTESIAN_POINT('',(96.410272,-83.779172,1.56));
#14225 = VECTOR('',#14226,1.);
#14226 = DIRECTION('',(-4.575360148965E-02,-0.998952755615,0.));
#14227 = ORIENTED_EDGE('',*,*,#14228,.T.);
#14228 = EDGE_CURVE('',#14221,#14229,#14231,.T.);
#14229 = VERTEX_POINT('',#14230);
#14230 = CARTESIAN_POINT('',(96.435132,-84.552275,1.56));
#14231 = LINE('',#14232,#14233);
#14232 = CARTESIAN_POINT('',(96.39288,-84.158897,1.56));
#14233 = VECTOR('',#14234,1.);
#14234 = DIRECTION('',(0.106793893921,-0.994281179658,0.));
#14235 = ORIENTED_EDGE('',*,*,#14236,.T.);
#14236 = EDGE_CURVE('',#14229,#14237,#14239,.T.);
#14237 = VERTEX_POINT('',#14238);
#14238 = CARTESIAN_POINT('',(96.531954,-84.887613,1.56));
#14239 = LINE('',#14240,#14241);
#14240 = CARTESIAN_POINT('',(96.435132,-84.552275,1.56));
#14241 = VECTOR('',#14242,1.);
#14242 = DIRECTION('',(0.277398382981,-0.960754982875,0.));
#14243 = ORIENTED_EDGE('',*,*,#14244,.T.);
#14244 = EDGE_CURVE('',#14237,#14245,#14247,.T.);
#14245 = VERTEX_POINT('',#14246);
#14246 = CARTESIAN_POINT('',(97.098072,-85.610333,1.56));
#14247 = CIRCLE('',#14248,1.590116615837);
#14248 = AXIS2_PLACEMENT_3D('',#14249,#14250,#14251);
#14249 = CARTESIAN_POINT('',(98.013516158037,-84.31016653162,1.56));
#14250 = DIRECTION('',(0.,0.,1.));
#14251 = DIRECTION('',(-0.931731763118,-0.363147245064,0.));
#14252 = ORIENTED_EDGE('',*,*,#14253,.T.);
#14253 = EDGE_CURVE('',#14245,#14254,#14256,.T.);
#14254 = VERTEX_POINT('',#14255);
#14255 = CARTESIAN_POINT('',(97.333098,-85.740617,1.56));
#14256 = LINE('',#14257,#14258);
#14257 = CARTESIAN_POINT('',(97.098072,-85.610333,1.56));
#14258 = VECTOR('',#14259,1.);
#14259 = DIRECTION('',(0.874608723128,-0.484829435399,0.));
#14260 = ORIENTED_EDGE('',*,*,#14261,.T.);
#14261 = EDGE_CURVE('',#14254,#14262,#14264,.T.);
#14262 = VERTEX_POINT('',#14263);
#14263 = CARTESIAN_POINT('',(97.5869,-85.81877,1.56));
#14264 = LINE('',#14265,#14266);
#14265 = CARTESIAN_POINT('',(97.333098,-85.740617,1.56));
#14266 = VECTOR('',#14267,1.);
#14267 = DIRECTION('',(0.95571539872,-0.294292501857,0.));
#14268 = ORIENTED_EDGE('',*,*,#14269,.T.);
#14269 = EDGE_CURVE('',#14262,#14270,#14272,.T.);
#14270 = VERTEX_POINT('',#14271);
#14271 = CARTESIAN_POINT('',(97.865012,-85.845394,1.56));
#14272 = LINE('',#14273,#14274);
#14273 = CARTESIAN_POINT('',(97.5869,-85.81877,1.56));
#14274 = VECTOR('',#14275,1.);
#14275 = DIRECTION('',(0.995449023791,-9.529554571331E-02,0.));
#14276 = ORIENTED_EDGE('',*,*,#14277,.T.);
#14277 = EDGE_CURVE('',#14270,#14278,#14280,.T.);
#14278 = VERTEX_POINT('',#14279);
#14279 = CARTESIAN_POINT('',(98.144717,-85.820633,1.56));
#14280 = LINE('',#14281,#14282);
#14281 = CARTESIAN_POINT('',(97.865012,-85.845394,1.56));
#14282 = VECTOR('',#14283,1.);
#14283 = DIRECTION('',(0.996104506935,8.818056057709E-02,0.));
#14284 = ORIENTED_EDGE('',*,*,#14285,.T.);
#14285 = EDGE_CURVE('',#14278,#14286,#14288,.T.);
#14286 = VERTEX_POINT('',#14287);
#14287 = CARTESIAN_POINT('',(98.3955,-85.748666,1.56));
#14288 = LINE('',#14289,#14290);
#14289 = CARTESIAN_POINT('',(98.144717,-85.820633,1.56));
#14290 = VECTOR('',#14291,1.);
#14291 = DIRECTION('',(0.961204671108,0.275836147449,0.));
#14292 = ORIENTED_EDGE('',*,*,#14293,.T.);
#14293 = EDGE_CURVE('',#14286,#14294,#14296,.T.);
#14294 = VERTEX_POINT('',#14295);
#14295 = CARTESIAN_POINT('',(98.623017,-85.630261,1.56));
#14296 = LINE('',#14297,#14298);
#14297 = CARTESIAN_POINT('',(98.3955,-85.748666,1.56));
#14298 = VECTOR('',#14299,1.);
#14299 = DIRECTION('',(0.887063291136,0.461647828457,0.));
#14300 = ORIENTED_EDGE('',*,*,#14301,.T.);
#14301 = EDGE_CURVE('',#14294,#14302,#14304,.T.);
#14302 = VERTEX_POINT('',#14303);
#14303 = CARTESIAN_POINT('',(98.831355,-85.462574,1.56));
#14304 = LINE('',#14305,#14306);
#14305 = CARTESIAN_POINT('',(98.623017,-85.630261,1.56));
#14306 = VECTOR('',#14307,1.);
#14307 = DIRECTION('',(0.779011106164,0.627010124698,0.));
#14308 = ORIENTED_EDGE('',*,*,#14309,.T.);
#14309 = EDGE_CURVE('',#14302,#14310,#14312,.T.);
#14310 = VERTEX_POINT('',#14311);
#14311 = CARTESIAN_POINT('',(99.022723,-85.239366,1.56));
#14312 = LINE('',#14313,#14314);
#14313 = CARTESIAN_POINT('',(98.831355,-85.462574,1.56));
#14314 = VECTOR('',#14315,1.);
#14315 = DIRECTION('',(0.650883241444,0.759177848733,0.));
#14316 = ORIENTED_EDGE('',*,*,#14317,.T.);
#14317 = EDGE_CURVE('',#14310,#14318,#14320,.T.);
#14318 = VERTEX_POINT('',#14319);
#14319 = CARTESIAN_POINT('',(99.189287,-84.964107,1.56));
#14320 = LINE('',#14321,#14322);
#14321 = CARTESIAN_POINT('',(99.022723,-85.239366,1.56));
#14322 = VECTOR('',#14323,1.);
#14323 = DIRECTION('',(0.517711384414,0.855555329858,0.));
#14324 = ORIENTED_EDGE('',*,*,#14325,.T.);
#14325 = EDGE_CURVE('',#14318,#14326,#14328,.T.);
#14326 = VERTEX_POINT('',#14327);
#14327 = CARTESIAN_POINT('',(99.311303,-84.660548,1.56));
#14328 = LINE('',#14329,#14330);
#14329 = CARTESIAN_POINT('',(99.189287,-84.964107,1.56));
#14330 = VECTOR('',#14331,1.);
#14331 = DIRECTION('',(0.372951112968,0.927850994145,0.));
#14332 = ORIENTED_EDGE('',*,*,#14333,.T.);
#14333 = EDGE_CURVE('',#14326,#14334,#14336,.T.);
#14334 = VERTEX_POINT('',#14335);
#14335 = CARTESIAN_POINT('',(99.388677,-84.324028,1.56));
#14336 = LINE('',#14337,#14338);
#14337 = CARTESIAN_POINT('',(99.311303,-84.660548,1.56));
#14338 = VECTOR('',#14339,1.);
#14339 = DIRECTION('',(0.224077278888,0.974571379164,0.));
#14340 = ORIENTED_EDGE('',*,*,#14341,.T.);
#14341 = EDGE_CURVE('',#14334,#14342,#14344,.T.);
#14342 = VERTEX_POINT('',#14343);
#14343 = CARTESIAN_POINT('',(99.419007,-83.948848,1.56));
#14344 = LINE('',#14345,#14346);
#14345 = CARTESIAN_POINT('',(99.388677,-84.324028,1.56));
#14346 = VECTOR('',#14347,1.);
#14347 = DIRECTION('',(8.057832329654E-02,0.996748280066,0.));
#14348 = ORIENTED_EDGE('',*,*,#14349,.T.);
#14349 = EDGE_CURVE('',#14342,#14350,#14352,.T.);
#14350 = VERTEX_POINT('',#14351);
#14351 = CARTESIAN_POINT('',(99.391304,-83.483486,1.56));
#14352 = LINE('',#14353,#14354);
#14353 = CARTESIAN_POINT('',(99.419007,-83.948848,1.56));
#14354 = VECTOR('',#14355,1.);
#14355 = DIRECTION('',(-5.942479800128E-02,0.998232785167,0.));
#14356 = ORIENTED_EDGE('',*,*,#14357,.T.);
#14357 = EDGE_CURVE('',#14350,#14358,#14360,.T.);
#14358 = VERTEX_POINT('',#14359);
#14359 = CARTESIAN_POINT('',(99.299582,-83.083009,1.56));
#14360 = LINE('',#14361,#14362);
#14361 = CARTESIAN_POINT('',(99.391304,-83.483486,1.56));
#14362 = VECTOR('',#14363,1.);
#14363 = DIRECTION('',(-0.223251324939,0.974760917309,0.));
#14364 = ORIENTED_EDGE('',*,*,#14365,.T.);
#14365 = EDGE_CURVE('',#14358,#14366,#14368,.T.);
#14366 = VERTEX_POINT('',#14367);
#14367 = CARTESIAN_POINT('',(99.149118,-82.736488,1.56));
#14368 = LINE('',#14369,#14370);
#14369 = CARTESIAN_POINT('',(99.299582,-83.083009,1.56));
#14370 = VECTOR('',#14371,1.);
#14371 = DIRECTION('',(-0.39828682251,0.917260926354,0.));
#14372 = ORIENTED_EDGE('',*,*,#14373,.T.);
#14373 = EDGE_CURVE('',#14366,#14374,#14376,.T.);
#14374 = VERTEX_POINT('',#14375);
#14375 = CARTESIAN_POINT('',(98.989575,-82.505533,1.56));
#14376 = LINE('',#14377,#14378);
#14377 = CARTESIAN_POINT('',(99.149118,-82.736488,1.56));
#14378 = VECTOR('',#14379,1.);
#14379 = DIRECTION('',(-0.568369391322,0.822773501644,0.));
#14380 = ORIENTED_EDGE('',*,*,#14381,.T.);
#14381 = EDGE_CURVE('',#14374,#14382,#14384,.T.);
#14382 = VERTEX_POINT('',#14383);
#14383 = CARTESIAN_POINT('',(98.80945,-82.33366,1.56));
#14384 = LINE('',#14385,#14386);
#14385 = CARTESIAN_POINT('',(98.989575,-82.505533,1.56));
#14386 = VECTOR('',#14387,1.);
#14387 = DIRECTION('',(-0.723484925833,0.69034017853,0.));
#14388 = ORIENTED_EDGE('',*,*,#14389,.T.);
#14389 = EDGE_CURVE('',#14382,#14154,#14390,.T.);
#14390 = LINE('',#14391,#14392);
#14391 = CARTESIAN_POINT('',(98.80945,-82.33366,1.56));
#14392 = VECTOR('',#14393,1.);
#14393 = DIRECTION('',(-0.85854046951,0.512745806627,0.));
#14394 = FACE_BOUND('',#14395,.F.);
#14395 = EDGE_LOOP('',(#14396,#14406,#14414,#14422,#14430,#14438,#14446,
    #14454,#14462,#14470,#14478,#14486,#14494,#14502,#14510,#14518,
    #14526,#14534,#14542,#14550));
#14396 = ORIENTED_EDGE('',*,*,#14397,.T.);
#14397 = EDGE_CURVE('',#14398,#14400,#14402,.T.);
#14398 = VERTEX_POINT('',#14399);
#14399 = CARTESIAN_POINT('',(76.791745,-80.244603,1.56));
#14400 = VERTEX_POINT('',#14401);
#14401 = CARTESIAN_POINT('',(76.69179,-80.182684,1.56));
#14402 = LINE('',#14403,#14404);
#14403 = CARTESIAN_POINT('',(76.791745,-80.244603,1.56));
#14404 = VECTOR('',#14405,1.);
#14405 = DIRECTION('',(-0.850104881006,0.526613417308,0.));
#14406 = ORIENTED_EDGE('',*,*,#14407,.T.);
#14407 = EDGE_CURVE('',#14400,#14408,#14410,.T.);
#14408 = VERTEX_POINT('',#14409);
#14409 = CARTESIAN_POINT('',(76.538337,-80.15942,1.56));
#14410 = LINE('',#14411,#14412);
#14411 = CARTESIAN_POINT('',(76.69179,-80.182684,1.56));
#14412 = VECTOR('',#14413,1.);
#14413 = DIRECTION('',(-0.988702573994,0.149890694098,0.));
#14414 = ORIENTED_EDGE('',*,*,#14415,.T.);
#14415 = EDGE_CURVE('',#14408,#14416,#14418,.T.);
#14416 = VERTEX_POINT('',#14417);
#14417 = CARTESIAN_POINT('',(76.386866,-80.182568,1.56));
#14418 = LINE('',#14419,#14420);
#14419 = CARTESIAN_POINT('',(76.538337,-80.15942,1.56));
#14420 = VECTOR('',#14421,1.);
#14421 = DIRECTION('',(-0.988523454035,-0.151067471094,0.));
#14422 = ORIENTED_EDGE('',*,*,#14423,.T.);
#14423 = EDGE_CURVE('',#14416,#14424,#14426,.T.);
#14424 = VERTEX_POINT('',#14425);
#14425 = CARTESIAN_POINT('',(76.287973,-80.244299,1.56));
#14426 = LINE('',#14427,#14428);
#14427 = CARTESIAN_POINT('',(76.386866,-80.182568,1.56));
#14428 = VECTOR('',#14429,1.);
#14429 = DIRECTION('',(-0.848295506066,-0.529523119786,0.));
#14430 = ORIENTED_EDGE('',*,*,#14431,.T.);
#14431 = EDGE_CURVE('',#14424,#14432,#14434,.T.);
#14432 = VERTEX_POINT('',#14433);
#14433 = CARTESIAN_POINT('',(76.226828,-80.34527,1.56));
#14434 = LINE('',#14435,#14436);
#14435 = CARTESIAN_POINT('',(76.287973,-80.244299,1.56));
#14436 = VECTOR('',#14437,1.);
#14437 = DIRECTION('',(-0.517994708858,-0.855383821214,0.));
#14438 = ORIENTED_EDGE('',*,*,#14439,.T.);
#14439 = EDGE_CURVE('',#14432,#14440,#14442,.T.);
#14440 = VERTEX_POINT('',#14441);
#14441 = CARTESIAN_POINT('',(76.203724,-80.50136,1.56));
#14442 = LINE('',#14443,#14444);
#14443 = CARTESIAN_POINT('',(76.226828,-80.34527,1.56));
#14444 = VECTOR('',#14445,1.);
#14445 = DIRECTION('',(-0.14642187562,-0.989222237083,0.));
#14446 = ORIENTED_EDGE('',*,*,#14447,.T.);
#14447 = EDGE_CURVE('',#14440,#14448,#14450,.T.);
#14448 = VERTEX_POINT('',#14449);
#14449 = CARTESIAN_POINT('',(76.16953,-82.972487,1.56));
#14450 = LINE('',#14451,#14452);
#14451 = CARTESIAN_POINT('',(76.203724,-80.50136,1.56));
#14452 = VECTOR('',#14453,1.);
#14453 = DIRECTION('',(-1.383608646582E-02,-0.999904276774,0.));
#14454 = ORIENTED_EDGE('',*,*,#14455,.T.);
#14455 = EDGE_CURVE('',#14448,#14456,#14458,.T.);
#14456 = VERTEX_POINT('',#14457);
#14457 = CARTESIAN_POINT('',(76.094426,-85.457658,1.56));
#14458 = LINE('',#14459,#14460);
#14459 = CARTESIAN_POINT('',(76.16953,-82.972487,1.56));
#14460 = VECTOR('',#14461,1.);
#14461 = DIRECTION('',(-3.020706712851E-02,-0.999543662426,0.));
#14462 = ORIENTED_EDGE('',*,*,#14463,.T.);
#14463 = EDGE_CURVE('',#14456,#14464,#14466,.T.);
#14464 = VERTEX_POINT('',#14465);
#14465 = CARTESIAN_POINT('',(76.117733,-85.617409,1.56));
#14466 = LINE('',#14467,#14468);
#14467 = CARTESIAN_POINT('',(76.094426,-85.457658,1.56));
#14468 = VECTOR('',#14469,1.);
#14469 = DIRECTION('',(0.144367418197,-0.989524152592,0.));
#14470 = ORIENTED_EDGE('',*,*,#14471,.T.);
#14471 = EDGE_CURVE('',#14464,#14472,#14474,.T.);
#14472 = VERTEX_POINT('',#14473);
#14473 = CARTESIAN_POINT('',(76.179211,-85.720323,1.56));
#14474 = LINE('',#14475,#14476);
#14475 = CARTESIAN_POINT('',(76.117733,-85.617409,1.56));
#14476 = VECTOR('',#14477,1.);
#14477 = DIRECTION('',(0.512836249943,-0.858486447618,0.));
#14478 = ORIENTED_EDGE('',*,*,#14479,.T.);
#14479 = EDGE_CURVE('',#14472,#14480,#14482,.T.);
#14480 = VERTEX_POINT('',#14481);
#14481 = CARTESIAN_POINT('',(76.278142,-85.782922,1.56));
#14482 = LINE('',#14483,#14484);
#14483 = CARTESIAN_POINT('',(76.179211,-85.720323,1.56));
#14484 = VECTOR('',#14485,1.);
#14485 = DIRECTION('',(0.84504024116,-0.534702712561,0.));
#14486 = ORIENTED_EDGE('',*,*,#14487,.T.);
#14487 = EDGE_CURVE('',#14480,#14488,#14490,.T.);
#14488 = VERTEX_POINT('',#14489);
#14489 = CARTESIAN_POINT('',(76.429038,-85.806315,1.56));
#14490 = LINE('',#14491,#14492);
#14491 = CARTESIAN_POINT('',(76.278142,-85.782922,1.56));
#14492 = VECTOR('',#14493,1.);
#14493 = DIRECTION('',(0.988195621561,-0.153197302614,0.));
#14494 = ORIENTED_EDGE('',*,*,#14495,.T.);
#14495 = EDGE_CURVE('',#14488,#14496,#14498,.T.);
#14496 = VERTEX_POINT('',#14497);
#14497 = CARTESIAN_POINT('',(76.563557,-85.784595,1.56));
#14498 = LINE('',#14499,#14500);
#14499 = CARTESIAN_POINT('',(76.429038,-85.806315,1.56));
#14500 = VECTOR('',#14501,1.);
#14501 = DIRECTION('',(0.987214125491,0.159399719041,0.));
#14502 = ORIENTED_EDGE('',*,*,#14503,.T.);
#14503 = EDGE_CURVE('',#14496,#14504,#14506,.T.);
#14504 = VERTEX_POINT('',#14505);
#14505 = CARTESIAN_POINT('',(76.659317,-85.724423,1.56));
#14506 = LINE('',#14507,#14508);
#14507 = CARTESIAN_POINT('',(76.563557,-85.784595,1.56));
#14508 = VECTOR('',#14509,1.);
#14509 = DIRECTION('',(0.846716216616,0.532044780558,0.));
#14510 = ORIENTED_EDGE('',*,*,#14511,.T.);
#14511 = EDGE_CURVE('',#14504,#14512,#14514,.T.);
#14512 = VERTEX_POINT('',#14513);
#14513 = CARTESIAN_POINT('',(76.726303,-85.622854,1.56));
#14514 = LINE('',#14515,#14516);
#14515 = CARTESIAN_POINT('',(76.659317,-85.724423,1.56));
#14516 = VECTOR('',#14517,1.);
#14517 = DIRECTION('',(0.550558553149,0.834796549798,0.));
#14518 = ORIENTED_EDGE('',*,*,#14519,.T.);
#14519 = EDGE_CURVE('',#14512,#14520,#14522,.T.);
#14520 = VERTEX_POINT('',#14521);
#14521 = CARTESIAN_POINT('',(76.763651,-85.464375,1.56));
#14522 = LINE('',#14523,#14524);
#14523 = CARTESIAN_POINT('',(76.726303,-85.622854,1.56));
#14524 = VECTOR('',#14525,1.);
#14525 = DIRECTION('',(0.229381645965,0.973336560751,0.));
#14526 = ORIENTED_EDGE('',*,*,#14527,.T.);
#14527 = EDGE_CURVE('',#14520,#14528,#14530,.T.);
#14528 = VERTEX_POINT('',#14529);
#14529 = CARTESIAN_POINT('',(76.842419,-82.972487,1.56));
#14530 = LINE('',#14531,#14532);
#14531 = CARTESIAN_POINT('',(76.763651,-85.464375,1.56));
#14532 = VECTOR('',#14533,1.);
#14533 = DIRECTION('',(3.159398731502E-02,0.999500785375,0.));
#14534 = ORIENTED_EDGE('',*,*,#14535,.T.);
#14535 = EDGE_CURVE('',#14528,#14536,#14538,.T.);
#14536 = VERTEX_POINT('',#14537);
#14537 = CARTESIAN_POINT('',(76.876613,-80.50136,1.56));
#14538 = LINE('',#14539,#14540);
#14539 = CARTESIAN_POINT('',(76.842419,-82.972487,1.56));
#14540 = VECTOR('',#14541,1.);
#14541 = DIRECTION('',(1.383608646582E-02,0.999904276774,0.));
#14542 = ORIENTED_EDGE('',*,*,#14543,.T.);
#14543 = EDGE_CURVE('',#14536,#14544,#14546,.T.);
#14544 = VERTEX_POINT('',#14545);
#14545 = CARTESIAN_POINT('',(76.853372,-80.345597,1.56));
#14546 = LINE('',#14547,#14548);
#14547 = CARTESIAN_POINT('',(76.876613,-80.50136,1.56));
#14548 = VECTOR('',#14549,1.);
#14549 = DIRECTION('',(-0.147573784763,0.989051049264,0.));
#14550 = ORIENTED_EDGE('',*,*,#14551,.T.);
#14551 = EDGE_CURVE('',#14544,#14398,#14552,.T.);
#14552 = LINE('',#14553,#14554);
#14553 = CARTESIAN_POINT('',(76.853372,-80.345597,1.56));
#14554 = VECTOR('',#14555,1.);
#14555 = DIRECTION('',(-0.520886463467,0.853625967375,0.));
#14556 = FACE_BOUND('',#14557,.F.);
#14557 = EDGE_LOOP('',(#14558,#14568,#14576,#14584,#14592,#14600,#14608,
    #14616,#14624,#14632,#14640,#14648,#14656,#14664,#14672,#14680,
    #14688,#14696,#14704,#14712,#14720,#14728,#14736,#14744,#14753,
    #14761,#14769,#14777,#14785,#14793,#14801,#14809,#14817,#14825,
    #14833,#14841,#14849,#14857,#14865,#14873,#14881,#14889,#14897,
    #14905));
#14558 = ORIENTED_EDGE('',*,*,#14559,.T.);
#14559 = EDGE_CURVE('',#14560,#14562,#14564,.T.);
#14560 = VERTEX_POINT('',#14561);
#14561 = CARTESIAN_POINT('',(121.583151,-80.279639,1.56));
#14562 = VERTEX_POINT('',#14563);
#14563 = CARTESIAN_POINT('',(121.491219,-80.220504,1.56));
#14564 = LINE('',#14565,#14566);
#14565 = CARTESIAN_POINT('',(121.583151,-80.279639,1.56));
#14566 = VECTOR('',#14567,1.);
#14567 = DIRECTION('',(-0.841029228918,0.54098968207,0.));
#14568 = ORIENTED_EDGE('',*,*,#14569,.T.);
#14569 = EDGE_CURVE('',#14562,#14570,#14572,.T.);
#14570 = VERTEX_POINT('',#14571);
#14571 = CARTESIAN_POINT('',(121.351709,-80.198499,1.56));
#14572 = LINE('',#14573,#14574);
#14573 = CARTESIAN_POINT('',(121.491219,-80.220504,1.56));
#14574 = VECTOR('',#14575,1.);
#14575 = DIRECTION('',(-0.987787925462,0.155804410435,0.));
#14576 = ORIENTED_EDGE('',*,*,#14577,.T.);
#14577 = EDGE_CURVE('',#14570,#14578,#14580,.T.);
#14578 = VERTEX_POINT('',#14579);
#14579 = CARTESIAN_POINT('',(121.200025,-80.231906,1.56));
#14580 = LINE('',#14581,#14582);
#14581 = CARTESIAN_POINT('',(121.351709,-80.198499,1.56));
#14582 = VECTOR('',#14583,1.);
#14583 = DIRECTION('',(-0.97659510072,-0.215086050801,0.));
#14584 = ORIENTED_EDGE('',*,*,#14585,.T.);
#14585 = EDGE_CURVE('',#14578,#14586,#14588,.T.);
#14586 = VERTEX_POINT('',#14587);
#14587 = CARTESIAN_POINT('',(121.099469,-80.327544,1.56));
#14588 = LINE('',#14589,#14590);
#14589 = CARTESIAN_POINT('',(121.200025,-80.231906,1.56));
#14590 = VECTOR('',#14591,1.);
#14591 = DIRECTION('',(-0.724604226027,-0.689165231003,0.));
#14592 = ORIENTED_EDGE('',*,*,#14593,.T.);
#14593 = EDGE_CURVE('',#14586,#14594,#14596,.T.);
#14594 = VERTEX_POINT('',#14595);
#14595 = CARTESIAN_POINT('',(121.04091,-80.504719,1.56));
#14596 = LINE('',#14597,#14598);
#14597 = CARTESIAN_POINT('',(121.099469,-80.327544,1.56));
#14598 = VECTOR('',#14599,1.);
#14599 = DIRECTION('',(-0.313818406871,-0.94948302118,0.));
#14600 = ORIENTED_EDGE('',*,*,#14601,.T.);
#14601 = EDGE_CURVE('',#14594,#14602,#14604,.T.);
#14602 = VERTEX_POINT('',#14603);
#14603 = CARTESIAN_POINT('',(120.987533,-81.124062,1.56));
#14604 = LINE('',#14605,#14606);
#14605 = CARTESIAN_POINT('',(121.04091,-80.504719,1.56));
#14606 = VECTOR('',#14607,1.);
#14607 = DIRECTION('',(-8.586496850992E-02,-0.996306783668,0.));
#14608 = ORIENTED_EDGE('',*,*,#14609,.T.);
#14609 = EDGE_CURVE('',#14602,#14610,#14612,.T.);
#14610 = VERTEX_POINT('',#14611);
#14611 = CARTESIAN_POINT('',(120.928253,-82.452555,1.56));
#14612 = LINE('',#14613,#14614);
#14613 = CARTESIAN_POINT('',(120.987533,-81.124062,1.56));
#14614 = VECTOR('',#14615,1.);
#14615 = DIRECTION('',(-4.457763129592E-02,-0.9990059233,0.));
#14616 = ORIENTED_EDGE('',*,*,#14617,.T.);
#14617 = EDGE_CURVE('',#14610,#14618,#14620,.T.);
#14618 = VERTEX_POINT('',#14619);
#14619 = CARTESIAN_POINT('',(120.607074,-82.216861,1.56));
#14620 = LINE('',#14621,#14622);
#14621 = CARTESIAN_POINT('',(120.928253,-82.452555,1.56));
#14622 = VECTOR('',#14623,1.);
#14623 = DIRECTION('',(-0.806210153659,0.591629265788,0.));
#14624 = ORIENTED_EDGE('',*,*,#14625,.T.);
#14625 = EDGE_CURVE('',#14618,#14626,#14628,.T.);
#14626 = VERTEX_POINT('',#14627);
#14627 = CARTESIAN_POINT('',(120.458037,-82.152961,1.56));
#14628 = LINE('',#14629,#14630);
#14629 = CARTESIAN_POINT('',(120.607074,-82.216861,1.56));
#14630 = VECTOR('',#14631,1.);
#14631 = DIRECTION('',(-0.919084733247,0.394059961315,0.));
#14632 = ORIENTED_EDGE('',*,*,#14633,.T.);
#14633 = EDGE_CURVE('',#14626,#14634,#14636,.T.);
#14634 = VERTEX_POINT('',#14635);
#14635 = CARTESIAN_POINT('',(120.25871,-82.109927,1.56));
#14636 = LINE('',#14637,#14638);
#14637 = CARTESIAN_POINT('',(120.458037,-82.152961,1.56));
#14638 = VECTOR('',#14639,1.);
#14639 = DIRECTION('',(-0.977478674672,0.211034216568,0.));
#14640 = ORIENTED_EDGE('',*,*,#14641,.T.);
#14641 = EDGE_CURVE('',#14634,#14642,#14644,.T.);
#14642 = VERTEX_POINT('',#14643);
#14643 = CARTESIAN_POINT('',(119.995856,-82.093824,1.56));
#14644 = LINE('',#14645,#14646);
#14645 = CARTESIAN_POINT('',(120.25871,-82.109927,1.56));
#14646 = VECTOR('',#14647,1.);
#14647 = DIRECTION('',(-0.998128740318,6.114750814268E-02,0.));
#14648 = ORIENTED_EDGE('',*,*,#14649,.T.);
#14649 = EDGE_CURVE('',#14642,#14650,#14652,.T.);
#14650 = VERTEX_POINT('',#14651);
#14651 = CARTESIAN_POINT('',(119.62017,-82.129656,1.56));
#14652 = LINE('',#14653,#14654);
#14653 = CARTESIAN_POINT('',(119.995856,-82.093824,1.56));
#14654 = VECTOR('',#14655,1.);
#14655 = DIRECTION('',(-0.995482363093,-9.494664170172E-02,0.));
#14656 = ORIENTED_EDGE('',*,*,#14657,.T.);
#14657 = EDGE_CURVE('',#14650,#14658,#14660,.T.);
#14658 = VERTEX_POINT('',#14659);
#14659 = CARTESIAN_POINT('',(119.291498,-82.233012,1.56));
#14660 = LINE('',#14661,#14662);
#14661 = CARTESIAN_POINT('',(119.62017,-82.129656,1.56));
#14662 = VECTOR('',#14663,1.);
#14663 = DIRECTION('',(-0.953944651918,-0.29998266796,0.));
#14664 = ORIENTED_EDGE('',*,*,#14665,.T.);
#14665 = EDGE_CURVE('',#14658,#14666,#14668,.T.);
#14666 = VERTEX_POINT('',#14667);
#14667 = CARTESIAN_POINT('',(119.000385,-82.402423,1.56));
#14668 = LINE('',#14669,#14670);
#14669 = CARTESIAN_POINT('',(119.291498,-82.233012,1.56));
#14670 = VECTOR('',#14671,1.);
#14671 = DIRECTION('',(-0.864301663672,-0.502973790742,0.));
#14672 = ORIENTED_EDGE('',*,*,#14673,.T.);
#14673 = EDGE_CURVE('',#14666,#14674,#14676,.T.);
#14674 = VERTEX_POINT('',#14675);
#14675 = CARTESIAN_POINT('',(118.740448,-82.642759,1.56));
#14676 = LINE('',#14677,#14678);
#14677 = CARTESIAN_POINT('',(119.000385,-82.402423,1.56));
#14678 = VECTOR('',#14679,1.);
#14679 = DIRECTION('',(-0.73424829087,-0.67888102592,0.));
#14680 = ORIENTED_EDGE('',*,*,#14681,.T.);
#14681 = EDGE_CURVE('',#14674,#14682,#14684,.T.);
#14682 = VERTEX_POINT('',#14683);
#14683 = CARTESIAN_POINT('',(118.535171,-82.929015,1.56));
#14684 = LINE('',#14685,#14686);
#14685 = CARTESIAN_POINT('',(118.740448,-82.642759,1.56));
#14686 = VECTOR('',#14687,1.);
#14687 = DIRECTION('',(-0.582756863519,-0.812646564025,0.));
#14688 = ORIENTED_EDGE('',*,*,#14689,.T.);
#14689 = EDGE_CURVE('',#14682,#14690,#14692,.T.);
#14690 = VERTEX_POINT('',#14691);
#14691 = CARTESIAN_POINT('',(118.384902,-83.261444,1.56));
#14692 = LINE('',#14693,#14694);
#14693 = CARTESIAN_POINT('',(118.535171,-82.929015,1.56));
#14694 = VECTOR('',#14695,1.);
#14695 = DIRECTION('',(-0.411904929898,-0.911226826166,0.));
#14696 = ORIENTED_EDGE('',*,*,#14697,.T.);
#14697 = EDGE_CURVE('',#14690,#14698,#14700,.T.);
#14698 = VERTEX_POINT('',#14699);
#14699 = CARTESIAN_POINT('',(118.290483,-83.6487,1.56));
#14700 = LINE('',#14701,#14702);
#14701 = CARTESIAN_POINT('',(118.384902,-83.261444,1.56));
#14702 = VECTOR('',#14703,1.);
#14703 = DIRECTION('',(-0.236876421062,-0.97153978876,0.));
#14704 = ORIENTED_EDGE('',*,*,#14705,.T.);
#14705 = EDGE_CURVE('',#14698,#14706,#14708,.T.);
#14706 = VERTEX_POINT('',#14707);
#14707 = CARTESIAN_POINT('',(118.257826,-84.092646,1.56));
#14708 = LINE('',#14709,#14710);
#14709 = CARTESIAN_POINT('',(118.290483,-83.6487,1.56));
#14710 = VECTOR('',#14711,1.);
#14711 = DIRECTION('',(-7.336252711491E-02,-0.997305339209,0.));
#14712 = ORIENTED_EDGE('',*,*,#14713,.T.);
#14713 = EDGE_CURVE('',#14706,#14714,#14716,.T.);
#14714 = VERTEX_POINT('',#14715);
#14715 = CARTESIAN_POINT('',(118.288855,-84.471764,1.56));
#14716 = LINE('',#14717,#14718);
#14717 = CARTESIAN_POINT('',(118.257826,-84.092646,1.56));
#14718 = VECTOR('',#14719,1.);
#14719 = DIRECTION('',(8.157247386879E-02,-0.996667412684,0.));
#14720 = ORIENTED_EDGE('',*,*,#14721,.T.);
#14721 = EDGE_CURVE('',#14714,#14722,#14724,.T.);
#14722 = VERTEX_POINT('',#14723);
#14723 = CARTESIAN_POINT('',(118.37997,-84.795484,1.56));
#14724 = LINE('',#14725,#14726);
#14725 = CARTESIAN_POINT('',(118.288855,-84.471764,1.56));
#14726 = VECTOR('',#14727,1.);
#14727 = DIRECTION('',(0.270935017764,-0.9625976398,0.));
#14728 = ORIENTED_EDGE('',*,*,#14729,.T.);
#14729 = EDGE_CURVE('',#14722,#14730,#14732,.T.);
#14730 = VERTEX_POINT('',#14731);
#14731 = CARTESIAN_POINT('',(118.528012,-85.081449,1.56));
#14732 = LINE('',#14733,#14734);
#14733 = CARTESIAN_POINT('',(118.37997,-84.795484,1.56));
#14734 = VECTOR('',#14735,1.);
#14735 = DIRECTION('',(0.459739108151,-0.88805402563,0.));
#14736 = ORIENTED_EDGE('',*,*,#14737,.T.);
#14737 = EDGE_CURVE('',#14730,#14738,#14740,.T.);
#14738 = VERTEX_POINT('',#14739);
#14739 = CARTESIAN_POINT('',(118.735258,-85.335842,1.56));
#14740 = LINE('',#14741,#14742);
#14741 = CARTESIAN_POINT('',(118.528012,-85.081449,1.56));
#14742 = VECTOR('',#14743,1.);
#14743 = DIRECTION('',(0.631604841063,-0.775290477657,0.));
#14744 = ORIENTED_EDGE('',*,*,#14745,.T.);
#14745 = EDGE_CURVE('',#14738,#14746,#14748,.T.);
#14746 = VERTEX_POINT('',#14747);
#14747 = CARTESIAN_POINT('',(119.561274,-85.775557,1.56));
#14748 = CIRCLE('',#14749,1.535799079109);
#14749 = AXIS2_PLACEMENT_3D('',#14750,#14751,#14752);
#14750 = CARTESIAN_POINT('',(119.8356330495,-84.2644627199,1.56));
#14751 = DIRECTION('',(0.,0.,1.));
#14752 = DIRECTION('',(-0.716483727898,-0.697603804217,0.));
#14753 = ORIENTED_EDGE('',*,*,#14754,.T.);
#14754 = EDGE_CURVE('',#14746,#14755,#14757,.T.);
#14755 = VERTEX_POINT('',#14756);
#14756 = CARTESIAN_POINT('',(119.907013,-85.806315,1.56));
#14757 = LINE('',#14758,#14759);
#14758 = CARTESIAN_POINT('',(119.561274,-85.775557,1.56));
#14759 = VECTOR('',#14760,1.);
#14760 = DIRECTION('',(0.996066122273,-8.861309192442E-02,0.));
#14761 = ORIENTED_EDGE('',*,*,#14762,.T.);
#14762 = EDGE_CURVE('',#14755,#14763,#14765,.T.);
#14763 = VERTEX_POINT('',#14764);
#14764 = CARTESIAN_POINT('',(120.188934,-85.783064,1.56));
#14765 = LINE('',#14766,#14767);
#14766 = CARTESIAN_POINT('',(119.907013,-85.806315,1.56));
#14767 = VECTOR('',#14768,1.);
#14768 = DIRECTION('',(0.996616316077,8.219439475988E-02,0.));
#14769 = ORIENTED_EDGE('',*,*,#14770,.T.);
#14770 = EDGE_CURVE('',#14763,#14771,#14773,.T.);
#14771 = VERTEX_POINT('',#14772);
#14772 = CARTESIAN_POINT('',(120.458391,-85.713808,1.56));
#14773 = LINE('',#14774,#14775);
#14774 = CARTESIAN_POINT('',(120.188934,-85.783064,1.56));
#14775 = VECTOR('',#14776,1.);
#14776 = DIRECTION('',(0.968521485586,0.248929974006,0.));
#14777 = ORIENTED_EDGE('',*,*,#14778,.T.);
#14778 = EDGE_CURVE('',#14771,#14779,#14781,.T.);
#14779 = VERTEX_POINT('',#14780);
#14780 = CARTESIAN_POINT('',(120.71578,-85.60066,1.56));
#14781 = LINE('',#14782,#14783);
#14782 = CARTESIAN_POINT('',(120.458391,-85.713808,1.56));
#14783 = VECTOR('',#14784,1.);
#14784 = DIRECTION('',(0.915450234756,0.402431196213,0.));
#14785 = ORIENTED_EDGE('',*,*,#14786,.T.);
#14786 = EDGE_CURVE('',#14779,#14787,#14789,.T.);
#14787 = VERTEX_POINT('',#14788);
#14788 = CARTESIAN_POINT('',(120.969164,-85.440561,1.56));
#14789 = LINE('',#14790,#14791);
#14790 = CARTESIAN_POINT('',(120.71578,-85.60066,1.56));
#14791 = VECTOR('',#14792,1.);
#14792 = DIRECTION('',(0.84538796377,0.534152778438,0.));
#14793 = ORIENTED_EDGE('',*,*,#14794,.T.);
#14794 = EDGE_CURVE('',#14787,#14795,#14797,.T.);
#14795 = VERTEX_POINT('',#14796);
#14796 = CARTESIAN_POINT('',(121.05689,-85.624303,1.56));
#14797 = LINE('',#14798,#14799);
#14798 = CARTESIAN_POINT('',(120.969164,-85.440561,1.56));
#14799 = VECTOR('',#14800,1.);
#14800 = DIRECTION('',(0.430853405298,-0.902421931883,0.));
#14801 = ORIENTED_EDGE('',*,*,#14802,.T.);
#14802 = EDGE_CURVE('',#14795,#14803,#14805,.T.);
#14803 = VERTEX_POINT('',#14804);
#14804 = CARTESIAN_POINT('',(121.159133,-85.717938,1.56));
#14805 = LINE('',#14806,#14807);
#14806 = CARTESIAN_POINT('',(121.05689,-85.624303,1.56));
#14807 = VECTOR('',#14808,1.);
#14808 = DIRECTION('',(0.737469332084,-0.675380621751,0.));
#14809 = ORIENTED_EDGE('',*,*,#14810,.T.);
#14810 = EDGE_CURVE('',#14803,#14811,#14813,.T.);
#14811 = VERTEX_POINT('',#14812);
#14812 = CARTESIAN_POINT('',(121.279963,-85.747697,1.56));
#14813 = LINE('',#14814,#14815);
#14814 = CARTESIAN_POINT('',(121.159133,-85.717938,1.56));
#14815 = VECTOR('',#14816,1.);
#14816 = DIRECTION('',(0.970984599569,-0.239142023492,0.));
#14817 = ORIENTED_EDGE('',*,*,#14818,.T.);
#14818 = EDGE_CURVE('',#14811,#14819,#14821,.T.);
#14819 = VERTEX_POINT('',#14820);
#14820 = CARTESIAN_POINT('',(121.39846,-85.725653,1.56));
#14821 = LINE('',#14822,#14823);
#14822 = CARTESIAN_POINT('',(121.279963,-85.747697,1.56));
#14823 = VECTOR('',#14824,1.);
#14824 = DIRECTION('',(0.983132963826,0.182892250897,0.));
#14825 = ORIENTED_EDGE('',*,*,#14826,.T.);
#14826 = EDGE_CURVE('',#14819,#14827,#14829,.T.);
#14827 = VERTEX_POINT('',#14828);
#14828 = CARTESIAN_POINT('',(121.502224,-85.658853,1.56));
#14829 = LINE('',#14830,#14831);
#14830 = CARTESIAN_POINT('',(121.39846,-85.725653,1.56));
#14831 = VECTOR('',#14832,1.);
#14832 = DIRECTION('',(0.840829712893,0.541299726507,0.));
#14833 = ORIENTED_EDGE('',*,*,#14834,.T.);
#14834 = EDGE_CURVE('',#14827,#14835,#14837,.T.);
#14835 = VERTEX_POINT('',#14836);
#14836 = CARTESIAN_POINT('',(121.5736,-85.558718,1.56));
#14837 = LINE('',#14838,#14839);
#14838 = CARTESIAN_POINT('',(121.502224,-85.658853,1.56));
#14839 = VECTOR('',#14840,1.);
#14840 = DIRECTION('',(0.580435582261,0.814306167756,0.));
#14841 = ORIENTED_EDGE('',*,*,#14842,.T.);
#14842 = EDGE_CURVE('',#14835,#14843,#14845,.T.);
#14843 = VERTEX_POINT('',#14844);
#14844 = CARTESIAN_POINT('',(121.597784,-85.433234,1.56));
#14845 = LINE('',#14846,#14847);
#14846 = CARTESIAN_POINT('',(121.5736,-85.558718,1.56));
#14847 = VECTOR('',#14848,1.);
#14848 = DIRECTION('',(0.189243256863,0.981930236693,0.));
#14849 = ORIENTED_EDGE('',*,*,#14850,.T.);
#14850 = EDGE_CURVE('',#14843,#14851,#14853,.T.);
#14851 = VERTEX_POINT('',#14852);
#14852 = CARTESIAN_POINT('',(121.516038,-84.703359,1.56));
#14853 = LINE('',#14854,#14855);
#14854 = CARTESIAN_POINT('',(121.597784,-85.433234,1.56));
#14855 = VECTOR('',#14856,1.);
#14856 = DIRECTION('',(-0.111304076447,0.993786396851,0.));
#14857 = ORIENTED_EDGE('',*,*,#14858,.T.);
#14858 = EDGE_CURVE('',#14851,#14859,#14861,.T.);
#14859 = VERTEX_POINT('',#14860);
#14860 = CARTESIAN_POINT('',(121.485127,-83.634691,1.56));
#14861 = LINE('',#14862,#14863);
#14862 = CARTESIAN_POINT('',(121.516038,-84.703359,1.56));
#14863 = VECTOR('',#14864,1.);
#14864 = DIRECTION('',(-2.891270007411E-02,0.9995819405,0.));
#14865 = ORIENTED_EDGE('',*,*,#14866,.T.);
#14866 = EDGE_CURVE('',#14859,#14867,#14869,.T.);
#14867 = VERTEX_POINT('',#14868);
#14868 = CARTESIAN_POINT('',(121.495345,-83.132318,1.56));
#14869 = LINE('',#14870,#14871);
#14870 = CARTESIAN_POINT('',(121.485127,-83.634691,1.56));
#14871 = VECTOR('',#14872,1.);
#14872 = DIRECTION('',(2.033526302753E-02,0.999793217159,0.));
#14873 = ORIENTED_EDGE('',*,*,#14874,.T.);
#14874 = EDGE_CURVE('',#14867,#14875,#14877,.T.);
#14875 = VERTEX_POINT('',#14876);
#14876 = CARTESIAN_POINT('',(121.526038,-82.629326,1.56));
#14877 = LINE('',#14878,#14879);
#14878 = CARTESIAN_POINT('',(121.495345,-83.132318,1.56));
#14879 = VECTOR('',#14880,1.);
#14880 = DIRECTION('',(6.090756058939E-02,0.99814341107,0.));
#14881 = ORIENTED_EDGE('',*,*,#14882,.T.);
#14882 = EDGE_CURVE('',#14875,#14883,#14885,.T.);
#14883 = VERTEX_POINT('',#14884);
#14884 = CARTESIAN_POINT('',(121.637667,-81.14474,1.56));
#14885 = LINE('',#14886,#14887);
#14886 = CARTESIAN_POINT('',(121.526038,-82.629326,1.56));
#14887 = VECTOR('',#14888,1.);
#14888 = DIRECTION('',(7.498034180232E-02,0.997185012093,0.));
#14889 = ORIENTED_EDGE('',*,*,#14890,.T.);
#14890 = EDGE_CURVE('',#14883,#14891,#14893,.T.);
#14891 = VERTEX_POINT('',#14892);
#14892 = CARTESIAN_POINT('',(121.662508,-80.530059,1.56));
#14893 = LINE('',#14894,#14895);
#14894 = CARTESIAN_POINT('',(121.637667,-81.14474,1.56));
#14895 = VECTOR('',#14896,1.);
#14896 = DIRECTION('',(4.037987133196E-02,0.999184400394,0.));
#14897 = ORIENTED_EDGE('',*,*,#14898,.T.);
#14898 = EDGE_CURVE('',#14891,#14899,#14901,.T.);
#14899 = VERTEX_POINT('',#14900);
#14900 = CARTESIAN_POINT('',(121.64063,-80.37746,1.56));
#14901 = LINE('',#14902,#14903);
#14902 = CARTESIAN_POINT('',(121.662508,-80.530059,1.56));
#14903 = VECTOR('',#14904,1.);
#14904 = DIRECTION('',(-0.14191809718,0.989878403488,0.));
#14905 = ORIENTED_EDGE('',*,*,#14906,.T.);
#14906 = EDGE_CURVE('',#14899,#14560,#14907,.T.);
#14907 = LINE('',#14908,#14909);
#14908 = CARTESIAN_POINT('',(121.64063,-80.37746,1.56));
#14909 = VECTOR('',#14910,1.);
#14910 = DIRECTION('',(-0.506609082473,0.862175873912,0.));
#14911 = FACE_BOUND('',#14912,.F.);
#14912 = EDGE_LOOP('',(#14913,#14923,#14931,#14939,#14947,#14955,#14963,
    #14971,#14979,#14987,#14995,#15003,#15011,#15019,#15027,#15035,
    #15043,#15051,#15059,#15067,#15075,#15083,#15091,#15099,#15107,
    #15115,#15123,#15131,#15139,#15147,#15155,#15163,#15171,#15179,
    #15187,#15195,#15203,#15211,#15220,#15228,#15236,#15244,#15252,
    #15260,#15268,#15276,#15284,#15292,#15300,#15308,#15316,#15324,
    #15332,#15340));
#14913 = ORIENTED_EDGE('',*,*,#14914,.T.);
#14914 = EDGE_CURVE('',#14915,#14917,#14919,.T.);
#14915 = VERTEX_POINT('',#14916);
#14916 = CARTESIAN_POINT('',(124.670478,-82.163705,1.56));
#14917 = VERTEX_POINT('',#14918);
#14918 = CARTESIAN_POINT('',(124.366042,-82.098072,1.56));
#14919 = LINE('',#14920,#14921);
#14920 = CARTESIAN_POINT('',(124.670478,-82.163705,1.56));
#14921 = VECTOR('',#14922,1.);
#14922 = DIRECTION('',(-0.977540672648,0.210746846522,0.));
#14923 = ORIENTED_EDGE('',*,*,#14924,.T.);
#14924 = EDGE_CURVE('',#14917,#14925,#14927,.T.);
#14925 = VERTEX_POINT('',#14926);
#14926 = CARTESIAN_POINT('',(123.991364,-82.074284,1.56));
#14927 = LINE('',#14928,#14929);
#14928 = CARTESIAN_POINT('',(124.366042,-82.098072,1.56));
#14929 = VECTOR('',#14930,1.);
#14930 = DIRECTION('',(-0.997990634431,6.33616097338E-02,0.));
#14931 = ORIENTED_EDGE('',*,*,#14932,.T.);
#14932 = EDGE_CURVE('',#14925,#14933,#14935,.T.);
#14933 = VERTEX_POINT('',#14934);
#14934 = CARTESIAN_POINT('',(123.687559,-82.101195,1.56));
#14935 = LINE('',#14936,#14937);
#14936 = CARTESIAN_POINT('',(123.991364,-82.074284,1.56));
#14937 = VECTOR('',#14938,1.);
#14938 = DIRECTION('',(-0.996099742727,-8.823436143755E-02,0.));
#14939 = ORIENTED_EDGE('',*,*,#14940,.T.);
#14940 = EDGE_CURVE('',#14933,#14941,#14943,.T.);
#14941 = VERTEX_POINT('',#14942);
#14942 = CARTESIAN_POINT('',(123.415991,-82.179313,1.56));
#14943 = LINE('',#14944,#14945);
#14944 = CARTESIAN_POINT('',(123.687559,-82.101195,1.56));
#14945 = VECTOR('',#14946,1.);
#14946 = DIRECTION('',(-0.96102963721,-0.276445358804,0.));
#14947 = ORIENTED_EDGE('',*,*,#14948,.T.);
#14948 = EDGE_CURVE('',#14941,#14949,#14951,.T.);
#14949 = VERTEX_POINT('',#14950);
#14950 = CARTESIAN_POINT('',(123.170395,-82.307685,1.56));
#14951 = LINE('',#14952,#14953);
#14952 = CARTESIAN_POINT('',(123.415991,-82.179313,1.56));
#14953 = VECTOR('',#14954,1.);
#14954 = DIRECTION('',(-0.886236891395,-0.463232309248,0.));
#14955 = ORIENTED_EDGE('',*,*,#14956,.T.);
#14956 = EDGE_CURVE('',#14949,#14957,#14959,.T.);
#14957 = VERTEX_POINT('',#14958);
#14958 = CARTESIAN_POINT('',(122.946253,-82.489328,1.56));
#14959 = LINE('',#14960,#14961);
#14960 = CARTESIAN_POINT('',(123.170395,-82.307685,1.56));
#14961 = VECTOR('',#14962,1.);
#14962 = DIRECTION('',(-0.776914703483,-0.629605863626,0.));
#14963 = ORIENTED_EDGE('',*,*,#14964,.T.);
#14964 = EDGE_CURVE('',#14957,#14965,#14967,.T.);
#14965 = VERTEX_POINT('',#14966);
#14966 = CARTESIAN_POINT('',(122.741146,-82.730992,1.56));
#14967 = LINE('',#14968,#14969);
#14968 = CARTESIAN_POINT('',(122.946253,-82.489328,1.56));
#14969 = VECTOR('',#14970,1.);
#14970 = DIRECTION('',(-0.647085220936,-0.762417678734,0.));
#14971 = ORIENTED_EDGE('',*,*,#14972,.T.);
#14972 = EDGE_CURVE('',#14965,#14973,#14975,.T.);
#14973 = VERTEX_POINT('',#14974);
#14974 = CARTESIAN_POINT('',(122.557473,-83.040309,1.56));
#14975 = LINE('',#14976,#14977);
#14976 = CARTESIAN_POINT('',(122.741146,-82.730992,1.56));
#14977 = VECTOR('',#14978,1.);
#14978 = DIRECTION('',(-0.510571701776,-0.859835180337,0.));
#14979 = ORIENTED_EDGE('',*,*,#14980,.T.);
#14980 = EDGE_CURVE('',#14973,#14981,#14983,.T.);
#14981 = VERTEX_POINT('',#14982);
#14982 = CARTESIAN_POINT('',(122.423364,-83.387527,1.56));
#14983 = LINE('',#14984,#14985);
#14984 = CARTESIAN_POINT('',(122.557473,-83.040309,1.56));
#14985 = VECTOR('',#14986,1.);
#14986 = DIRECTION('',(-0.360297801916,-0.932837335195,0.));
#14987 = ORIENTED_EDGE('',*,*,#14988,.T.);
#14988 = EDGE_CURVE('',#14981,#14989,#14991,.T.);
#14989 = VERTEX_POINT('',#14990);
#14990 = CARTESIAN_POINT('',(122.339818,-83.778992,1.56));
#14991 = LINE('',#14992,#14993);
#14992 = CARTESIAN_POINT('',(122.423364,-83.387527,1.56));
#14993 = VECTOR('',#14994,1.);
#14994 = DIRECTION('',(-0.208718439575,-0.977975773208,0.));
#14995 = ORIENTED_EDGE('',*,*,#14996,.T.);
#14996 = EDGE_CURVE('',#14989,#14997,#14999,.T.);
#14997 = VERTEX_POINT('',#14998);
#14998 = CARTESIAN_POINT('',(122.310668,-84.2224,1.56));
#14999 = LINE('',#15000,#15001);
#15000 = CARTESIAN_POINT('',(122.339818,-83.778992,1.56));
#15001 = VECTOR('',#15002,1.);
#15002 = DIRECTION('',(-6.559920530764E-02,-0.997846052386,0.));
#15003 = ORIENTED_EDGE('',*,*,#15004,.T.);
#15004 = EDGE_CURVE('',#14997,#15005,#15007,.T.);
#15005 = VERTEX_POINT('',#15006);
#15006 = CARTESIAN_POINT('',(122.345882,-84.598916,1.56));
#15007 = LINE('',#15008,#15009);
#15008 = CARTESIAN_POINT('',(122.310668,-84.2224,1.56));
#15009 = VECTOR('',#15010,1.);
#15010 = DIRECTION('',(9.311952996381E-02,-0.995654936782,0.));
#15011 = ORIENTED_EDGE('',*,*,#15012,.T.);
#15012 = EDGE_CURVE('',#15005,#15013,#15015,.T.);
#15013 = VERTEX_POINT('',#15014);
#15014 = CARTESIAN_POINT('',(122.445897,-84.916915,1.56));
#15015 = LINE('',#15016,#15017);
#15016 = CARTESIAN_POINT('',(122.345882,-84.598916,1.56));
#15017 = VECTOR('',#15018,1.);
#15018 = DIRECTION('',(0.300024407326,-0.953931525325,0.));
#15019 = ORIENTED_EDGE('',*,*,#15020,.T.);
#15020 = EDGE_CURVE('',#15013,#15021,#15023,.T.);
#15021 = VERTEX_POINT('',#15022);
#15022 = CARTESIAN_POINT('',(122.607264,-85.187943,1.56));
#15023 = LINE('',#15024,#15025);
#15024 = CARTESIAN_POINT('',(122.445897,-84.916915,1.56));
#15025 = VECTOR('',#15026,1.);
#15026 = DIRECTION('',(0.511579387155,-0.859236015678,0.));
#15027 = ORIENTED_EDGE('',*,*,#15028,.T.);
#15028 = EDGE_CURVE('',#15021,#15029,#15031,.T.);
#15029 = VERTEX_POINT('',#15030);
#15030 = CARTESIAN_POINT('',(122.833347,-85.419801,1.56));
#15031 = LINE('',#15032,#15033);
#15032 = CARTESIAN_POINT('',(122.607264,-85.187943,1.56));
#15033 = VECTOR('',#15034,1.);
#15034 = DIRECTION('',(0.698134091964,-0.715967031111,0.));
#15035 = ORIENTED_EDGE('',*,*,#15036,.T.);
#15036 = EDGE_CURVE('',#15029,#15037,#15039,.T.);
#15037 = VERTEX_POINT('',#15038);
#15038 = CARTESIAN_POINT('',(123.080776,-85.58361,1.56));
#15039 = LINE('',#15040,#15041);
#15040 = CARTESIAN_POINT('',(122.833347,-85.419801,1.56));
#15041 = VECTOR('',#15042,1.);
#15042 = DIRECTION('',(0.833824834372,-0.55202911661,0.));
#15043 = ORIENTED_EDGE('',*,*,#15044,.T.);
#15044 = EDGE_CURVE('',#15037,#15045,#15047,.T.);
#15045 = VERTEX_POINT('',#15046);
#15046 = CARTESIAN_POINT('',(123.366653,-85.703948,1.56));
#15047 = LINE('',#15048,#15049);
#15048 = CARTESIAN_POINT('',(123.080776,-85.58361,1.56));
#15049 = VECTOR('',#15050,1.);
#15050 = DIRECTION('',(0.92167141943,-0.387971383747,0.));
#15051 = ORIENTED_EDGE('',*,*,#15052,.T.);
#15052 = EDGE_CURVE('',#15045,#15053,#15055,.T.);
#15053 = VERTEX_POINT('',#15054);
#15054 = CARTESIAN_POINT('',(123.697937,-85.779629,1.56));
#15055 = LINE('',#15056,#15057);
#15056 = CARTESIAN_POINT('',(123.366653,-85.703948,1.56));
#15057 = VECTOR('',#15058,1.);
#15058 = DIRECTION('',(0.974884744814,-0.222709978062,0.));
#15059 = ORIENTED_EDGE('',*,*,#15060,.T.);
#15060 = EDGE_CURVE('',#15053,#15061,#15063,.T.);
#15061 = VERTEX_POINT('',#15062);
#15062 = CARTESIAN_POINT('',(124.08326,-85.806315,1.56));
#15063 = LINE('',#15064,#15065);
#15064 = CARTESIAN_POINT('',(123.697937,-85.779629,1.56));
#15065 = VECTOR('',#15066,1.);
#15066 = DIRECTION('',(0.997610383368,-6.909068674999E-02,0.));
#15067 = ORIENTED_EDGE('',*,*,#15068,.T.);
#15068 = EDGE_CURVE('',#15061,#15069,#15071,.T.);
#15069 = VERTEX_POINT('',#15070);
#15070 = CARTESIAN_POINT('',(124.409133,-85.781501,1.56));
#15071 = LINE('',#15072,#15073);
#15072 = CARTESIAN_POINT('',(124.08326,-85.806315,1.56));
#15073 = VECTOR('',#15074,1.);
#15074 = DIRECTION('',(0.997113422695,7.592642676975E-02,0.));
#15075 = ORIENTED_EDGE('',*,*,#15076,.T.);
#15076 = EDGE_CURVE('',#15069,#15077,#15079,.T.);
#15077 = VERTEX_POINT('',#15078);
#15078 = CARTESIAN_POINT('',(124.747168,-85.705137,1.56));
#15079 = LINE('',#15080,#15081);
#15080 = CARTESIAN_POINT('',(124.409133,-85.781501,1.56));
#15081 = VECTOR('',#15082,1.);
#15082 = DIRECTION('',(0.975420218839,0.220352891243,0.));
#15083 = ORIENTED_EDGE('',*,*,#15084,.T.);
#15084 = EDGE_CURVE('',#15077,#15085,#15087,.T.);
#15085 = VERTEX_POINT('',#15086);
#15086 = CARTESIAN_POINT('',(125.101142,-85.572758,1.56));
#15087 = LINE('',#15088,#15089);
#15088 = CARTESIAN_POINT('',(124.747168,-85.705137,1.56));
#15089 = VECTOR('',#15090,1.);
#15090 = DIRECTION('',(0.936643069687,0.350285255194,0.));
#15091 = ORIENTED_EDGE('',*,*,#15092,.T.);
#15092 = EDGE_CURVE('',#15085,#15093,#15095,.T.);
#15093 = VERTEX_POINT('',#15094);
#15094 = CARTESIAN_POINT('',(125.400444,-85.4072,1.56));
#15095 = LINE('',#15096,#15097);
#15096 = CARTESIAN_POINT('',(125.101142,-85.572758,1.56));
#15097 = VECTOR('',#15098,1.);
#15098 = DIRECTION('',(0.875050535887,0.484031568851,0.));
#15099 = ORIENTED_EDGE('',*,*,#15100,.T.);
#15100 = EDGE_CURVE('',#15093,#15101,#15103,.T.);
#15101 = VERTEX_POINT('',#15102);
#15102 = CARTESIAN_POINT('',(125.583575,-85.244568,1.56));
#15103 = LINE('',#15104,#15105);
#15104 = CARTESIAN_POINT('',(125.400444,-85.4072,1.56));
#15105 = VECTOR('',#15106,1.);
#15106 = DIRECTION('',(0.747715601621,0.664019110488,0.));
#15107 = ORIENTED_EDGE('',*,*,#15108,.T.);
#15108 = EDGE_CURVE('',#15101,#15109,#15111,.T.);
#15109 = VERTEX_POINT('',#15110);
#15110 = CARTESIAN_POINT('',(125.681532,-85.083316,1.56));
#15111 = LINE('',#15112,#15113);
#15112 = CARTESIAN_POINT('',(125.583575,-85.244568,1.56));
#15113 = VECTOR('',#15114,1.);
#15114 = DIRECTION('',(0.519187240186,0.854660523031,0.));
#15115 = ORIENTED_EDGE('',*,*,#15116,.T.);
#15116 = EDGE_CURVE('',#15109,#15117,#15119,.T.);
#15117 = VERTEX_POINT('',#15118);
#15118 = CARTESIAN_POINT('',(125.712665,-84.91666,1.56));
#15119 = LINE('',#15120,#15121);
#15120 = CARTESIAN_POINT('',(125.681532,-85.083316,1.56));
#15121 = VECTOR('',#15122,1.);
#15122 = DIRECTION('',(0.183633221186,0.982994832172,0.));
#15123 = ORIENTED_EDGE('',*,*,#15124,.T.);
#15124 = EDGE_CURVE('',#15117,#15125,#15127,.T.);
#15125 = VERTEX_POINT('',#15126);
#15126 = CARTESIAN_POINT('',(125.689667,-84.804851,1.56));
#15127 = LINE('',#15128,#15129);
#15128 = CARTESIAN_POINT('',(125.712665,-84.91666,1.56));
#15129 = VECTOR('',#15130,1.);
#15130 = DIRECTION('',(-0.201472227136,0.979494227493,0.));
#15131 = ORIENTED_EDGE('',*,*,#15132,.T.);
#15132 = EDGE_CURVE('',#15125,#15133,#15135,.T.);
#15133 = VERTEX_POINT('',#15134);
#15134 = CARTESIAN_POINT('',(125.618632,-84.70539,1.56));
#15135 = LINE('',#15136,#15137);
#15136 = CARTESIAN_POINT('',(125.689667,-84.804851,1.56));
#15137 = VECTOR('',#15138,1.);
#15138 = DIRECTION('',(-0.581191755722,0.813766639204,0.));
#15139 = ORIENTED_EDGE('',*,*,#15140,.T.);
#15140 = EDGE_CURVE('',#15133,#15141,#15143,.T.);
#15141 = VERTEX_POINT('',#15142);
#15142 = CARTESIAN_POINT('',(125.517212,-84.636645,1.56));
#15143 = LINE('',#15144,#15145);
#15144 = CARTESIAN_POINT('',(125.618632,-84.70539,1.56));
#15145 = VECTOR('',#15146,1.);
#15146 = DIRECTION('',(-0.827762788076,0.561078217967,0.));
#15147 = ORIENTED_EDGE('',*,*,#15148,.T.);
#15148 = EDGE_CURVE('',#15141,#15149,#15151,.T.);
#15149 = VERTEX_POINT('',#15150);
#15150 = CARTESIAN_POINT('',(125.405225,-84.61441,1.56));
#15151 = LINE('',#15152,#15153);
#15152 = CARTESIAN_POINT('',(125.517212,-84.636645,1.56));
#15153 = VECTOR('',#15154,1.);
#15154 = DIRECTION('',(-0.980853260783,0.194748249828,0.));
#15155 = ORIENTED_EDGE('',*,*,#15156,.T.);
#15156 = EDGE_CURVE('',#15149,#15157,#15159,.T.);
#15157 = VERTEX_POINT('',#15158);
#15158 = CARTESIAN_POINT('',(125.325129,-84.631594,1.56));
#15159 = LINE('',#15160,#15161);
#15160 = CARTESIAN_POINT('',(125.405225,-84.61441,1.56));
#15161 = VECTOR('',#15162,1.);
#15162 = DIRECTION('',(-0.977750935558,-0.209769177944,0.));
#15163 = ORIENTED_EDGE('',*,*,#15164,.T.);
#15164 = EDGE_CURVE('',#15157,#15165,#15167,.T.);
#15165 = VERTEX_POINT('',#15166);
#15166 = CARTESIAN_POINT('',(125.243313,-84.687677,1.56));
#15167 = LINE('',#15168,#15169);
#15168 = CARTESIAN_POINT('',(125.325129,-84.631594,1.56));
#15169 = VECTOR('',#15170,1.);
#15170 = DIRECTION('',(-0.824820060741,-0.565395319577,0.));
#15171 = ORIENTED_EDGE('',*,*,#15172,.T.);
#15172 = EDGE_CURVE('',#15165,#15173,#15175,.T.);
#15173 = VERTEX_POINT('',#15174);
#15174 = CARTESIAN_POINT('',(125.155792,-84.796981,1.56));
#15175 = LINE('',#15176,#15177);
#15176 = CARTESIAN_POINT('',(125.243313,-84.687677,1.56));
#15177 = VECTOR('',#15178,1.);
#15178 = DIRECTION('',(-0.625033775937,-0.780597706208,0.));
#15179 = ORIENTED_EDGE('',*,*,#15180,.T.);
#15180 = EDGE_CURVE('',#15173,#15181,#15183,.T.);
#15181 = VERTEX_POINT('',#15182);
#15182 = CARTESIAN_POINT('',(125.062136,-84.898801,1.56));
#15183 = LINE('',#15184,#15185);
#15184 = CARTESIAN_POINT('',(125.155792,-84.796981,1.56));
#15185 = VECTOR('',#15186,1.);
#15186 = DIRECTION('',(-0.676984493973,-0.735997279153,0.));
#15187 = ORIENTED_EDGE('',*,*,#15188,.T.);
#15188 = EDGE_CURVE('',#15181,#15189,#15191,.T.);
#15189 = VERTEX_POINT('',#15190);
#15190 = CARTESIAN_POINT('',(124.898445,-84.99799,1.56));
#15191 = LINE('',#15192,#15193);
#15192 = CARTESIAN_POINT('',(125.062136,-84.898801,1.56));
#15193 = VECTOR('',#15194,1.);
#15194 = DIRECTION('',(-0.855238742369,-0.518234207237,0.));
#15195 = ORIENTED_EDGE('',*,*,#15196,.T.);
#15196 = EDGE_CURVE('',#15189,#15197,#15199,.T.);
#15197 = VERTEX_POINT('',#15198);
#15198 = CARTESIAN_POINT('',(124.636775,-85.09221,1.56));
#15199 = LINE('',#15200,#15201);
#15200 = CARTESIAN_POINT('',(124.898445,-84.99799,1.56));
#15201 = VECTOR('',#15202,1.);
#15202 = DIRECTION('',(-0.940865866804,-0.338779309704,0.));
#15203 = ORIENTED_EDGE('',*,*,#15204,.T.);
#15204 = EDGE_CURVE('',#15197,#15205,#15207,.T.);
#15205 = VERTEX_POINT('',#15206);
#15206 = CARTESIAN_POINT('',(124.327465,-85.160772,1.56));
#15207 = LINE('',#15208,#15209);
#15208 = CARTESIAN_POINT('',(124.636775,-85.09221,1.56));
#15209 = VECTOR('',#15210,1.);
#15210 = DIRECTION('',(-0.976302927211,-0.216408397063,0.));
#15211 = ORIENTED_EDGE('',*,*,#15212,.T.);
#15212 = EDGE_CURVE('',#15205,#15213,#15215,.T.);
#15213 = VERTEX_POINT('',#15214);
#15214 = CARTESIAN_POINT('',(123.614032,-85.115711,1.56));
#15215 = CIRCLE('',#15216,1.62883481928);
#15216 = AXIS2_PLACEMENT_3D('',#15217,#15218,#15219);
#15217 = CARTESIAN_POINT('',(124.07091990361,-83.55226726515,1.56));
#15218 = DIRECTION('',(-0.,0.,-1.));
#15219 = DIRECTION('',(0.157502217749,-0.987518633447,-0.));
#15220 = ORIENTED_EDGE('',*,*,#15221,.T.);
#15221 = EDGE_CURVE('',#15213,#15222,#15224,.T.);
#15222 = VERTEX_POINT('',#15223);
#15223 = CARTESIAN_POINT('',(123.41892,-85.037866,1.56));
#15224 = LINE('',#15225,#15226);
#15225 = CARTESIAN_POINT('',(123.614032,-85.115711,1.56));
#15226 = VECTOR('',#15227,1.);
#15227 = DIRECTION('',(-0.928804301568,0.370570599735,0.));
#15228 = ORIENTED_EDGE('',*,*,#15229,.T.);
#15229 = EDGE_CURVE('',#15222,#15230,#15232,.T.);
#15230 = VERTEX_POINT('',#15231);
#15231 = CARTESIAN_POINT('',(123.240761,-84.927786,1.56));
#15232 = LINE('',#15233,#15234);
#15233 = CARTESIAN_POINT('',(123.41892,-85.037866,1.56));
#15234 = VECTOR('',#15235,1.);
#15235 = DIRECTION('',(-0.850711273122,0.525633265484,0.));
#15236 = ORIENTED_EDGE('',*,*,#15237,.T.);
#15237 = EDGE_CURVE('',#15230,#15238,#15240,.T.);
#15238 = VERTEX_POINT('',#15239);
#15239 = CARTESIAN_POINT('',(123.082522,-84.786535,1.56));
#15240 = LINE('',#15241,#15242);
#15241 = CARTESIAN_POINT('',(123.240761,-84.927786,1.56));
#15242 = VECTOR('',#15243,1.);
#15243 = DIRECTION('',(-0.74601687257,0.665927042431,0.));
#15244 = ORIENTED_EDGE('',*,*,#15245,.T.);
#15245 = EDGE_CURVE('',#15238,#15246,#15248,.T.);
#15246 = VERTEX_POINT('',#15247);
#15247 = CARTESIAN_POINT('',(122.942646,-84.611051,1.56));
#15248 = LINE('',#15249,#15250);
#15249 = CARTESIAN_POINT('',(123.082522,-84.786535,1.56));
#15250 = VECTOR('',#15251,1.);
#15251 = DIRECTION('',(-0.623305052232,0.781978779675,0.));
#15252 = ORIENTED_EDGE('',*,*,#15253,.T.);
#15253 = EDGE_CURVE('',#15246,#15254,#15256,.T.);
#15254 = VERTEX_POINT('',#15255);
#15255 = CARTESIAN_POINT('',(124.247513,-83.990064,1.56));
#15256 = LINE('',#15257,#15258);
#15257 = CARTESIAN_POINT('',(122.942646,-84.611051,1.56));
#15258 = VECTOR('',#15259,1.);
#15259 = DIRECTION('',(0.90296209288,0.42972020993,0.));
#15260 = ORIENTED_EDGE('',*,*,#15261,.T.);
#15261 = EDGE_CURVE('',#15254,#15262,#15264,.T.);
#15262 = VERTEX_POINT('',#15263);
#15263 = CARTESIAN_POINT('',(124.750133,-83.739562,1.56));
#15264 = LINE('',#15265,#15266);
#15265 = CARTESIAN_POINT('',(124.247513,-83.990064,1.56));
#15266 = VECTOR('',#15267,1.);
#15267 = DIRECTION('',(0.895001963957,0.446062198032,0.));
#15268 = ORIENTED_EDGE('',*,*,#15269,.T.);
#15269 = EDGE_CURVE('',#15262,#15270,#15272,.T.);
#15270 = VERTEX_POINT('',#15271);
#15271 = CARTESIAN_POINT('',(124.971693,-83.605992,1.56));
#15272 = LINE('',#15273,#15274);
#15273 = CARTESIAN_POINT('',(124.750133,-83.739562,1.56));
#15274 = VECTOR('',#15275,1.);
#15275 = DIRECTION('',(0.856409867584,0.516296560811,0.));
#15276 = ORIENTED_EDGE('',*,*,#15277,.T.);
#15277 = EDGE_CURVE('',#15270,#15278,#15280,.T.);
#15278 = VERTEX_POINT('',#15279);
#15279 = CARTESIAN_POINT('',(125.152289,-83.450476,1.56));
#15280 = LINE('',#15281,#15282);
#15281 = CARTESIAN_POINT('',(124.971693,-83.605992,1.56));
#15282 = VECTOR('',#15283,1.);
#15283 = DIRECTION('',(0.757763039234,0.652529827955,0.));
#15284 = ORIENTED_EDGE('',*,*,#15285,.T.);
#15285 = EDGE_CURVE('',#15278,#15286,#15288,.T.);
#15286 = VERTEX_POINT('',#15287);
#15287 = CARTESIAN_POINT('',(125.269728,-83.297433,1.56));
#15288 = LINE('',#15289,#15290);
#15289 = CARTESIAN_POINT('',(125.152289,-83.450476,1.56));
#15290 = VECTOR('',#15291,1.);
#15291 = DIRECTION('',(0.608777663449,0.793340882903,0.));
#15292 = ORIENTED_EDGE('',*,*,#15293,.T.);
#15293 = EDGE_CURVE('',#15286,#15294,#15296,.T.);
#15294 = VERTEX_POINT('',#15295);
#15295 = CARTESIAN_POINT('',(125.33597,-83.144266,1.56));
#15296 = LINE('',#15297,#15298);
#15297 = CARTESIAN_POINT('',(125.269728,-83.297433,1.56));
#15298 = VECTOR('',#15299,1.);
#15299 = DIRECTION('',(0.39694962718,0.917840396519,0.));
#15300 = ORIENTED_EDGE('',*,*,#15301,.T.);
#15301 = EDGE_CURVE('',#15294,#15302,#15304,.T.);
#15302 = VERTEX_POINT('',#15303);
#15303 = CARTESIAN_POINT('',(125.357597,-82.986531,1.56));
#15304 = LINE('',#15305,#15306);
#15305 = CARTESIAN_POINT('',(125.33597,-83.144266,1.56));
#15306 = VECTOR('',#15307,1.);
#15307 = DIRECTION('',(0.135838832319,0.990730948156,0.));
#15308 = ORIENTED_EDGE('',*,*,#15309,.T.);
#15309 = EDGE_CURVE('',#15302,#15310,#15312,.T.);
#15310 = VERTEX_POINT('',#15311);
#15311 = CARTESIAN_POINT('',(125.329288,-82.755972,1.56));
#15312 = LINE('',#15313,#15314);
#15313 = CARTESIAN_POINT('',(125.357597,-82.986531,1.56));
#15314 = VECTOR('',#15315,1.);
#15315 = DIRECTION('',(-0.121868980471,0.992546196204,0.));
#15316 = ORIENTED_EDGE('',*,*,#15317,.T.);
#15317 = EDGE_CURVE('',#15310,#15318,#15320,.T.);
#15318 = VERTEX_POINT('',#15319);
#15319 = CARTESIAN_POINT('',(125.248245,-82.564061,1.56));
#15320 = LINE('',#15321,#15322);
#15321 = CARTESIAN_POINT('',(125.329288,-82.755972,1.56));
#15322 = VECTOR('',#15323,1.);
#15323 = DIRECTION('',(-0.389028710133,0.921225630718,0.));
#15324 = ORIENTED_EDGE('',*,*,#15325,.T.);
#15325 = EDGE_CURVE('',#15318,#15326,#15328,.T.);
#15326 = VERTEX_POINT('',#15327);
#15327 = CARTESIAN_POINT('',(125.113825,-82.401725,1.56));
#15328 = LINE('',#15329,#15330);
#15329 = CARTESIAN_POINT('',(125.248245,-82.564061,1.56));
#15330 = VECTOR('',#15331,1.);
#15331 = DIRECTION('',(-0.637773160288,0.770224250473,0.));
#15332 = ORIENTED_EDGE('',*,*,#15333,.T.);
#15333 = EDGE_CURVE('',#15326,#15334,#15336,.T.);
#15334 = VERTEX_POINT('',#15335);
#15335 = CARTESIAN_POINT('',(124.917044,-82.264794,1.56));
#15336 = LINE('',#15337,#15338);
#15337 = CARTESIAN_POINT('',(125.113825,-82.401725,1.56));
#15338 = VECTOR('',#15339,1.);
#15339 = DIRECTION('',(-0.820827231187,0.571176554615,0.));
#15340 = ORIENTED_EDGE('',*,*,#15341,.T.);
#15341 = EDGE_CURVE('',#15334,#14915,#15342,.T.);
#15342 = LINE('',#15343,#15344);
#15343 = CARTESIAN_POINT('',(124.917044,-82.264794,1.56));
#15344 = VECTOR('',#15345,1.);
#15345 = DIRECTION('',(-0.92525593561,0.379343450739,0.));
#15346 = FACE_BOUND('',#15347,.F.);
#15347 = EDGE_LOOP('',(#15348,#15358,#15366,#15375,#15383,#15391,#15399,
    #15407,#15415,#15423,#15431,#15439,#15447,#15455,#15463,#15471,
    #15479,#15487));
#15348 = ORIENTED_EDGE('',*,*,#15349,.T.);
#15349 = EDGE_CURVE('',#15350,#15352,#15354,.T.);
#15350 = VERTEX_POINT('',#15351);
#15351 = CARTESIAN_POINT('',(78.669966,-82.248307,1.56));
#15352 = VERTEX_POINT('',#15353);
#15353 = CARTESIAN_POINT('',(78.564375,-82.176977,1.56));
#15354 = LINE('',#15355,#15356);
#15355 = CARTESIAN_POINT('',(78.669966,-82.248307,1.56));
#15356 = VECTOR('',#15357,1.);
#15357 = DIRECTION('',(-0.828644555632,0.559775133801,0.));
#15358 = ORIENTED_EDGE('',*,*,#15359,.T.);
#15359 = EDGE_CURVE('',#15352,#15360,#15362,.T.);
#15360 = VERTEX_POINT('',#15361);
#15361 = CARTESIAN_POINT('',(78.429387,-82.152442,1.56));
#15362 = LINE('',#15363,#15364);
#15363 = CARTESIAN_POINT('',(78.564375,-82.176977,1.56));
#15364 = VECTOR('',#15365,1.);
#15365 = DIRECTION('',(-0.983880520646,0.178827070362,0.));
#15366 = ORIENTED_EDGE('',*,*,#15367,.T.);
#15367 = EDGE_CURVE('',#15360,#15368,#15370,.T.);
#15368 = VERTEX_POINT('',#15369);
#15369 = CARTESIAN_POINT('',(78.118754,-82.3562,1.56));
#15370 = CIRCLE('',#15371,0.321052738574);
#15371 = AXIS2_PLACEMENT_3D('',#15372,#15373,#15374);
#15372 = CARTESIAN_POINT('',(78.41769664668,-82.47328183011,1.56));
#15373 = DIRECTION('',(0.,0.,1.));
#15374 = DIRECTION('',(3.641256377944E-02,0.999336842711,-0.));
#15375 = ORIENTED_EDGE('',*,*,#15376,.T.);
#15376 = EDGE_CURVE('',#15368,#15377,#15379,.T.);
#15377 = VERTEX_POINT('',#15378);
#15378 = CARTESIAN_POINT('',(78.094469,-82.49774,1.56));
#15379 = LINE('',#15380,#15381);
#15380 = CARTESIAN_POINT('',(78.118754,-82.3562,1.56));
#15381 = VECTOR('',#15382,1.);
#15382 = DIRECTION('',(-0.169105869778,-0.985597892047,0.));
#15383 = ORIENTED_EDGE('',*,*,#15384,.T.);
#15384 = EDGE_CURVE('',#15377,#15385,#15387,.T.);
#15385 = VERTEX_POINT('',#15386);
#15386 = CARTESIAN_POINT('',(78.026386,-84.100584,1.56));
#15387 = LINE('',#15388,#15389);
#15388 = CARTESIAN_POINT('',(78.094469,-82.49774,1.56));
#15389 = VECTOR('',#15390,1.);
#15390 = DIRECTION('',(-4.243810618672E-02,-0.999099097759,0.));
#15391 = ORIENTED_EDGE('',*,*,#15392,.T.);
#15392 = EDGE_CURVE('',#15385,#15393,#15395,.T.);
#15393 = VERTEX_POINT('',#15394);
#15394 = CARTESIAN_POINT('',(78.0502,-85.327599,1.56));
#15395 = LINE('',#15396,#15397);
#15396 = CARTESIAN_POINT('',(78.026386,-84.100584,1.56));
#15397 = VECTOR('',#15398,1.);
#15398 = DIRECTION('',(1.940442147525E-02,-0.999811716488,0.));
#15399 = ORIENTED_EDGE('',*,*,#15400,.T.);
#15400 = EDGE_CURVE('',#15393,#15401,#15403,.T.);
#15401 = VERTEX_POINT('',#15402);
#15402 = CARTESIAN_POINT('',(78.074338,-85.466289,1.56));
#15403 = LINE('',#15404,#15405);
#15404 = CARTESIAN_POINT('',(78.0502,-85.327599,1.56));
#15405 = VECTOR('',#15406,1.);
#15406 = DIRECTION('',(0.17146528334,-0.985190162664,0.));
#15407 = ORIENTED_EDGE('',*,*,#15408,.T.);
#15408 = EDGE_CURVE('',#15401,#15409,#15411,.T.);
#15409 = VERTEX_POINT('',#15410);
#15410 = CARTESIAN_POINT('',(78.143928,-85.573979,1.56));
#15411 = LINE('',#15412,#15413);
#15412 = CARTESIAN_POINT('',(78.074338,-85.466289,1.56));
#15413 = VECTOR('',#15414,1.);
#15414 = DIRECTION('',(0.542746704654,-0.839896430869,0.));
#15415 = ORIENTED_EDGE('',*,*,#15416,.T.);
#15416 = EDGE_CURVE('',#15409,#15417,#15419,.T.);
#15417 = VERTEX_POINT('',#15418);
#15418 = CARTESIAN_POINT('',(78.24979,-85.645069,1.56));
#15419 = LINE('',#15420,#15421);
#15420 = CARTESIAN_POINT('',(78.143928,-85.573979,1.56));
#15421 = VECTOR('',#15422,1.);
#15422 = DIRECTION('',(0.830180377111,-0.55749488021,0.));
#15423 = ORIENTED_EDGE('',*,*,#15424,.T.);
#15424 = EDGE_CURVE('',#15417,#15425,#15427,.T.);
#15425 = VERTEX_POINT('',#15426);
#15426 = CARTESIAN_POINT('',(78.385118,-85.669539,1.56));
#15427 = LINE('',#15428,#15429);
#15428 = CARTESIAN_POINT('',(78.24979,-85.645069,1.56));
#15429 = VECTOR('',#15430,1.);
#15430 = DIRECTION('',(0.984042338623,-0.177934470517,0.));
#15431 = ORIENTED_EDGE('',*,*,#15432,.T.);
#15432 = EDGE_CURVE('',#15425,#15433,#15435,.T.);
#15433 = VERTEX_POINT('',#15434);
#15434 = CARTESIAN_POINT('',(78.522764,-85.644877,1.56));
#15435 = LINE('',#15436,#15437);
#15436 = CARTESIAN_POINT('',(78.385118,-85.669539,1.56));
#15437 = VECTOR('',#15438,1.);
#15438 = DIRECTION('',(0.984325490875,0.176361356349,0.));
#15439 = ORIENTED_EDGE('',*,*,#15440,.T.);
#15440 = EDGE_CURVE('',#15433,#15441,#15443,.T.);
#15441 = VERTEX_POINT('',#15442);
#15442 = CARTESIAN_POINT('',(78.627529,-85.573979,1.56));
#15443 = LINE('',#15444,#15445);
#15444 = CARTESIAN_POINT('',(78.522764,-85.644877,1.56));
#15445 = VECTOR('',#15446,1.);
#15446 = DIRECTION('',(0.828182293569,0.560458819734,0.));
#15447 = ORIENTED_EDGE('',*,*,#15448,.T.);
#15448 = EDGE_CURVE('',#15441,#15449,#15451,.T.);
#15449 = VERTEX_POINT('',#15450);
#15450 = CARTESIAN_POINT('',(78.695939,-85.466413,1.56));
#15451 = LINE('',#15452,#15453);
#15452 = CARTESIAN_POINT('',(78.627529,-85.573979,1.56));
#15453 = VECTOR('',#15454,1.);
#15454 = DIRECTION('',(0.536646042165,0.843807457557,0.));
#15455 = ORIENTED_EDGE('',*,*,#15456,.T.);
#15456 = EDGE_CURVE('',#15449,#15457,#15459,.T.);
#15457 = VERTEX_POINT('',#15458);
#15458 = CARTESIAN_POINT('',(78.719731,-85.327599,1.56));
#15459 = LINE('',#15460,#15461);
#15460 = CARTESIAN_POINT('',(78.695939,-85.466413,1.56));
#15461 = VECTOR('',#15462,1.);
#15462 = DIRECTION('',(0.168931494638,0.98562779492,0.));
#15463 = ORIENTED_EDGE('',*,*,#15464,.T.);
#15464 = EDGE_CURVE('',#15457,#15465,#15467,.T.);
#15465 = VERTEX_POINT('',#15466);
#15466 = CARTESIAN_POINT('',(78.695612,-84.100584,1.56));
#15467 = LINE('',#15468,#15469);
#15468 = CARTESIAN_POINT('',(78.719731,-85.327599,1.56));
#15469 = VECTOR('',#15470,1.);
#15470 = DIRECTION('',(-1.965285001002E-02,0.999806864093,0.));
#15471 = ORIENTED_EDGE('',*,*,#15472,.T.);
#15472 = EDGE_CURVE('',#15465,#15473,#15475,.T.);
#15473 = VERTEX_POINT('',#15474);
#15474 = CARTESIAN_POINT('',(78.764,-82.49774,1.56));
#15475 = LINE('',#15476,#15477);
#15476 = CARTESIAN_POINT('',(78.695612,-84.100584,1.56));
#15477 = VECTOR('',#15478,1.);
#15478 = DIRECTION('',(4.262787682579E-02,0.999091018935,0.));
#15479 = ORIENTED_EDGE('',*,*,#15480,.T.);
#15480 = EDGE_CURVE('',#15473,#15481,#15483,.T.);
#15481 = VERTEX_POINT('',#15482);
#15482 = CARTESIAN_POINT('',(78.739645,-82.356226,1.56));
#15483 = LINE('',#15484,#15485);
#15484 = CARTESIAN_POINT('',(78.764,-82.49774,1.56));
#15485 = VECTOR('',#15486,1.);
#15486 = DIRECTION('',(-0.169609569341,0.985511336306,0.));
#15487 = ORIENTED_EDGE('',*,*,#15488,.T.);
#15488 = EDGE_CURVE('',#15481,#15350,#15489,.T.);
#15489 = LINE('',#15490,#15491);
#15490 = CARTESIAN_POINT('',(78.739645,-82.356226,1.56));
#15491 = VECTOR('',#15492,1.);
#15492 = DIRECTION('',(-0.542422770914,0.840105670493,0.));
#15493 = FACE_BOUND('',#15494,.F.);
#15494 = EDGE_LOOP('',(#15495,#15505,#15513,#15521,#15529,#15537,#15545,
    #15553,#15561,#15569,#15577,#15585,#15593,#15601,#15609,#15617));
#15495 = ORIENTED_EDGE('',*,*,#15496,.T.);
#15496 = EDGE_CURVE('',#15497,#15499,#15501,.T.);
#15497 = VERTEX_POINT('',#15498);
#15498 = CARTESIAN_POINT('',(78.823839,-80.648211,1.56));
#15499 = VERTEX_POINT('',#15500);
#15500 = CARTESIAN_POINT('',(78.694192,-80.55994,1.56));
#15501 = LINE('',#15502,#15503);
#15502 = CARTESIAN_POINT('',(78.823839,-80.648211,1.56));
#15503 = VECTOR('',#15504,1.);
#15504 = DIRECTION('',(-0.826597165061,0.562794035783,0.));
#15505 = ORIENTED_EDGE('',*,*,#15506,.T.);
#15506 = EDGE_CURVE('',#15499,#15507,#15509,.T.);
#15507 = VERTEX_POINT('',#15508);
#15508 = CARTESIAN_POINT('',(78.542044,-80.530669,1.56));
#15509 = LINE('',#15510,#15511);
#15510 = CARTESIAN_POINT('',(78.694192,-80.55994,1.56));
#15511 = VECTOR('',#15512,1.);
#15512 = DIRECTION('',(-0.981992357354,0.188920644978,0.));
#15513 = ORIENTED_EDGE('',*,*,#15514,.T.);
#15514 = EDGE_CURVE('',#15507,#15515,#15517,.T.);
#15515 = VERTEX_POINT('',#15516);
#15516 = CARTESIAN_POINT('',(78.389582,-80.559882,1.56));
#15517 = LINE('',#15518,#15519);
#15518 = CARTESIAN_POINT('',(78.542044,-80.530669,1.56));
#15519 = VECTOR('',#15520,1.);
#15520 = DIRECTION('',(-0.98213358983,-0.188185046502,0.));
#15521 = ORIENTED_EDGE('',*,*,#15522,.T.);
#15522 = EDGE_CURVE('',#15515,#15523,#15525,.T.);
#15523 = VERTEX_POINT('',#15524);
#15524 = CARTESIAN_POINT('',(78.258417,-80.648211,1.56));
#15525 = LINE('',#15526,#15527);
#15526 = CARTESIAN_POINT('',(78.389582,-80.559882,1.56));
#15527 = VECTOR('',#15528,1.);
#15528 = DIRECTION('',(-0.82945630015,-0.558571612366,0.));
#15529 = ORIENTED_EDGE('',*,*,#15530,.T.);
#15530 = EDGE_CURVE('',#15523,#15531,#15533,.T.);
#15531 = VERTEX_POINT('',#15532);
#15532 = CARTESIAN_POINT('',(78.168816,-80.777752,1.56));
#15533 = LINE('',#15534,#15535);
#15534 = CARTESIAN_POINT('',(78.258417,-80.648211,1.56));
#15535 = VECTOR('',#15536,1.);
#15536 = DIRECTION('',(-0.568861300839,-0.822433474761,0.));
#15537 = ORIENTED_EDGE('',*,*,#15538,.T.);
#15538 = EDGE_CURVE('',#15531,#15539,#15541,.T.);
#15539 = VERTEX_POINT('',#15540);
#15540 = CARTESIAN_POINT('',(78.139043,-80.931228,1.56));
#15541 = LINE('',#15542,#15543);
#15542 = CARTESIAN_POINT('',(78.168816,-80.777752,1.56));
#15543 = VECTOR('',#15544,1.);
#15544 = DIRECTION('',(-0.190440942103,-0.981698654156,0.));
#15545 = ORIENTED_EDGE('',*,*,#15546,.T.);
#15546 = EDGE_CURVE('',#15539,#15547,#15549,.T.);
#15547 = VERTEX_POINT('',#15548);
#15548 = CARTESIAN_POINT('',(78.168806,-81.084756,1.56));
#15549 = LINE('',#15550,#15551);
#15550 = CARTESIAN_POINT('',(78.139043,-80.931228,1.56));
#15551 = VECTOR('',#15552,1.);
#15552 = DIRECTION('',(0.190317150901,-0.981722660466,0.));
#15553 = ORIENTED_EDGE('',*,*,#15554,.T.);
#15554 = EDGE_CURVE('',#15547,#15555,#15557,.T.);
#15555 = VERTEX_POINT('',#15556);
#15556 = CARTESIAN_POINT('',(78.258417,-81.214549,1.56));
#15557 = LINE('',#15558,#15559);
#15558 = CARTESIAN_POINT('',(78.168806,-81.084756,1.56));
#15559 = VECTOR('',#15560,1.);
#15560 = DIRECTION('',(0.568156471919,-0.82292054502,0.));
#15561 = ORIENTED_EDGE('',*,*,#15562,.T.);
#15562 = EDGE_CURVE('',#15555,#15563,#15565,.T.);
#15563 = VERTEX_POINT('',#15564);
#15564 = CARTESIAN_POINT('',(78.389558,-81.30264,1.56));
#15565 = LINE('',#15566,#15567);
#15566 = CARTESIAN_POINT('',(78.258417,-81.214549,1.56));
#15567 = VECTOR('',#15568,1.);
#15568 = DIRECTION('',(0.830106321616,-0.557605142384,0.));
#15569 = ORIENTED_EDGE('',*,*,#15570,.T.);
#15570 = EDGE_CURVE('',#15563,#15571,#15573,.T.);
#15571 = VERTEX_POINT('',#15572);
#15572 = CARTESIAN_POINT('',(78.542044,-81.331786,1.56));
#15573 = LINE('',#15574,#15575);
#15574 = CARTESIAN_POINT('',(78.389558,-81.30264,1.56));
#15575 = VECTOR('',#15576,1.);
#15576 = DIRECTION('',(0.982218728101,-0.187740166633,0.));
#15577 = ORIENTED_EDGE('',*,*,#15578,.T.);
#15578 = EDGE_CURVE('',#15571,#15579,#15581,.T.);
#15579 = VERTEX_POINT('',#15580);
#15580 = CARTESIAN_POINT('',(78.694216,-81.302581,1.56));
#15581 = LINE('',#15582,#15583);
#15582 = CARTESIAN_POINT('',(78.542044,-81.331786,1.56));
#15583 = VECTOR('',#15584,1.);
#15584 = DIRECTION('',(0.98207680811,0.188481147523,0.));
#15585 = ORIENTED_EDGE('',*,*,#15586,.T.);
#15586 = EDGE_CURVE('',#15579,#15587,#15589,.T.);
#15587 = VERTEX_POINT('',#15588);
#15588 = CARTESIAN_POINT('',(78.823839,-81.214549,1.56));
#15589 = LINE('',#15590,#15591);
#15590 = CARTESIAN_POINT('',(78.694216,-81.302581,1.56));
#15591 = VECTOR('',#15592,1.);
#15592 = DIRECTION('',(0.827257658433,0.561822718092,0.));
#15593 = ORIENTED_EDGE('',*,*,#15594,.T.);
#15594 = EDGE_CURVE('',#15587,#15595,#15597,.T.);
#15595 = VERTEX_POINT('',#15596);
#15596 = CARTESIAN_POINT('',(78.912255,-81.084875,1.56));
#15597 = LINE('',#15598,#15599);
#15598 = CARTESIAN_POINT('',(78.823839,-81.214549,1.56));
#15599 = VECTOR('',#15600,1.);
#15600 = DIRECTION('',(0.56334512827,0.826221681181,0.));
#15601 = ORIENTED_EDGE('',*,*,#15602,.T.);
#15602 = EDGE_CURVE('',#15595,#15603,#15605,.T.);
#15603 = VERTEX_POINT('',#15604);
#15604 = CARTESIAN_POINT('',(78.941687,-80.931228,1.56));
#15605 = LINE('',#15606,#15607);
#15606 = CARTESIAN_POINT('',(78.912255,-81.084875,1.56));
#15607 = VECTOR('',#15608,1.);
#15608 = DIRECTION('',(0.188135374581,0.982143106085,0.));
#15609 = ORIENTED_EDGE('',*,*,#15610,.T.);
#15610 = EDGE_CURVE('',#15603,#15611,#15613,.T.);
#15611 = VERTEX_POINT('',#15612);
#15612 = CARTESIAN_POINT('',(78.912245,-80.777633,1.56));
#15613 = LINE('',#15614,#15615);
#15614 = CARTESIAN_POINT('',(78.941687,-80.931228,1.56));
#15615 = VECTOR('',#15616,1.);
#15616 = DIRECTION('',(-0.188258489856,0.98211951462,0.));
#15617 = ORIENTED_EDGE('',*,*,#15618,.T.);
#15618 = EDGE_CURVE('',#15611,#15497,#15619,.T.);
#15619 = LINE('',#15620,#15621);
#15620 = CARTESIAN_POINT('',(78.912245,-80.777633,1.56));
#15621 = VECTOR('',#15622,1.);
#15622 = DIRECTION('',(-0.564049723633,0.825740824514,0.));
#15623 = FACE_BOUND('',#15624,.F.);
#15624 = EDGE_LOOP('',(#15625,#15635,#15643,#15651));
#15625 = ORIENTED_EDGE('',*,*,#15626,.T.);
#15626 = EDGE_CURVE('',#15627,#15629,#15631,.T.);
#15627 = VERTEX_POINT('',#15628);
#15628 = CARTESIAN_POINT('',(100.7,-69.07,1.56));
#15629 = VERTEX_POINT('',#15630);
#15630 = CARTESIAN_POINT('',(100.7,-54.37,1.56));
#15631 = LINE('',#15632,#15633);
#15632 = CARTESIAN_POINT('',(100.7,-69.07,1.56));
#15633 = VECTOR('',#15634,1.);
#15634 = DIRECTION('',(0.,1.,0.));
#15635 = ORIENTED_EDGE('',*,*,#15636,.T.);
#15636 = EDGE_CURVE('',#15629,#15637,#15639,.T.);
#15637 = VERTEX_POINT('',#15638);
#15638 = CARTESIAN_POINT('',(71.3,-54.37,1.56));
#15639 = LINE('',#15640,#15641);
#15640 = CARTESIAN_POINT('',(100.7,-54.37,1.56));
#15641 = VECTOR('',#15642,1.);
#15642 = DIRECTION('',(-1.,0.,0.));
#15643 = ORIENTED_EDGE('',*,*,#15644,.T.);
#15644 = EDGE_CURVE('',#15637,#15645,#15647,.T.);
#15645 = VERTEX_POINT('',#15646);
#15646 = CARTESIAN_POINT('',(71.3,-69.07,1.56));
#15647 = LINE('',#15648,#15649);
#15648 = CARTESIAN_POINT('',(71.3,-54.37,1.56));
#15649 = VECTOR('',#15650,1.);
#15650 = DIRECTION('',(0.,-1.,0.));
#15651 = ORIENTED_EDGE('',*,*,#15652,.T.);
#15652 = EDGE_CURVE('',#15645,#15627,#15653,.T.);
#15653 = LINE('',#15654,#15655);
#15654 = CARTESIAN_POINT('',(71.3,-69.07,1.56));
#15655 = VECTOR('',#15656,1.);
#15656 = DIRECTION('',(1.,0.,0.));
#15657 = FACE_BOUND('',#15658,.F.);
#15658 = EDGE_LOOP('',(#15659,#15670,#15678,#15687,#15695,#15704));
#15659 = ORIENTED_EDGE('',*,*,#15660,.T.);
#15660 = EDGE_CURVE('',#15661,#15663,#15665,.T.);
#15661 = VERTEX_POINT('',#15662);
#15662 = CARTESIAN_POINT('',(73.325236,-37.1625,1.56));
#15663 = VERTEX_POINT('',#15664);
#15664 = CARTESIAN_POINT('',(71.781399,-39.120585,1.56));
#15665 = CIRCLE('',#15666,1.58751357779);
#15666 = AXIS2_PLACEMENT_3D('',#15667,#15668,#15669);
#15667 = CARTESIAN_POINT('',(73.325055753662,-38.75001356755,1.56));
#15668 = DIRECTION('',(0.,0.,1.));
#15669 = DIRECTION('',(1.135400291095E-04,0.999999993554,-0.));
#15670 = ORIENTED_EDGE('',*,*,#15671,.T.);
#15671 = EDGE_CURVE('',#15663,#15672,#15674,.T.);
#15672 = VERTEX_POINT('',#15673);
#15673 = CARTESIAN_POINT('',(71.858376,-39.357491,1.56));
#15674 = LINE('',#15675,#15676);
#15675 = CARTESIAN_POINT('',(71.781399,-39.120585,1.56));
#15676 = VECTOR('',#15677,1.);
#15677 = DIRECTION('',(0.309022711385,-0.951054658707,0.));
#15678 = ORIENTED_EDGE('',*,*,#15679,.T.);
#15679 = EDGE_CURVE('',#15672,#15680,#15682,.T.);
#15680 = VERTEX_POINT('',#15681);
#15681 = CARTESIAN_POINT('',(73.325236,-40.3375,1.56));
#15682 = CIRCLE('',#15683,1.587583935955);
#15683 = AXIS2_PLACEMENT_3D('',#15684,#15685,#15686);
#15684 = CARTESIAN_POINT('',(73.325098692985,-38.74991606998,1.56));
#15685 = DIRECTION('',(0.,0.,1.));
#15686 = DIRECTION('',(-0.923870958736,-0.382704130634,0.));
#15687 = ORIENTED_EDGE('',*,*,#15688,.T.);
#15688 = EDGE_CURVE('',#15680,#15689,#15691,.T.);
#15689 = VERTEX_POINT('',#15690);
#15690 = CARTESIAN_POINT('',(75.874764,-40.3375,1.56));
#15691 = LINE('',#15692,#15693);
#15692 = CARTESIAN_POINT('',(73.325236,-40.3375,1.56));
#15693 = VECTOR('',#15694,1.);
#15694 = DIRECTION('',(1.,0.,0.));
#15695 = ORIENTED_EDGE('',*,*,#15696,.T.);
#15696 = EDGE_CURVE('',#15689,#15697,#15699,.T.);
#15697 = VERTEX_POINT('',#15698);
#15698 = CARTESIAN_POINT('',(75.874764,-37.1625,1.56));
#15699 = CIRCLE('',#15700,1.587500009742);
#15700 = AXIS2_PLACEMENT_3D('',#15701,#15702,#15703);
#15701 = CARTESIAN_POINT('',(75.874939874663,-38.75,1.56));
#15702 = DIRECTION('',(0.,0.,1.));
#15703 = DIRECTION('',(-1.107871889249E-04,-0.999999993863,0.));
#15704 = ORIENTED_EDGE('',*,*,#15705,.T.);
#15705 = EDGE_CURVE('',#15697,#15661,#15706,.T.);
#15706 = LINE('',#15707,#15708);
#15707 = CARTESIAN_POINT('',(75.874764,-37.1625,1.56));
#15708 = VECTOR('',#15709,1.);
#15709 = DIRECTION('',(-1.,0.,0.));
#15710 = FACE_BOUND('',#15711,.F.);
#15711 = EDGE_LOOP('',(#15712,#15723,#15731,#15740,#15748,#15757));
#15712 = ORIENTED_EDGE('',*,*,#15713,.T.);
#15713 = EDGE_CURVE('',#15714,#15716,#15718,.T.);
#15714 = VERTEX_POINT('',#15715);
#15715 = CARTESIAN_POINT('',(124.125236,-37.1625,1.56));
#15716 = VERTEX_POINT('',#15717);
#15717 = CARTESIAN_POINT('',(122.581399,-39.120585,1.56));
#15718 = CIRCLE('',#15719,1.58751357779);
#15719 = AXIS2_PLACEMENT_3D('',#15720,#15721,#15722);
#15720 = CARTESIAN_POINT('',(124.12505575366,-38.75001356755,1.56));
#15721 = DIRECTION('',(0.,0.,1.));
#15722 = DIRECTION('',(1.135400291184E-04,0.999999993554,-0.));
#15723 = ORIENTED_EDGE('',*,*,#15724,.T.);
#15724 = EDGE_CURVE('',#15716,#15725,#15727,.T.);
#15725 = VERTEX_POINT('',#15726);
#15726 = CARTESIAN_POINT('',(122.658376,-39.357491,1.56));
#15727 = LINE('',#15728,#15729);
#15728 = CARTESIAN_POINT('',(122.581399,-39.120585,1.56));
#15729 = VECTOR('',#15730,1.);
#15730 = DIRECTION('',(0.309022711385,-0.951054658707,0.));
#15731 = ORIENTED_EDGE('',*,*,#15732,.T.);
#15732 = EDGE_CURVE('',#15725,#15733,#15735,.T.);
#15733 = VERTEX_POINT('',#15734);
#15734 = CARTESIAN_POINT('',(124.125236,-40.3375,1.56));
#15735 = CIRCLE('',#15736,1.587583935955);
#15736 = AXIS2_PLACEMENT_3D('',#15737,#15738,#15739);
#15737 = CARTESIAN_POINT('',(124.12509869298,-38.74991606998,1.56));
#15738 = DIRECTION('',(0.,0.,1.));
#15739 = DIRECTION('',(-0.923870958736,-0.382704130634,0.));
#15740 = ORIENTED_EDGE('',*,*,#15741,.T.);
#15741 = EDGE_CURVE('',#15733,#15742,#15744,.T.);
#15742 = VERTEX_POINT('',#15743);
#15743 = CARTESIAN_POINT('',(126.674764,-40.3375,1.56));
#15744 = LINE('',#15745,#15746);
#15745 = CARTESIAN_POINT('',(124.125236,-40.3375,1.56));
#15746 = VECTOR('',#15747,1.);
#15747 = DIRECTION('',(1.,0.,0.));
#15748 = ORIENTED_EDGE('',*,*,#15749,.T.);
#15749 = EDGE_CURVE('',#15742,#15750,#15752,.T.);
#15750 = VERTEX_POINT('',#15751);
#15751 = CARTESIAN_POINT('',(126.674764,-37.1625,1.56));
#15752 = CIRCLE('',#15753,1.587500009742);
#15753 = AXIS2_PLACEMENT_3D('',#15754,#15755,#15756);
#15754 = CARTESIAN_POINT('',(126.67493987466,-38.75,1.56));
#15755 = DIRECTION('',(0.,0.,1.));
#15756 = DIRECTION('',(-1.107871889339E-04,-0.999999993863,0.));
#15757 = ORIENTED_EDGE('',*,*,#15758,.T.);
#15758 = EDGE_CURVE('',#15750,#15714,#15759,.T.);
#15759 = LINE('',#15760,#15761);
#15760 = CARTESIAN_POINT('',(126.674764,-37.1625,1.56));
#15761 = VECTOR('',#15762,1.);
#15762 = DIRECTION('',(-1.,0.,0.));
#15763 = PLANE('',#15764);
#15764 = AXIS2_PLACEMENT_3D('',#15765,#15766,#15767);
#15765 = CARTESIAN_POINT('',(0.,0.,1.56));
#15766 = DIRECTION('',(0.,0.,1.));
#15767 = DIRECTION('',(1.,0.,-0.));
#15768 = ( GEOMETRIC_REPRESENTATION_CONTEXT(3) 
GLOBAL_UNCERTAINTY_ASSIGNED_CONTEXT((#15772)) 
GLOBAL_UNIT_ASSIGNED_CONTEXT((#15769,#15770,#15771)) 
REPRESENTATION_CONTEXT('Context #1',
  '3D Context with UNIT and UNCERTAINTY') );
#15769 = ( LENGTH_UNIT() NAMED_UNIT(*) SI_UNIT(.MILLI.,.METRE.) );
#15770 = ( NAMED_UNIT(*) PLANE_ANGLE_UNIT() SI_UNIT($,.RADIAN.) );
#15771 = ( NAMED_UNIT(*) SI_UNIT($,.STERADIAN.) SOLID_ANGLE_UNIT() );
#15772 = UNCERTAINTY_MEASURE_WITH_UNIT(LENGTH_MEASURE(1.E-07),#15769,
  'distance_accuracy_value','confusion accuracy');
#15773 = CONTEXT_DEPENDENT_SHAPE_REPRESENTATION(#15774,#15776);
#15774 = ( REPRESENTATION_RELATIONSHIP('','',#8834,#10) 
REPRESENTATION_RELATIONSHIP_WITH_TRANSFORMATION(#15775) 
SHAPE_REPRESENTATION_RELATIONSHIP() );
#15775 = ITEM_DEFINED_TRANSFORMATION('','',#11,#23);
#15776 = PRODUCT_DEFINITION_SHAPE('Placement','Placement of an item',
  #15777);
#15777 = NEXT_ASSEMBLY_USAGE_OCCURRENCE('3','=>[0:1:1:4]','',#5,#8829,$
  );
#15778 = PRODUCT_RELATED_PRODUCT_CATEGORY('part',$,(#8831));
#15779 = SHAPE_DEFINITION_REPRESENTATION(#15780,#15786);
#15780 = PRODUCT_DEFINITION_SHAPE('','',#15781);
#15781 = PRODUCT_DEFINITION('design','',#15782,#15785);
#15782 = PRODUCT_DEFINITION_FORMATION('','',#15783);
#15783 = PRODUCT('Light_Commander_panel_soldermask',
  'Light_Commander_panel_soldermask','',(#15784));
#15784 = PRODUCT_CONTEXT('',#2,'mechanical');
#15785 = PRODUCT_DEFINITION_CONTEXT('part definition',#2,'design');
#15786 = MANIFOLD_SURFACE_SHAPE_REPRESENTATION('',(#11,#15787),#16229);
#15787 = SHELL_BASED_SURFACE_MODEL('',(#15788));
#15788 = OPEN_SHELL('',(#15789));
#15789 = ADVANCED_FACE('',(#15790,#15824,#15877,#15930,#15941,#15952,
    #15963,#15974,#15985,#15996,#16007,#16018,#16029,#16040,#16051,
    #16062,#16073,#16084,#16118,#16171),#16224,.T.);
#15790 = FACE_BOUND('',#15791,.T.);
#15791 = EDGE_LOOP('',(#15792,#15802,#15810,#15818));
#15792 = ORIENTED_EDGE('',*,*,#15793,.T.);
#15793 = EDGE_CURVE('',#15794,#15796,#15798,.T.);
#15794 = VERTEX_POINT('',#15795);
#15795 = CARTESIAN_POINT('',(64.6,-164.25,-5.E-02));
#15796 = VERTEX_POINT('',#15797);
#15797 = CARTESIAN_POINT('',(64.6,-35.75,-5.E-02));
#15798 = LINE('',#15799,#15800);
#15799 = CARTESIAN_POINT('',(64.6,-164.25,-5.E-02));
#15800 = VECTOR('',#15801,1.);
#15801 = DIRECTION('',(0.,1.,0.));
#15802 = ORIENTED_EDGE('',*,*,#15803,.T.);
#15803 = EDGE_CURVE('',#15796,#15804,#15806,.T.);
#15804 = VERTEX_POINT('',#15805);
#15805 = CARTESIAN_POINT('',(135.4,-35.75,-5.E-02));
#15806 = LINE('',#15807,#15808);
#15807 = CARTESIAN_POINT('',(64.6,-35.75,-5.E-02));
#15808 = VECTOR('',#15809,1.);
#15809 = DIRECTION('',(1.,0.,0.));
#15810 = ORIENTED_EDGE('',*,*,#15811,.T.);
#15811 = EDGE_CURVE('',#15804,#15812,#15814,.T.);
#15812 = VERTEX_POINT('',#15813);
#15813 = CARTESIAN_POINT('',(135.4,-164.25,-5.E-02));
#15814 = LINE('',#15815,#15816);
#15815 = CARTESIAN_POINT('',(135.4,-35.75,-5.E-02));
#15816 = VECTOR('',#15817,1.);
#15817 = DIRECTION('',(0.,-1.,0.));
#15818 = ORIENTED_EDGE('',*,*,#15819,.T.);
#15819 = EDGE_CURVE('',#15812,#15794,#15820,.T.);
#15820 = LINE('',#15821,#15822);
#15821 = CARTESIAN_POINT('',(135.4,-164.25,-5.E-02));
#15822 = VECTOR('',#15823,1.);
#15823 = DIRECTION('',(-1.,0.,0.));
#15824 = FACE_BOUND('',#15825,.T.);
#15825 = EDGE_LOOP('',(#15826,#15837,#15845,#15854,#15862,#15871));
#15826 = ORIENTED_EDGE('',*,*,#15827,.T.);
#15827 = EDGE_CURVE('',#15828,#15830,#15832,.T.);
#15828 = VERTEX_POINT('',#15829);
#15829 = CARTESIAN_POINT('',(73.325236,-159.6625,-5.E-02));
#15830 = VERTEX_POINT('',#15831);
#15831 = CARTESIAN_POINT('',(71.781399,-161.620585,-5.E-02));
#15832 = CIRCLE('',#15833,1.58751357779);
#15833 = AXIS2_PLACEMENT_3D('',#15834,#15835,#15836);
#15834 = CARTESIAN_POINT('',(73.325055753662,-161.2500135675,-5.E-02));
#15835 = DIRECTION('',(0.,0.,1.));
#15836 = DIRECTION('',(1.135400290915E-04,0.999999993554,-0.));
#15837 = ORIENTED_EDGE('',*,*,#15838,.T.);
#15838 = EDGE_CURVE('',#15830,#15839,#15841,.T.);
#15839 = VERTEX_POINT('',#15840);
#15840 = CARTESIAN_POINT('',(71.858376,-161.857491,-5.E-02));
#15841 = LINE('',#15842,#15843);
#15842 = CARTESIAN_POINT('',(71.781399,-161.620585,-5.E-02));
#15843 = VECTOR('',#15844,1.);
#15844 = DIRECTION('',(0.309022711385,-0.951054658707,0.));
#15845 = ORIENTED_EDGE('',*,*,#15846,.T.);
#15846 = EDGE_CURVE('',#15839,#15847,#15849,.T.);
#15847 = VERTEX_POINT('',#15848);
#15848 = CARTESIAN_POINT('',(73.325236,-162.8375,-5.E-02));
#15849 = CIRCLE('',#15850,1.587583935955);
#15850 = AXIS2_PLACEMENT_3D('',#15851,#15852,#15853);
#15851 = CARTESIAN_POINT('',(73.325098692985,-161.2499160699,-5.E-02));
#15852 = DIRECTION('',(0.,0.,1.));
#15853 = DIRECTION('',(-0.923870958736,-0.382704130634,0.));
#15854 = ORIENTED_EDGE('',*,*,#15855,.T.);
#15855 = EDGE_CURVE('',#15847,#15856,#15858,.T.);
#15856 = VERTEX_POINT('',#15857);
#15857 = CARTESIAN_POINT('',(75.874764,-162.8375,-5.E-02));
#15858 = LINE('',#15859,#15860);
#15859 = CARTESIAN_POINT('',(73.325236,-162.8375,-5.E-02));
#15860 = VECTOR('',#15861,1.);
#15861 = DIRECTION('',(1.,0.,0.));
#15862 = ORIENTED_EDGE('',*,*,#15863,.T.);
#15863 = EDGE_CURVE('',#15856,#15864,#15866,.T.);
#15864 = VERTEX_POINT('',#15865);
#15865 = CARTESIAN_POINT('',(75.874764,-159.6625,-5.E-02));
#15866 = CIRCLE('',#15867,1.587500009742);
#15867 = AXIS2_PLACEMENT_3D('',#15868,#15869,#15870);
#15868 = CARTESIAN_POINT('',(75.874939874664,-161.25,-5.E-02));
#15869 = DIRECTION('',(0.,0.,1.));
#15870 = DIRECTION('',(-1.107871889339E-04,-0.999999993863,0.));
#15871 = ORIENTED_EDGE('',*,*,#15872,.T.);
#15872 = EDGE_CURVE('',#15864,#15828,#15873,.T.);
#15873 = LINE('',#15874,#15875);
#15874 = CARTESIAN_POINT('',(75.874764,-159.6625,-5.E-02));
#15875 = VECTOR('',#15876,1.);
#15876 = DIRECTION('',(-1.,0.,0.));
#15877 = FACE_BOUND('',#15878,.T.);
#15878 = EDGE_LOOP('',(#15879,#15890,#15898,#15907,#15915,#15924));
#15879 = ORIENTED_EDGE('',*,*,#15880,.T.);
#15880 = EDGE_CURVE('',#15881,#15883,#15885,.T.);
#15881 = VERTEX_POINT('',#15882);
#15882 = CARTESIAN_POINT('',(124.125236,-159.6625,-5.E-02));
#15883 = VERTEX_POINT('',#15884);
#15884 = CARTESIAN_POINT('',(122.581399,-161.620585,-5.E-02));
#15885 = CIRCLE('',#15886,1.58751357779);
#15886 = AXIS2_PLACEMENT_3D('',#15887,#15888,#15889);
#15887 = CARTESIAN_POINT('',(124.12505575366,-161.2500135675,-5.E-02));
#15888 = DIRECTION('',(0.,0.,1.));
#15889 = DIRECTION('',(1.135400291005E-04,0.999999993554,-0.));
#15890 = ORIENTED_EDGE('',*,*,#15891,.T.);
#15891 = EDGE_CURVE('',#15883,#15892,#15894,.T.);
#15892 = VERTEX_POINT('',#15893);
#15893 = CARTESIAN_POINT('',(122.658376,-161.857491,-5.E-02));
#15894 = LINE('',#15895,#15896);
#15895 = CARTESIAN_POINT('',(122.581399,-161.620585,-5.E-02));
#15896 = VECTOR('',#15897,1.);
#15897 = DIRECTION('',(0.309022711385,-0.951054658707,0.));
#15898 = ORIENTED_EDGE('',*,*,#15899,.T.);
#15899 = EDGE_CURVE('',#15892,#15900,#15902,.T.);
#15900 = VERTEX_POINT('',#15901);
#15901 = CARTESIAN_POINT('',(124.125236,-162.8375,-5.E-02));
#15902 = CIRCLE('',#15903,1.587583935955);
#15903 = AXIS2_PLACEMENT_3D('',#15904,#15905,#15906);
#15904 = CARTESIAN_POINT('',(124.12509869298,-161.2499160699,-5.E-02));
#15905 = DIRECTION('',(0.,0.,1.));
#15906 = DIRECTION('',(-0.923870958736,-0.382704130634,0.));
#15907 = ORIENTED_EDGE('',*,*,#15908,.T.);
#15908 = EDGE_CURVE('',#15900,#15909,#15911,.T.);
#15909 = VERTEX_POINT('',#15910);
#15910 = CARTESIAN_POINT('',(126.674764,-162.8375,-5.E-02));
#15911 = LINE('',#15912,#15913);
#15912 = CARTESIAN_POINT('',(124.125236,-162.8375,-5.E-02));
#15913 = VECTOR('',#15914,1.);
#15914 = DIRECTION('',(1.,0.,0.));
#15915 = ORIENTED_EDGE('',*,*,#15916,.T.);
#15916 = EDGE_CURVE('',#15909,#15917,#15919,.T.);
#15917 = VERTEX_POINT('',#15918);
#15918 = CARTESIAN_POINT('',(126.674764,-159.6625,-5.E-02));
#15919 = CIRCLE('',#15920,1.587500009742);
#15920 = AXIS2_PLACEMENT_3D('',#15921,#15922,#15923);
#15921 = CARTESIAN_POINT('',(126.67493987466,-161.25,-5.E-02));
#15922 = DIRECTION('',(0.,0.,1.));
#15923 = DIRECTION('',(-1.107871889428E-04,-0.999999993863,0.));
#15924 = ORIENTED_EDGE('',*,*,#15925,.T.);
#15925 = EDGE_CURVE('',#15917,#15881,#15926,.T.);
#15926 = LINE('',#15927,#15928);
#15927 = CARTESIAN_POINT('',(126.674764,-159.6625,-5.E-02));
#15928 = VECTOR('',#15929,1.);
#15929 = DIRECTION('',(-1.,0.,0.));
#15930 = FACE_BOUND('',#15931,.T.);
#15931 = EDGE_LOOP('',(#15932));
#15932 = ORIENTED_EDGE('',*,*,#15933,.T.);
#15933 = EDGE_CURVE('',#15934,#15934,#15936,.T.);
#15934 = VERTEX_POINT('',#15935);
#15935 = CARTESIAN_POINT('',(77.837485,-147.,-5.E-02));
#15936 = CIRCLE('',#15937,3.237485);
#15937 = AXIS2_PLACEMENT_3D('',#15938,#15939,#15940);
#15938 = CARTESIAN_POINT('',(74.6,-147.,-5.E-02));
#15939 = DIRECTION('',(0.,0.,1.));
#15940 = DIRECTION('',(1.,0.,-0.));
#15941 = FACE_BOUND('',#15942,.T.);
#15942 = EDGE_LOOP('',(#15943));
#15943 = ORIENTED_EDGE('',*,*,#15944,.T.);
#15944 = EDGE_CURVE('',#15945,#15945,#15947,.T.);
#15945 = VERTEX_POINT('',#15946);
#15946 = CARTESIAN_POINT('',(90.537485,-146.999999,-5.E-02));
#15947 = CIRCLE('',#15948,3.237485);
#15948 = AXIS2_PLACEMENT_3D('',#15949,#15950,#15951);
#15949 = CARTESIAN_POINT('',(87.3,-146.999999,-5.E-02));
#15950 = DIRECTION('',(0.,0.,1.));
#15951 = DIRECTION('',(1.,0.,-0.));
#15952 = FACE_BOUND('',#15953,.T.);
#15953 = EDGE_LOOP('',(#15954));
#15954 = ORIENTED_EDGE('',*,*,#15955,.T.);
#15955 = EDGE_CURVE('',#15956,#15956,#15958,.T.);
#15956 = VERTEX_POINT('',#15957);
#15957 = CARTESIAN_POINT('',(103.237485,-146.999999,-5.E-02));
#15958 = CIRCLE('',#15959,3.237485);
#15959 = AXIS2_PLACEMENT_3D('',#15960,#15961,#15962);
#15960 = CARTESIAN_POINT('',(100.,-146.999999,-5.E-02));
#15961 = DIRECTION('',(0.,0.,1.));
#15962 = DIRECTION('',(1.,0.,-0.));
#15963 = FACE_BOUND('',#15964,.T.);
#15964 = EDGE_LOOP('',(#15965));
#15965 = ORIENTED_EDGE('',*,*,#15966,.T.);
#15966 = EDGE_CURVE('',#15967,#15967,#15969,.T.);
#15967 = VERTEX_POINT('',#15968);
#15968 = CARTESIAN_POINT('',(115.937485,-146.999999,-5.E-02));
#15969 = CIRCLE('',#15970,3.237485);
#15970 = AXIS2_PLACEMENT_3D('',#15971,#15972,#15973);
#15971 = CARTESIAN_POINT('',(112.7,-146.999999,-5.E-02));
#15972 = DIRECTION('',(0.,0.,1.));
#15973 = DIRECTION('',(1.,0.,-0.));
#15974 = FACE_BOUND('',#15975,.T.);
#15975 = EDGE_LOOP('',(#15976));
#15976 = ORIENTED_EDGE('',*,*,#15977,.T.);
#15977 = EDGE_CURVE('',#15978,#15978,#15980,.T.);
#15978 = VERTEX_POINT('',#15979);
#15979 = CARTESIAN_POINT('',(77.837485,-134.3,-5.E-02));
#15980 = CIRCLE('',#15981,3.237485);
#15981 = AXIS2_PLACEMENT_3D('',#15982,#15983,#15984);
#15982 = CARTESIAN_POINT('',(74.6,-134.3,-5.E-02));
#15983 = DIRECTION('',(0.,0.,1.));
#15984 = DIRECTION('',(1.,0.,-0.));
#15985 = FACE_BOUND('',#15986,.T.);
#15986 = EDGE_LOOP('',(#15987));
#15987 = ORIENTED_EDGE('',*,*,#15988,.T.);
#15988 = EDGE_CURVE('',#15989,#15989,#15991,.T.);
#15989 = VERTEX_POINT('',#15990);
#15990 = CARTESIAN_POINT('',(90.537485,-134.3,-5.E-02));
#15991 = CIRCLE('',#15992,3.237485);
#15992 = AXIS2_PLACEMENT_3D('',#15993,#15994,#15995);
#15993 = CARTESIAN_POINT('',(87.3,-134.3,-5.E-02));
#15994 = DIRECTION('',(0.,0.,1.));
#15995 = DIRECTION('',(1.,0.,-0.));
#15996 = FACE_BOUND('',#15997,.T.);
#15997 = EDGE_LOOP('',(#15998));
#15998 = ORIENTED_EDGE('',*,*,#15999,.T.);
#15999 = EDGE_CURVE('',#16000,#16000,#16002,.T.);
#16000 = VERTEX_POINT('',#16001);
#16001 = CARTESIAN_POINT('',(103.237485,-134.3,-5.E-02));
#16002 = CIRCLE('',#16003,3.237485);
#16003 = AXIS2_PLACEMENT_3D('',#16004,#16005,#16006);
#16004 = CARTESIAN_POINT('',(100.,-134.3,-5.E-02));
#16005 = DIRECTION('',(0.,0.,1.));
#16006 = DIRECTION('',(1.,0.,-0.));
#16007 = FACE_BOUND('',#16008,.T.);
#16008 = EDGE_LOOP('',(#16009));
#16009 = ORIENTED_EDGE('',*,*,#16010,.T.);
#16010 = EDGE_CURVE('',#16011,#16011,#16013,.T.);
#16011 = VERTEX_POINT('',#16012);
#16012 = CARTESIAN_POINT('',(115.937485,-134.3,-5.E-02));
#16013 = CIRCLE('',#16014,3.237485);
#16014 = AXIS2_PLACEMENT_3D('',#16015,#16016,#16017);
#16015 = CARTESIAN_POINT('',(112.7,-134.3,-5.E-02));
#16016 = DIRECTION('',(0.,0.,1.));
#16017 = DIRECTION('',(1.,0.,-0.));
#16018 = FACE_BOUND('',#16019,.T.);
#16019 = EDGE_LOOP('',(#16020));
#16020 = ORIENTED_EDGE('',*,*,#16021,.T.);
#16021 = EDGE_CURVE('',#16022,#16022,#16024,.T.);
#16022 = VERTEX_POINT('',#16023);
#16023 = CARTESIAN_POINT('',(77.837485,-121.6,-5.E-02));
#16024 = CIRCLE('',#16025,3.237485);
#16025 = AXIS2_PLACEMENT_3D('',#16026,#16027,#16028);
#16026 = CARTESIAN_POINT('',(74.6,-121.6,-5.E-02));
#16027 = DIRECTION('',(0.,0.,1.));
#16028 = DIRECTION('',(1.,0.,-0.));
#16029 = FACE_BOUND('',#16030,.T.);
#16030 = EDGE_LOOP('',(#16031));
#16031 = ORIENTED_EDGE('',*,*,#16032,.T.);
#16032 = EDGE_CURVE('',#16033,#16033,#16035,.T.);
#16033 = VERTEX_POINT('',#16034);
#16034 = CARTESIAN_POINT('',(90.537485,-121.6,-5.E-02));
#16035 = CIRCLE('',#16036,3.237485);
#16036 = AXIS2_PLACEMENT_3D('',#16037,#16038,#16039);
#16037 = CARTESIAN_POINT('',(87.3,-121.6,-5.E-02));
#16038 = DIRECTION('',(0.,0.,1.));
#16039 = DIRECTION('',(1.,0.,-0.));
#16040 = FACE_BOUND('',#16041,.T.);
#16041 = EDGE_LOOP('',(#16042));
#16042 = ORIENTED_EDGE('',*,*,#16043,.T.);
#16043 = EDGE_CURVE('',#16044,#16044,#16046,.T.);
#16044 = VERTEX_POINT('',#16045);
#16045 = CARTESIAN_POINT('',(103.237485,-121.6,-5.E-02));
#16046 = CIRCLE('',#16047,3.237485);
#16047 = AXIS2_PLACEMENT_3D('',#16048,#16049,#16050);
#16048 = CARTESIAN_POINT('',(100.,-121.6,-5.E-02));
#16049 = DIRECTION('',(0.,0.,1.));
#16050 = DIRECTION('',(1.,0.,-0.));
#16051 = FACE_BOUND('',#16052,.T.);
#16052 = EDGE_LOOP('',(#16053));
#16053 = ORIENTED_EDGE('',*,*,#16054,.T.);
#16054 = EDGE_CURVE('',#16055,#16055,#16057,.T.);
#16055 = VERTEX_POINT('',#16056);
#16056 = CARTESIAN_POINT('',(115.937485,-121.6,-5.E-02));
#16057 = CIRCLE('',#16058,3.237485);
#16058 = AXIS2_PLACEMENT_3D('',#16059,#16060,#16061);
#16059 = CARTESIAN_POINT('',(112.7,-121.6,-5.E-02));
#16060 = DIRECTION('',(0.,0.,1.));
#16061 = DIRECTION('',(1.,0.,-0.));
#16062 = FACE_BOUND('',#16063,.T.);
#16063 = EDGE_LOOP('',(#16064));
#16064 = ORIENTED_EDGE('',*,*,#16065,.T.);
#16065 = EDGE_CURVE('',#16066,#16066,#16068,.T.);
#16066 = VERTEX_POINT('',#16067);
#16067 = CARTESIAN_POINT('',(77.837485,-108.,-5.E-02));
#16068 = CIRCLE('',#16069,3.237485);
#16069 = AXIS2_PLACEMENT_3D('',#16070,#16071,#16072);
#16070 = CARTESIAN_POINT('',(74.6,-108.,-5.E-02));
#16071 = DIRECTION('',(0.,0.,1.));
#16072 = DIRECTION('',(1.,0.,-0.));
#16073 = FACE_BOUND('',#16074,.T.);
#16074 = EDGE_LOOP('',(#16075));
#16075 = ORIENTED_EDGE('',*,*,#16076,.T.);
#16076 = EDGE_CURVE('',#16077,#16077,#16079,.T.);
#16077 = VERTEX_POINT('',#16078);
#16078 = CARTESIAN_POINT('',(90.537485,-108.,-5.E-02));
#16079 = CIRCLE('',#16080,3.237485);
#16080 = AXIS2_PLACEMENT_3D('',#16081,#16082,#16083);
#16081 = CARTESIAN_POINT('',(87.3,-108.,-5.E-02));
#16082 = DIRECTION('',(0.,0.,1.));
#16083 = DIRECTION('',(1.,0.,-0.));
#16084 = FACE_BOUND('',#16085,.T.);
#16085 = EDGE_LOOP('',(#16086,#16096,#16104,#16112));
#16086 = ORIENTED_EDGE('',*,*,#16087,.T.);
#16087 = EDGE_CURVE('',#16088,#16090,#16092,.T.);
#16088 = VERTEX_POINT('',#16089);
#16089 = CARTESIAN_POINT('',(100.7,-69.07,-5.E-02));
#16090 = VERTEX_POINT('',#16091);
#16091 = CARTESIAN_POINT('',(100.7,-54.37,-5.E-02));
#16092 = LINE('',#16093,#16094);
#16093 = CARTESIAN_POINT('',(100.7,-69.07,-5.E-02));
#16094 = VECTOR('',#16095,1.);
#16095 = DIRECTION('',(0.,1.,0.));
#16096 = ORIENTED_EDGE('',*,*,#16097,.T.);
#16097 = EDGE_CURVE('',#16090,#16098,#16100,.T.);
#16098 = VERTEX_POINT('',#16099);
#16099 = CARTESIAN_POINT('',(71.3,-54.37,-5.E-02));
#16100 = LINE('',#16101,#16102);
#16101 = CARTESIAN_POINT('',(100.7,-54.37,-5.E-02));
#16102 = VECTOR('',#16103,1.);
#16103 = DIRECTION('',(-1.,0.,0.));
#16104 = ORIENTED_EDGE('',*,*,#16105,.T.);
#16105 = EDGE_CURVE('',#16098,#16106,#16108,.T.);
#16106 = VERTEX_POINT('',#16107);
#16107 = CARTESIAN_POINT('',(71.3,-69.07,-5.E-02));
#16108 = LINE('',#16109,#16110);
#16109 = CARTESIAN_POINT('',(71.3,-54.37,-5.E-02));
#16110 = VECTOR('',#16111,1.);
#16111 = DIRECTION('',(0.,-1.,0.));
#16112 = ORIENTED_EDGE('',*,*,#16113,.T.);
#16113 = EDGE_CURVE('',#16106,#16088,#16114,.T.);
#16114 = LINE('',#16115,#16116);
#16115 = CARTESIAN_POINT('',(71.3,-69.07,-5.E-02));
#16116 = VECTOR('',#16117,1.);
#16117 = DIRECTION('',(1.,0.,0.));
#16118 = FACE_BOUND('',#16119,.T.);
#16119 = EDGE_LOOP('',(#16120,#16131,#16139,#16148,#16156,#16165));
#16120 = ORIENTED_EDGE('',*,*,#16121,.T.);
#16121 = EDGE_CURVE('',#16122,#16124,#16126,.T.);
#16122 = VERTEX_POINT('',#16123);
#16123 = CARTESIAN_POINT('',(73.325236,-37.1625,-5.E-02));
#16124 = VERTEX_POINT('',#16125);
#16125 = CARTESIAN_POINT('',(71.781399,-39.120585,-5.E-02));
#16126 = CIRCLE('',#16127,1.58751357779);
#16127 = AXIS2_PLACEMENT_3D('',#16128,#16129,#16130);
#16128 = CARTESIAN_POINT('',(73.325055753662,-38.75001356755,-5.E-02));
#16129 = DIRECTION('',(0.,0.,1.));
#16130 = DIRECTION('',(1.135400291095E-04,0.999999993554,-0.));
#16131 = ORIENTED_EDGE('',*,*,#16132,.T.);
#16132 = EDGE_CURVE('',#16124,#16133,#16135,.T.);
#16133 = VERTEX_POINT('',#16134);
#16134 = CARTESIAN_POINT('',(71.858376,-39.357491,-5.E-02));
#16135 = LINE('',#16136,#16137);
#16136 = CARTESIAN_POINT('',(71.781399,-39.120585,-5.E-02));
#16137 = VECTOR('',#16138,1.);
#16138 = DIRECTION('',(0.309022711385,-0.951054658707,0.));
#16139 = ORIENTED_EDGE('',*,*,#16140,.T.);
#16140 = EDGE_CURVE('',#16133,#16141,#16143,.T.);
#16141 = VERTEX_POINT('',#16142);
#16142 = CARTESIAN_POINT('',(73.325236,-40.3375,-5.E-02));
#16143 = CIRCLE('',#16144,1.587583935955);
#16144 = AXIS2_PLACEMENT_3D('',#16145,#16146,#16147);
#16145 = CARTESIAN_POINT('',(73.325098692985,-38.74991606998,-5.E-02));
#16146 = DIRECTION('',(0.,0.,1.));
#16147 = DIRECTION('',(-0.923870958736,-0.382704130634,0.));
#16148 = ORIENTED_EDGE('',*,*,#16149,.T.);
#16149 = EDGE_CURVE('',#16141,#16150,#16152,.T.);
#16150 = VERTEX_POINT('',#16151);
#16151 = CARTESIAN_POINT('',(75.874764,-40.3375,-5.E-02));
#16152 = LINE('',#16153,#16154);
#16153 = CARTESIAN_POINT('',(73.325236,-40.3375,-5.E-02));
#16154 = VECTOR('',#16155,1.);
#16155 = DIRECTION('',(1.,0.,0.));
#16156 = ORIENTED_EDGE('',*,*,#16157,.T.);
#16157 = EDGE_CURVE('',#16150,#16158,#16160,.T.);
#16158 = VERTEX_POINT('',#16159);
#16159 = CARTESIAN_POINT('',(75.874764,-37.1625,-5.E-02));
#16160 = CIRCLE('',#16161,1.587500009742);
#16161 = AXIS2_PLACEMENT_3D('',#16162,#16163,#16164);
#16162 = CARTESIAN_POINT('',(75.874939874663,-38.75,-5.E-02));
#16163 = DIRECTION('',(0.,0.,1.));
#16164 = DIRECTION('',(-1.107871889249E-04,-0.999999993863,0.));
#16165 = ORIENTED_EDGE('',*,*,#16166,.T.);
#16166 = EDGE_CURVE('',#16158,#16122,#16167,.T.);
#16167 = LINE('',#16168,#16169);
#16168 = CARTESIAN_POINT('',(75.874764,-37.1625,-5.E-02));
#16169 = VECTOR('',#16170,1.);
#16170 = DIRECTION('',(-1.,0.,0.));
#16171 = FACE_BOUND('',#16172,.T.);
#16172 = EDGE_LOOP('',(#16173,#16184,#16192,#16201,#16209,#16218));
#16173 = ORIENTED_EDGE('',*,*,#16174,.T.);
#16174 = EDGE_CURVE('',#16175,#16177,#16179,.T.);
#16175 = VERTEX_POINT('',#16176);
#16176 = CARTESIAN_POINT('',(124.125236,-37.1625,-5.E-02));
#16177 = VERTEX_POINT('',#16178);
#16178 = CARTESIAN_POINT('',(122.581399,-39.120585,-5.E-02));
#16179 = CIRCLE('',#16180,1.58751357779);
#16180 = AXIS2_PLACEMENT_3D('',#16181,#16182,#16183);
#16181 = CARTESIAN_POINT('',(124.12505575366,-38.75001356755,-5.E-02));
#16182 = DIRECTION('',(0.,0.,1.));
#16183 = DIRECTION('',(1.135400291184E-04,0.999999993554,-0.));
#16184 = ORIENTED_EDGE('',*,*,#16185,.T.);
#16185 = EDGE_CURVE('',#16177,#16186,#16188,.T.);
#16186 = VERTEX_POINT('',#16187);
#16187 = CARTESIAN_POINT('',(122.658376,-39.357491,-5.E-02));
#16188 = LINE('',#16189,#16190);
#16189 = CARTESIAN_POINT('',(122.581399,-39.120585,-5.E-02));
#16190 = VECTOR('',#16191,1.);
#16191 = DIRECTION('',(0.309022711385,-0.951054658707,0.));
#16192 = ORIENTED_EDGE('',*,*,#16193,.T.);
#16193 = EDGE_CURVE('',#16186,#16194,#16196,.T.);
#16194 = VERTEX_POINT('',#16195);
#16195 = CARTESIAN_POINT('',(124.125236,-40.3375,-5.E-02));
#16196 = CIRCLE('',#16197,1.587583935955);
#16197 = AXIS2_PLACEMENT_3D('',#16198,#16199,#16200);
#16198 = CARTESIAN_POINT('',(124.12509869298,-38.74991606998,-5.E-02));
#16199 = DIRECTION('',(0.,0.,1.));
#16200 = DIRECTION('',(-0.923870958736,-0.382704130634,0.));
#16201 = ORIENTED_EDGE('',*,*,#16202,.T.);
#16202 = EDGE_CURVE('',#16194,#16203,#16205,.T.);
#16203 = VERTEX_POINT('',#16204);
#16204 = CARTESIAN_POINT('',(126.674764,-40.3375,-5.E-02));
#16205 = LINE('',#16206,#16207);
#16206 = CARTESIAN_POINT('',(124.125236,-40.3375,-5.E-02));
#16207 = VECTOR('',#16208,1.);
#16208 = DIRECTION('',(1.,0.,0.));
#16209 = ORIENTED_EDGE('',*,*,#16210,.T.);
#16210 = EDGE_CURVE('',#16203,#16211,#16213,.T.);
#16211 = VERTEX_POINT('',#16212);
#16212 = CARTESIAN_POINT('',(126.674764,-37.1625,-5.E-02));
#16213 = CIRCLE('',#16214,1.587500009742);
#16214 = AXIS2_PLACEMENT_3D('',#16215,#16216,#16217);
#16215 = CARTESIAN_POINT('',(126.67493987466,-38.75,-5.E-02));
#16216 = DIRECTION('',(0.,0.,1.));
#16217 = DIRECTION('',(-1.107871889339E-04,-0.999999993863,0.));
#16218 = ORIENTED_EDGE('',*,*,#16219,.T.);
#16219 = EDGE_CURVE('',#16211,#16175,#16220,.T.);
#16220 = LINE('',#16221,#16222);
#16221 = CARTESIAN_POINT('',(126.674764,-37.1625,-5.E-02));
#16222 = VECTOR('',#16223,1.);
#16223 = DIRECTION('',(-1.,0.,0.));
#16224 = PLANE('',#16225);
#16225 = AXIS2_PLACEMENT_3D('',#16226,#16227,#16228);
#16226 = CARTESIAN_POINT('',(0.,0.,-5.E-02));
#16227 = DIRECTION('',(-0.,-0.,-1.));
#16228 = DIRECTION('',(-1.,0.,0.));
#16229 = ( GEOMETRIC_REPRESENTATION_CONTEXT(3) 
GLOBAL_UNCERTAINTY_ASSIGNED_CONTEXT((#16233)) 
GLOBAL_UNIT_ASSIGNED_CONTEXT((#16230,#16231,#16232)) 
REPRESENTATION_CONTEXT('Context #1',
  '3D Context with UNIT and UNCERTAINTY') );
#16230 = ( LENGTH_UNIT() NAMED_UNIT(*) SI_UNIT(.MILLI.,.METRE.) );
#16231 = ( NAMED_UNIT(*) PLANE_ANGLE_UNIT() SI_UNIT($,.RADIAN.) );
#16232 = ( NAMED_UNIT(*) SI_UNIT($,.STERADIAN.) SOLID_ANGLE_UNIT() );
#16233 = UNCERTAINTY_MEASURE_WITH_UNIT(LENGTH_MEASURE(1.E-07),#16230,
  'distance_accuracy_value','confusion accuracy');
#16234 = CONTEXT_DEPENDENT_SHAPE_REPRESENTATION(#16235,#16237);
#16235 = ( REPRESENTATION_RELATIONSHIP('','',#15786,#10) 
REPRESENTATION_RELATIONSHIP_WITH_TRANSFORMATION(#16236) 
SHAPE_REPRESENTATION_RELATIONSHIP() );
#16236 = ITEM_DEFINED_TRANSFORMATION('','',#11,#27);
#16237 = PRODUCT_DEFINITION_SHAPE('Placement','Placement of an item',
  #16238);
#16238 = NEXT_ASSEMBLY_USAGE_OCCURRENCE('4','=>[0:1:1:5]','',#5,#15781,$
  );
#16239 = PRODUCT_RELATED_PRODUCT_CATEGORY('part',$,(#15783));
#16240 = SHAPE_DEFINITION_REPRESENTATION(#16241,#16247);
#16241 = PRODUCT_DEFINITION_SHAPE('','',#16242);
#16242 = PRODUCT_DEFINITION('design','',#16243,#16246);
#16243 = PRODUCT_DEFINITION_FORMATION('','',#16244);
#16244 = PRODUCT('Light_Commander_panel_PCB','Light_Commander_panel_PCB'
  ,'',(#16245));
#16245 = PRODUCT_CONTEXT('',#2,'mechanical');
#16246 = PRODUCT_DEFINITION_CONTEXT('part definition',#2,'design');
#16247 = ADVANCED_BREP_SHAPE_REPRESENTATION('',(#11,#16248),#17640);
#16248 = MANIFOLD_SOLID_BREP('',#16249);
#16249 = CLOSED_SHELL('',(#16250,#16290,#16321,#16352,#16701,#17050,
    #17062,#17084,#17101,#17118,#17130,#17147,#17164,#17181,#17198,
    #17215,#17232,#17249,#17266,#17283,#17300,#17317,#17334,#17356,
    #17373,#17390,#17402,#17419,#17436,#17458,#17475,#17492,#17504,
    #17526,#17543,#17560,#17572,#17594,#17611,#17628));
#16250 = ADVANCED_FACE('',(#16251),#16285,.T.);
#16251 = FACE_BOUND('',#16252,.T.);
#16252 = EDGE_LOOP('',(#16253,#16263,#16271,#16279));
#16253 = ORIENTED_EDGE('',*,*,#16254,.T.);
#16254 = EDGE_CURVE('',#16255,#16257,#16259,.T.);
#16255 = VERTEX_POINT('',#16256);
#16256 = CARTESIAN_POINT('',(135.4,-164.25,0.));
#16257 = VERTEX_POINT('',#16258);
#16258 = CARTESIAN_POINT('',(135.4,-164.25,1.51));
#16259 = LINE('',#16260,#16261);
#16260 = CARTESIAN_POINT('',(135.4,-164.25,0.));
#16261 = VECTOR('',#16262,1.);
#16262 = DIRECTION('',(0.,0.,1.));
#16263 = ORIENTED_EDGE('',*,*,#16264,.T.);
#16264 = EDGE_CURVE('',#16257,#16265,#16267,.T.);
#16265 = VERTEX_POINT('',#16266);
#16266 = CARTESIAN_POINT('',(64.6,-164.25,1.51));
#16267 = LINE('',#16268,#16269);
#16268 = CARTESIAN_POINT('',(135.4,-164.25,1.51));
#16269 = VECTOR('',#16270,1.);
#16270 = DIRECTION('',(-1.,0.,0.));
#16271 = ORIENTED_EDGE('',*,*,#16272,.F.);
#16272 = EDGE_CURVE('',#16273,#16265,#16275,.T.);
#16273 = VERTEX_POINT('',#16274);
#16274 = CARTESIAN_POINT('',(64.6,-164.25,0.));
#16275 = LINE('',#16276,#16277);
#16276 = CARTESIAN_POINT('',(64.6,-164.25,0.));
#16277 = VECTOR('',#16278,1.);
#16278 = DIRECTION('',(0.,0.,1.));
#16279 = ORIENTED_EDGE('',*,*,#16280,.F.);
#16280 = EDGE_CURVE('',#16255,#16273,#16281,.T.);
#16281 = LINE('',#16282,#16283);
#16282 = CARTESIAN_POINT('',(135.4,-164.25,0.));
#16283 = VECTOR('',#16284,1.);
#16284 = DIRECTION('',(-1.,0.,0.));
#16285 = PLANE('',#16286);
#16286 = AXIS2_PLACEMENT_3D('',#16287,#16288,#16289);
#16287 = CARTESIAN_POINT('',(135.4,-164.25,0.));
#16288 = DIRECTION('',(0.,-1.,0.));
#16289 = DIRECTION('',(-1.,0.,0.));
#16290 = ADVANCED_FACE('',(#16291),#16316,.T.);
#16291 = FACE_BOUND('',#16292,.T.);
#16292 = EDGE_LOOP('',(#16293,#16303,#16309,#16310));
#16293 = ORIENTED_EDGE('',*,*,#16294,.T.);
#16294 = EDGE_CURVE('',#16295,#16297,#16299,.T.);
#16295 = VERTEX_POINT('',#16296);
#16296 = CARTESIAN_POINT('',(135.4,-35.75,0.));
#16297 = VERTEX_POINT('',#16298);
#16298 = CARTESIAN_POINT('',(135.4,-35.75,1.51));
#16299 = LINE('',#16300,#16301);
#16300 = CARTESIAN_POINT('',(135.4,-35.75,0.));
#16301 = VECTOR('',#16302,1.);
#16302 = DIRECTION('',(0.,0.,1.));
#16303 = ORIENTED_EDGE('',*,*,#16304,.T.);
#16304 = EDGE_CURVE('',#16297,#16257,#16305,.T.);
#16305 = LINE('',#16306,#16307);
#16306 = CARTESIAN_POINT('',(135.4,-35.75,1.51));
#16307 = VECTOR('',#16308,1.);
#16308 = DIRECTION('',(0.,-1.,0.));
#16309 = ORIENTED_EDGE('',*,*,#16254,.F.);
#16310 = ORIENTED_EDGE('',*,*,#16311,.F.);
#16311 = EDGE_CURVE('',#16295,#16255,#16312,.T.);
#16312 = LINE('',#16313,#16314);
#16313 = CARTESIAN_POINT('',(135.4,-35.75,0.));
#16314 = VECTOR('',#16315,1.);
#16315 = DIRECTION('',(0.,-1.,0.));
#16316 = PLANE('',#16317);
#16317 = AXIS2_PLACEMENT_3D('',#16318,#16319,#16320);
#16318 = CARTESIAN_POINT('',(135.4,-35.75,0.));
#16319 = DIRECTION('',(1.,0.,-0.));
#16320 = DIRECTION('',(0.,-1.,0.));
#16321 = ADVANCED_FACE('',(#16322),#16347,.T.);
#16322 = FACE_BOUND('',#16323,.T.);
#16323 = EDGE_LOOP('',(#16324,#16325,#16333,#16341));
#16324 = ORIENTED_EDGE('',*,*,#16272,.T.);
#16325 = ORIENTED_EDGE('',*,*,#16326,.T.);
#16326 = EDGE_CURVE('',#16265,#16327,#16329,.T.);
#16327 = VERTEX_POINT('',#16328);
#16328 = CARTESIAN_POINT('',(64.6,-35.75,1.51));
#16329 = LINE('',#16330,#16331);
#16330 = CARTESIAN_POINT('',(64.6,-164.25,1.51));
#16331 = VECTOR('',#16332,1.);
#16332 = DIRECTION('',(0.,1.,0.));
#16333 = ORIENTED_EDGE('',*,*,#16334,.F.);
#16334 = EDGE_CURVE('',#16335,#16327,#16337,.T.);
#16335 = VERTEX_POINT('',#16336);
#16336 = CARTESIAN_POINT('',(64.6,-35.75,0.));
#16337 = LINE('',#16338,#16339);
#16338 = CARTESIAN_POINT('',(64.6,-35.75,0.));
#16339 = VECTOR('',#16340,1.);
#16340 = DIRECTION('',(0.,0.,1.));
#16341 = ORIENTED_EDGE('',*,*,#16342,.F.);
#16342 = EDGE_CURVE('',#16273,#16335,#16343,.T.);
#16343 = LINE('',#16344,#16345);
#16344 = CARTESIAN_POINT('',(64.6,-164.25,0.));
#16345 = VECTOR('',#16346,1.);
#16346 = DIRECTION('',(0.,1.,0.));
#16347 = PLANE('',#16348);
#16348 = AXIS2_PLACEMENT_3D('',#16349,#16350,#16351);
#16349 = CARTESIAN_POINT('',(64.6,-164.25,0.));
#16350 = DIRECTION('',(-1.,0.,0.));
#16351 = DIRECTION('',(0.,1.,0.));
#16352 = ADVANCED_FACE('',(#16353,#16364,#16400,#16411,#16422,#16433,
    #16444,#16455,#16466,#16477,#16488,#16499,#16510,#16521,#16532,
    #16568,#16579,#16590,#16626,#16660),#16696,.F.);
#16353 = FACE_BOUND('',#16354,.F.);
#16354 = EDGE_LOOP('',(#16355,#16356,#16357,#16363));
#16355 = ORIENTED_EDGE('',*,*,#16280,.F.);
#16356 = ORIENTED_EDGE('',*,*,#16311,.F.);
#16357 = ORIENTED_EDGE('',*,*,#16358,.F.);
#16358 = EDGE_CURVE('',#16335,#16295,#16359,.T.);
#16359 = LINE('',#16360,#16361);
#16360 = CARTESIAN_POINT('',(64.6,-35.75,0.));
#16361 = VECTOR('',#16362,1.);
#16362 = DIRECTION('',(1.,0.,0.));
#16363 = ORIENTED_EDGE('',*,*,#16342,.F.);
#16364 = FACE_BOUND('',#16365,.F.);
#16365 = EDGE_LOOP('',(#16366,#16377,#16385,#16394));
#16366 = ORIENTED_EDGE('',*,*,#16367,.T.);
#16367 = EDGE_CURVE('',#16368,#16370,#16372,.T.);
#16368 = VERTEX_POINT('',#16369);
#16369 = CARTESIAN_POINT('',(73.325,-162.85,0.));
#16370 = VERTEX_POINT('',#16371);
#16371 = CARTESIAN_POINT('',(73.325,-159.65,0.));
#16372 = CIRCLE('',#16373,1.6);
#16373 = AXIS2_PLACEMENT_3D('',#16374,#16375,#16376);
#16374 = CARTESIAN_POINT('',(73.325,-161.25,0.));
#16375 = DIRECTION('',(-0.,0.,-1.));
#16376 = DIRECTION('',(-8.881784197001E-15,1.,0.));
#16377 = ORIENTED_EDGE('',*,*,#16378,.T.);
#16378 = EDGE_CURVE('',#16370,#16379,#16381,.T.);
#16379 = VERTEX_POINT('',#16380);
#16380 = CARTESIAN_POINT('',(75.875,-159.65,0.));
#16381 = LINE('',#16382,#16383);
#16382 = CARTESIAN_POINT('',(37.9375,-159.65,0.));
#16383 = VECTOR('',#16384,1.);
#16384 = DIRECTION('',(1.,0.,-0.));
#16385 = ORIENTED_EDGE('',*,*,#16386,.T.);
#16386 = EDGE_CURVE('',#16379,#16387,#16389,.T.);
#16387 = VERTEX_POINT('',#16388);
#16388 = CARTESIAN_POINT('',(75.875,-162.85,0.));
#16389 = CIRCLE('',#16390,1.6);
#16390 = AXIS2_PLACEMENT_3D('',#16391,#16392,#16393);
#16391 = CARTESIAN_POINT('',(75.875,-161.25,0.));
#16392 = DIRECTION('',(-0.,0.,-1.));
#16393 = DIRECTION('',(8.881784197001E-15,-1.,-0.));
#16394 = ORIENTED_EDGE('',*,*,#16395,.T.);
#16395 = EDGE_CURVE('',#16387,#16368,#16396,.T.);
#16396 = LINE('',#16397,#16398);
#16397 = CARTESIAN_POINT('',(36.6625,-162.85,0.));
#16398 = VECTOR('',#16399,1.);
#16399 = DIRECTION('',(-1.,0.,0.));
#16400 = FACE_BOUND('',#16401,.F.);
#16401 = EDGE_LOOP('',(#16402));
#16402 = ORIENTED_EDGE('',*,*,#16403,.T.);
#16403 = EDGE_CURVE('',#16404,#16404,#16406,.T.);
#16404 = VERTEX_POINT('',#16405);
#16405 = CARTESIAN_POINT('',(74.6,-150.25,0.));
#16406 = CIRCLE('',#16407,3.25);
#16407 = AXIS2_PLACEMENT_3D('',#16408,#16409,#16410);
#16408 = CARTESIAN_POINT('',(74.6,-147.,0.));
#16409 = DIRECTION('',(-0.,0.,-1.));
#16410 = DIRECTION('',(-0.,-1.,0.));
#16411 = FACE_BOUND('',#16412,.F.);
#16412 = EDGE_LOOP('',(#16413));
#16413 = ORIENTED_EDGE('',*,*,#16414,.T.);
#16414 = EDGE_CURVE('',#16415,#16415,#16417,.T.);
#16415 = VERTEX_POINT('',#16416);
#16416 = CARTESIAN_POINT('',(74.6,-137.55,0.));
#16417 = CIRCLE('',#16418,3.25);
#16418 = AXIS2_PLACEMENT_3D('',#16419,#16420,#16421);
#16419 = CARTESIAN_POINT('',(74.6,-134.3,0.));
#16420 = DIRECTION('',(-0.,0.,-1.));
#16421 = DIRECTION('',(-0.,-1.,0.));
#16422 = FACE_BOUND('',#16423,.F.);
#16423 = EDGE_LOOP('',(#16424));
#16424 = ORIENTED_EDGE('',*,*,#16425,.T.);
#16425 = EDGE_CURVE('',#16426,#16426,#16428,.T.);
#16426 = VERTEX_POINT('',#16427);
#16427 = CARTESIAN_POINT('',(87.3,-150.249999,0.));
#16428 = CIRCLE('',#16429,3.25);
#16429 = AXIS2_PLACEMENT_3D('',#16430,#16431,#16432);
#16430 = CARTESIAN_POINT('',(87.3,-146.999999,0.));
#16431 = DIRECTION('',(-0.,0.,-1.));
#16432 = DIRECTION('',(-0.,-1.,0.));
#16433 = FACE_BOUND('',#16434,.F.);
#16434 = EDGE_LOOP('',(#16435));
#16435 = ORIENTED_EDGE('',*,*,#16436,.T.);
#16436 = EDGE_CURVE('',#16437,#16437,#16439,.T.);
#16437 = VERTEX_POINT('',#16438);
#16438 = CARTESIAN_POINT('',(87.3,-137.55,0.));
#16439 = CIRCLE('',#16440,3.25);
#16440 = AXIS2_PLACEMENT_3D('',#16441,#16442,#16443);
#16441 = CARTESIAN_POINT('',(87.3,-134.3,0.));
#16442 = DIRECTION('',(-0.,0.,-1.));
#16443 = DIRECTION('',(-0.,-1.,0.));
#16444 = FACE_BOUND('',#16445,.F.);
#16445 = EDGE_LOOP('',(#16446));
#16446 = ORIENTED_EDGE('',*,*,#16447,.T.);
#16447 = EDGE_CURVE('',#16448,#16448,#16450,.T.);
#16448 = VERTEX_POINT('',#16449);
#16449 = CARTESIAN_POINT('',(74.6,-124.85,0.));
#16450 = CIRCLE('',#16451,3.25);
#16451 = AXIS2_PLACEMENT_3D('',#16452,#16453,#16454);
#16452 = CARTESIAN_POINT('',(74.6,-121.6,0.));
#16453 = DIRECTION('',(-0.,0.,-1.));
#16454 = DIRECTION('',(-0.,-1.,0.));
#16455 = FACE_BOUND('',#16456,.F.);
#16456 = EDGE_LOOP('',(#16457));
#16457 = ORIENTED_EDGE('',*,*,#16458,.T.);
#16458 = EDGE_CURVE('',#16459,#16459,#16461,.T.);
#16459 = VERTEX_POINT('',#16460);
#16460 = CARTESIAN_POINT('',(74.6,-111.25,0.));
#16461 = CIRCLE('',#16462,3.25);
#16462 = AXIS2_PLACEMENT_3D('',#16463,#16464,#16465);
#16463 = CARTESIAN_POINT('',(74.6,-108.,0.));
#16464 = DIRECTION('',(-0.,0.,-1.));
#16465 = DIRECTION('',(-0.,-1.,0.));
#16466 = FACE_BOUND('',#16467,.F.);
#16467 = EDGE_LOOP('',(#16468));
#16468 = ORIENTED_EDGE('',*,*,#16469,.T.);
#16469 = EDGE_CURVE('',#16470,#16470,#16472,.T.);
#16470 = VERTEX_POINT('',#16471);
#16471 = CARTESIAN_POINT('',(87.3,-124.85,0.));
#16472 = CIRCLE('',#16473,3.25);
#16473 = AXIS2_PLACEMENT_3D('',#16474,#16475,#16476);
#16474 = CARTESIAN_POINT('',(87.3,-121.6,0.));
#16475 = DIRECTION('',(-0.,0.,-1.));
#16476 = DIRECTION('',(-0.,-1.,0.));
#16477 = FACE_BOUND('',#16478,.F.);
#16478 = EDGE_LOOP('',(#16479));
#16479 = ORIENTED_EDGE('',*,*,#16480,.T.);
#16480 = EDGE_CURVE('',#16481,#16481,#16483,.T.);
#16481 = VERTEX_POINT('',#16482);
#16482 = CARTESIAN_POINT('',(87.3,-111.25,0.));
#16483 = CIRCLE('',#16484,3.25);
#16484 = AXIS2_PLACEMENT_3D('',#16485,#16486,#16487);
#16485 = CARTESIAN_POINT('',(87.3,-108.,0.));
#16486 = DIRECTION('',(-0.,0.,-1.));
#16487 = DIRECTION('',(-0.,-1.,0.));
#16488 = FACE_BOUND('',#16489,.F.);
#16489 = EDGE_LOOP('',(#16490));
#16490 = ORIENTED_EDGE('',*,*,#16491,.T.);
#16491 = EDGE_CURVE('',#16492,#16492,#16494,.T.);
#16492 = VERTEX_POINT('',#16493);
#16493 = CARTESIAN_POINT('',(100.,-150.249999,0.));
#16494 = CIRCLE('',#16495,3.25);
#16495 = AXIS2_PLACEMENT_3D('',#16496,#16497,#16498);
#16496 = CARTESIAN_POINT('',(100.,-146.999999,0.));
#16497 = DIRECTION('',(-0.,0.,-1.));
#16498 = DIRECTION('',(-0.,-1.,0.));
#16499 = FACE_BOUND('',#16500,.F.);
#16500 = EDGE_LOOP('',(#16501));
#16501 = ORIENTED_EDGE('',*,*,#16502,.T.);
#16502 = EDGE_CURVE('',#16503,#16503,#16505,.T.);
#16503 = VERTEX_POINT('',#16504);
#16504 = CARTESIAN_POINT('',(100.,-137.55,0.));
#16505 = CIRCLE('',#16506,3.25);
#16506 = AXIS2_PLACEMENT_3D('',#16507,#16508,#16509);
#16507 = CARTESIAN_POINT('',(100.,-134.3,0.));
#16508 = DIRECTION('',(-0.,0.,-1.));
#16509 = DIRECTION('',(-0.,-1.,0.));
#16510 = FACE_BOUND('',#16511,.F.);
#16511 = EDGE_LOOP('',(#16512));
#16512 = ORIENTED_EDGE('',*,*,#16513,.T.);
#16513 = EDGE_CURVE('',#16514,#16514,#16516,.T.);
#16514 = VERTEX_POINT('',#16515);
#16515 = CARTESIAN_POINT('',(112.7,-150.249999,0.));
#16516 = CIRCLE('',#16517,3.25);
#16517 = AXIS2_PLACEMENT_3D('',#16518,#16519,#16520);
#16518 = CARTESIAN_POINT('',(112.7,-146.999999,0.));
#16519 = DIRECTION('',(-0.,0.,-1.));
#16520 = DIRECTION('',(-0.,-1.,0.));
#16521 = FACE_BOUND('',#16522,.F.);
#16522 = EDGE_LOOP('',(#16523));
#16523 = ORIENTED_EDGE('',*,*,#16524,.T.);
#16524 = EDGE_CURVE('',#16525,#16525,#16527,.T.);
#16525 = VERTEX_POINT('',#16526);
#16526 = CARTESIAN_POINT('',(112.7,-137.55,0.));
#16527 = CIRCLE('',#16528,3.25);
#16528 = AXIS2_PLACEMENT_3D('',#16529,#16530,#16531);
#16529 = CARTESIAN_POINT('',(112.7,-134.3,0.));
#16530 = DIRECTION('',(-0.,0.,-1.));
#16531 = DIRECTION('',(-0.,-1.,0.));
#16532 = FACE_BOUND('',#16533,.F.);
#16533 = EDGE_LOOP('',(#16534,#16545,#16553,#16562));
#16534 = ORIENTED_EDGE('',*,*,#16535,.T.);
#16535 = EDGE_CURVE('',#16536,#16538,#16540,.T.);
#16536 = VERTEX_POINT('',#16537);
#16537 = CARTESIAN_POINT('',(124.125,-162.85,0.));
#16538 = VERTEX_POINT('',#16539);
#16539 = CARTESIAN_POINT('',(124.125,-159.65,0.));
#16540 = CIRCLE('',#16541,1.6);
#16541 = AXIS2_PLACEMENT_3D('',#16542,#16543,#16544);
#16542 = CARTESIAN_POINT('',(124.125,-161.25,0.));
#16543 = DIRECTION('',(-0.,0.,-1.));
#16544 = DIRECTION('',(-8.881784197001E-15,1.,0.));
#16545 = ORIENTED_EDGE('',*,*,#16546,.T.);
#16546 = EDGE_CURVE('',#16538,#16547,#16549,.T.);
#16547 = VERTEX_POINT('',#16548);
#16548 = CARTESIAN_POINT('',(126.675,-159.65,0.));
#16549 = LINE('',#16550,#16551);
#16550 = CARTESIAN_POINT('',(63.3375,-159.65,0.));
#16551 = VECTOR('',#16552,1.);
#16552 = DIRECTION('',(1.,0.,-0.));
#16553 = ORIENTED_EDGE('',*,*,#16554,.T.);
#16554 = EDGE_CURVE('',#16547,#16555,#16557,.T.);
#16555 = VERTEX_POINT('',#16556);
#16556 = CARTESIAN_POINT('',(126.675,-162.85,0.));
#16557 = CIRCLE('',#16558,1.6);
#16558 = AXIS2_PLACEMENT_3D('',#16559,#16560,#16561);
#16559 = CARTESIAN_POINT('',(126.675,-161.25,0.));
#16560 = DIRECTION('',(-0.,0.,-1.));
#16561 = DIRECTION('',(8.881784197001E-15,-1.,-0.));
#16562 = ORIENTED_EDGE('',*,*,#16563,.T.);
#16563 = EDGE_CURVE('',#16555,#16536,#16564,.T.);
#16564 = LINE('',#16565,#16566);
#16565 = CARTESIAN_POINT('',(62.0625,-162.85,0.));
#16566 = VECTOR('',#16567,1.);
#16567 = DIRECTION('',(-1.,0.,0.));
#16568 = FACE_BOUND('',#16569,.F.);
#16569 = EDGE_LOOP('',(#16570));
#16570 = ORIENTED_EDGE('',*,*,#16571,.T.);
#16571 = EDGE_CURVE('',#16572,#16572,#16574,.T.);
#16572 = VERTEX_POINT('',#16573);
#16573 = CARTESIAN_POINT('',(100.,-124.85,0.));
#16574 = CIRCLE('',#16575,3.25);
#16575 = AXIS2_PLACEMENT_3D('',#16576,#16577,#16578);
#16576 = CARTESIAN_POINT('',(100.,-121.6,0.));
#16577 = DIRECTION('',(-0.,0.,-1.));
#16578 = DIRECTION('',(-0.,-1.,0.));
#16579 = FACE_BOUND('',#16580,.F.);
#16580 = EDGE_LOOP('',(#16581));
#16581 = ORIENTED_EDGE('',*,*,#16582,.T.);
#16582 = EDGE_CURVE('',#16583,#16583,#16585,.T.);
#16583 = VERTEX_POINT('',#16584);
#16584 = CARTESIAN_POINT('',(112.7,-124.85,0.));
#16585 = CIRCLE('',#16586,3.25);
#16586 = AXIS2_PLACEMENT_3D('',#16587,#16588,#16589);
#16587 = CARTESIAN_POINT('',(112.7,-121.6,0.));
#16588 = DIRECTION('',(-0.,0.,-1.));
#16589 = DIRECTION('',(-0.,-1.,0.));
#16590 = FACE_BOUND('',#16591,.F.);
#16591 = EDGE_LOOP('',(#16592,#16603,#16611,#16620));
#16592 = ORIENTED_EDGE('',*,*,#16593,.T.);
#16593 = EDGE_CURVE('',#16594,#16596,#16598,.T.);
#16594 = VERTEX_POINT('',#16595);
#16595 = CARTESIAN_POINT('',(75.875,-37.15,0.));
#16596 = VERTEX_POINT('',#16597);
#16597 = CARTESIAN_POINT('',(75.875,-40.35,0.));
#16598 = CIRCLE('',#16599,1.6);
#16599 = AXIS2_PLACEMENT_3D('',#16600,#16601,#16602);
#16600 = CARTESIAN_POINT('',(75.875,-38.75,0.));
#16601 = DIRECTION('',(-0.,0.,-1.));
#16602 = DIRECTION('',(-0.,-1.,0.));
#16603 = ORIENTED_EDGE('',*,*,#16604,.T.);
#16604 = EDGE_CURVE('',#16596,#16605,#16607,.T.);
#16605 = VERTEX_POINT('',#16606);
#16606 = CARTESIAN_POINT('',(73.325,-40.35,0.));
#16607 = LINE('',#16608,#16609);
#16608 = CARTESIAN_POINT('',(36.6625,-40.35,0.));
#16609 = VECTOR('',#16610,1.);
#16610 = DIRECTION('',(-1.,0.,0.));
#16611 = ORIENTED_EDGE('',*,*,#16612,.T.);
#16612 = EDGE_CURVE('',#16605,#16613,#16615,.T.);
#16613 = VERTEX_POINT('',#16614);
#16614 = CARTESIAN_POINT('',(73.325,-37.15,0.));
#16615 = CIRCLE('',#16616,1.6);
#16616 = AXIS2_PLACEMENT_3D('',#16617,#16618,#16619);
#16617 = CARTESIAN_POINT('',(73.325,-38.75,0.));
#16618 = DIRECTION('',(-0.,0.,-1.));
#16619 = DIRECTION('',(0.,1.,0.));
#16620 = ORIENTED_EDGE('',*,*,#16621,.T.);
#16621 = EDGE_CURVE('',#16613,#16594,#16622,.T.);
#16622 = LINE('',#16623,#16624);
#16623 = CARTESIAN_POINT('',(37.9375,-37.15,0.));
#16624 = VECTOR('',#16625,1.);
#16625 = DIRECTION('',(1.,0.,-0.));
#16626 = FACE_BOUND('',#16627,.F.);
#16627 = EDGE_LOOP('',(#16628,#16638,#16646,#16654));
#16628 = ORIENTED_EDGE('',*,*,#16629,.F.);
#16629 = EDGE_CURVE('',#16630,#16632,#16634,.T.);
#16630 = VERTEX_POINT('',#16631);
#16631 = CARTESIAN_POINT('',(71.3,-69.07,0.));
#16632 = VERTEX_POINT('',#16633);
#16633 = CARTESIAN_POINT('',(100.7,-69.07,0.));
#16634 = LINE('',#16635,#16636);
#16635 = CARTESIAN_POINT('',(71.3,-69.07,0.));
#16636 = VECTOR('',#16637,1.);
#16637 = DIRECTION('',(1.,0.,0.));
#16638 = ORIENTED_EDGE('',*,*,#16639,.F.);
#16639 = EDGE_CURVE('',#16640,#16630,#16642,.T.);
#16640 = VERTEX_POINT('',#16641);
#16641 = CARTESIAN_POINT('',(71.3,-54.37,0.));
#16642 = LINE('',#16643,#16644);
#16643 = CARTESIAN_POINT('',(71.3,-54.37,0.));
#16644 = VECTOR('',#16645,1.);
#16645 = DIRECTION('',(0.,-1.,0.));
#16646 = ORIENTED_EDGE('',*,*,#16647,.F.);
#16647 = EDGE_CURVE('',#16648,#16640,#16650,.T.);
#16648 = VERTEX_POINT('',#16649);
#16649 = CARTESIAN_POINT('',(100.7,-54.37,0.));
#16650 = LINE('',#16651,#16652);
#16651 = CARTESIAN_POINT('',(100.7,-54.37,0.));
#16652 = VECTOR('',#16653,1.);
#16653 = DIRECTION('',(-1.,0.,0.));
#16654 = ORIENTED_EDGE('',*,*,#16655,.F.);
#16655 = EDGE_CURVE('',#16632,#16648,#16656,.T.);
#16656 = LINE('',#16657,#16658);
#16657 = CARTESIAN_POINT('',(100.7,-69.07,0.));
#16658 = VECTOR('',#16659,1.);
#16659 = DIRECTION('',(0.,1.,0.));
#16660 = FACE_BOUND('',#16661,.F.);
#16661 = EDGE_LOOP('',(#16662,#16673,#16681,#16690));
#16662 = ORIENTED_EDGE('',*,*,#16663,.T.);
#16663 = EDGE_CURVE('',#16664,#16666,#16668,.T.);
#16664 = VERTEX_POINT('',#16665);
#16665 = CARTESIAN_POINT('',(126.675,-37.15,0.));
#16666 = VERTEX_POINT('',#16667);
#16667 = CARTESIAN_POINT('',(126.675,-40.35,0.));
#16668 = CIRCLE('',#16669,1.6);
#16669 = AXIS2_PLACEMENT_3D('',#16670,#16671,#16672);
#16670 = CARTESIAN_POINT('',(126.675,-38.75,0.));
#16671 = DIRECTION('',(-0.,0.,-1.));
#16672 = DIRECTION('',(-0.,-1.,0.));
#16673 = ORIENTED_EDGE('',*,*,#16674,.T.);
#16674 = EDGE_CURVE('',#16666,#16675,#16677,.T.);
#16675 = VERTEX_POINT('',#16676);
#16676 = CARTESIAN_POINT('',(124.125,-40.35,0.));
#16677 = LINE('',#16678,#16679);
#16678 = CARTESIAN_POINT('',(62.0625,-40.35,0.));
#16679 = VECTOR('',#16680,1.);
#16680 = DIRECTION('',(-1.,0.,0.));
#16681 = ORIENTED_EDGE('',*,*,#16682,.T.);
#16682 = EDGE_CURVE('',#16675,#16683,#16685,.T.);
#16683 = VERTEX_POINT('',#16684);
#16684 = CARTESIAN_POINT('',(124.125,-37.15,0.));
#16685 = CIRCLE('',#16686,1.6);
#16686 = AXIS2_PLACEMENT_3D('',#16687,#16688,#16689);
#16687 = CARTESIAN_POINT('',(124.125,-38.75,0.));
#16688 = DIRECTION('',(-0.,0.,-1.));
#16689 = DIRECTION('',(0.,1.,0.));
#16690 = ORIENTED_EDGE('',*,*,#16691,.T.);
#16691 = EDGE_CURVE('',#16683,#16664,#16692,.T.);
#16692 = LINE('',#16693,#16694);
#16693 = CARTESIAN_POINT('',(63.3375,-37.15,0.));
#16694 = VECTOR('',#16695,1.);
#16695 = DIRECTION('',(1.,0.,-0.));
#16696 = PLANE('',#16697);
#16697 = AXIS2_PLACEMENT_3D('',#16698,#16699,#16700);
#16698 = CARTESIAN_POINT('',(0.,0.,0.));
#16699 = DIRECTION('',(0.,0.,1.));
#16700 = DIRECTION('',(1.,0.,-0.));
#16701 = ADVANCED_FACE('',(#16702,#16713,#16749,#16760,#16771,#16782,
    #16793,#16804,#16815,#16826,#16837,#16848,#16859,#16870,#16881,
    #16917,#16928,#16939,#16975,#17009),#17045,.T.);
#16702 = FACE_BOUND('',#16703,.T.);
#16703 = EDGE_LOOP('',(#16704,#16705,#16706,#16712));
#16704 = ORIENTED_EDGE('',*,*,#16264,.F.);
#16705 = ORIENTED_EDGE('',*,*,#16304,.F.);
#16706 = ORIENTED_EDGE('',*,*,#16707,.F.);
#16707 = EDGE_CURVE('',#16327,#16297,#16708,.T.);
#16708 = LINE('',#16709,#16710);
#16709 = CARTESIAN_POINT('',(64.6,-35.75,1.51));
#16710 = VECTOR('',#16711,1.);
#16711 = DIRECTION('',(1.,0.,0.));
#16712 = ORIENTED_EDGE('',*,*,#16326,.F.);
#16713 = FACE_BOUND('',#16714,.T.);
#16714 = EDGE_LOOP('',(#16715,#16726,#16734,#16743));
#16715 = ORIENTED_EDGE('',*,*,#16716,.T.);
#16716 = EDGE_CURVE('',#16717,#16719,#16721,.T.);
#16717 = VERTEX_POINT('',#16718);
#16718 = CARTESIAN_POINT('',(73.325,-162.85,1.51));
#16719 = VERTEX_POINT('',#16720);
#16720 = CARTESIAN_POINT('',(73.325,-159.65,1.51));
#16721 = CIRCLE('',#16722,1.6);
#16722 = AXIS2_PLACEMENT_3D('',#16723,#16724,#16725);
#16723 = CARTESIAN_POINT('',(73.325,-161.25,1.51));
#16724 = DIRECTION('',(-0.,0.,-1.));
#16725 = DIRECTION('',(-8.881784197001E-15,1.,0.));
#16726 = ORIENTED_EDGE('',*,*,#16727,.T.);
#16727 = EDGE_CURVE('',#16719,#16728,#16730,.T.);
#16728 = VERTEX_POINT('',#16729);
#16729 = CARTESIAN_POINT('',(75.875,-159.65,1.51));
#16730 = LINE('',#16731,#16732);
#16731 = CARTESIAN_POINT('',(37.9375,-159.65,1.51));
#16732 = VECTOR('',#16733,1.);
#16733 = DIRECTION('',(1.,0.,-0.));
#16734 = ORIENTED_EDGE('',*,*,#16735,.T.);
#16735 = EDGE_CURVE('',#16728,#16736,#16738,.T.);
#16736 = VERTEX_POINT('',#16737);
#16737 = CARTESIAN_POINT('',(75.875,-162.85,1.51));
#16738 = CIRCLE('',#16739,1.6);
#16739 = AXIS2_PLACEMENT_3D('',#16740,#16741,#16742);
#16740 = CARTESIAN_POINT('',(75.875,-161.25,1.51));
#16741 = DIRECTION('',(-0.,0.,-1.));
#16742 = DIRECTION('',(8.881784197001E-15,-1.,-0.));
#16743 = ORIENTED_EDGE('',*,*,#16744,.T.);
#16744 = EDGE_CURVE('',#16736,#16717,#16745,.T.);
#16745 = LINE('',#16746,#16747);
#16746 = CARTESIAN_POINT('',(36.6625,-162.85,1.51));
#16747 = VECTOR('',#16748,1.);
#16748 = DIRECTION('',(-1.,0.,0.));
#16749 = FACE_BOUND('',#16750,.T.);
#16750 = EDGE_LOOP('',(#16751));
#16751 = ORIENTED_EDGE('',*,*,#16752,.T.);
#16752 = EDGE_CURVE('',#16753,#16753,#16755,.T.);
#16753 = VERTEX_POINT('',#16754);
#16754 = CARTESIAN_POINT('',(74.6,-150.25,1.51));
#16755 = CIRCLE('',#16756,3.25);
#16756 = AXIS2_PLACEMENT_3D('',#16757,#16758,#16759);
#16757 = CARTESIAN_POINT('',(74.6,-147.,1.51));
#16758 = DIRECTION('',(-0.,0.,-1.));
#16759 = DIRECTION('',(-0.,-1.,0.));
#16760 = FACE_BOUND('',#16761,.T.);
#16761 = EDGE_LOOP('',(#16762));
#16762 = ORIENTED_EDGE('',*,*,#16763,.T.);
#16763 = EDGE_CURVE('',#16764,#16764,#16766,.T.);
#16764 = VERTEX_POINT('',#16765);
#16765 = CARTESIAN_POINT('',(74.6,-137.55,1.51));
#16766 = CIRCLE('',#16767,3.25);
#16767 = AXIS2_PLACEMENT_3D('',#16768,#16769,#16770);
#16768 = CARTESIAN_POINT('',(74.6,-134.3,1.51));
#16769 = DIRECTION('',(-0.,0.,-1.));
#16770 = DIRECTION('',(-0.,-1.,0.));
#16771 = FACE_BOUND('',#16772,.T.);
#16772 = EDGE_LOOP('',(#16773));
#16773 = ORIENTED_EDGE('',*,*,#16774,.T.);
#16774 = EDGE_CURVE('',#16775,#16775,#16777,.T.);
#16775 = VERTEX_POINT('',#16776);
#16776 = CARTESIAN_POINT('',(87.3,-150.249999,1.51));
#16777 = CIRCLE('',#16778,3.25);
#16778 = AXIS2_PLACEMENT_3D('',#16779,#16780,#16781);
#16779 = CARTESIAN_POINT('',(87.3,-146.999999,1.51));
#16780 = DIRECTION('',(-0.,0.,-1.));
#16781 = DIRECTION('',(-0.,-1.,0.));
#16782 = FACE_BOUND('',#16783,.T.);
#16783 = EDGE_LOOP('',(#16784));
#16784 = ORIENTED_EDGE('',*,*,#16785,.T.);
#16785 = EDGE_CURVE('',#16786,#16786,#16788,.T.);
#16786 = VERTEX_POINT('',#16787);
#16787 = CARTESIAN_POINT('',(87.3,-137.55,1.51));
#16788 = CIRCLE('',#16789,3.25);
#16789 = AXIS2_PLACEMENT_3D('',#16790,#16791,#16792);
#16790 = CARTESIAN_POINT('',(87.3,-134.3,1.51));
#16791 = DIRECTION('',(-0.,0.,-1.));
#16792 = DIRECTION('',(-0.,-1.,0.));
#16793 = FACE_BOUND('',#16794,.T.);
#16794 = EDGE_LOOP('',(#16795));
#16795 = ORIENTED_EDGE('',*,*,#16796,.T.);
#16796 = EDGE_CURVE('',#16797,#16797,#16799,.T.);
#16797 = VERTEX_POINT('',#16798);
#16798 = CARTESIAN_POINT('',(74.6,-124.85,1.51));
#16799 = CIRCLE('',#16800,3.25);
#16800 = AXIS2_PLACEMENT_3D('',#16801,#16802,#16803);
#16801 = CARTESIAN_POINT('',(74.6,-121.6,1.51));
#16802 = DIRECTION('',(-0.,0.,-1.));
#16803 = DIRECTION('',(-0.,-1.,0.));
#16804 = FACE_BOUND('',#16805,.T.);
#16805 = EDGE_LOOP('',(#16806));
#16806 = ORIENTED_EDGE('',*,*,#16807,.T.);
#16807 = EDGE_CURVE('',#16808,#16808,#16810,.T.);
#16808 = VERTEX_POINT('',#16809);
#16809 = CARTESIAN_POINT('',(74.6,-111.25,1.51));
#16810 = CIRCLE('',#16811,3.25);
#16811 = AXIS2_PLACEMENT_3D('',#16812,#16813,#16814);
#16812 = CARTESIAN_POINT('',(74.6,-108.,1.51));
#16813 = DIRECTION('',(-0.,0.,-1.));
#16814 = DIRECTION('',(-0.,-1.,0.));
#16815 = FACE_BOUND('',#16816,.T.);
#16816 = EDGE_LOOP('',(#16817));
#16817 = ORIENTED_EDGE('',*,*,#16818,.T.);
#16818 = EDGE_CURVE('',#16819,#16819,#16821,.T.);
#16819 = VERTEX_POINT('',#16820);
#16820 = CARTESIAN_POINT('',(87.3,-124.85,1.51));
#16821 = CIRCLE('',#16822,3.25);
#16822 = AXIS2_PLACEMENT_3D('',#16823,#16824,#16825);
#16823 = CARTESIAN_POINT('',(87.3,-121.6,1.51));
#16824 = DIRECTION('',(-0.,0.,-1.));
#16825 = DIRECTION('',(-0.,-1.,0.));
#16826 = FACE_BOUND('',#16827,.T.);
#16827 = EDGE_LOOP('',(#16828));
#16828 = ORIENTED_EDGE('',*,*,#16829,.T.);
#16829 = EDGE_CURVE('',#16830,#16830,#16832,.T.);
#16830 = VERTEX_POINT('',#16831);
#16831 = CARTESIAN_POINT('',(87.3,-111.25,1.51));
#16832 = CIRCLE('',#16833,3.25);
#16833 = AXIS2_PLACEMENT_3D('',#16834,#16835,#16836);
#16834 = CARTESIAN_POINT('',(87.3,-108.,1.51));
#16835 = DIRECTION('',(-0.,0.,-1.));
#16836 = DIRECTION('',(-0.,-1.,0.));
#16837 = FACE_BOUND('',#16838,.T.);
#16838 = EDGE_LOOP('',(#16839));
#16839 = ORIENTED_EDGE('',*,*,#16840,.T.);
#16840 = EDGE_CURVE('',#16841,#16841,#16843,.T.);
#16841 = VERTEX_POINT('',#16842);
#16842 = CARTESIAN_POINT('',(100.,-150.249999,1.51));
#16843 = CIRCLE('',#16844,3.25);
#16844 = AXIS2_PLACEMENT_3D('',#16845,#16846,#16847);
#16845 = CARTESIAN_POINT('',(100.,-146.999999,1.51));
#16846 = DIRECTION('',(-0.,0.,-1.));
#16847 = DIRECTION('',(-0.,-1.,0.));
#16848 = FACE_BOUND('',#16849,.T.);
#16849 = EDGE_LOOP('',(#16850));
#16850 = ORIENTED_EDGE('',*,*,#16851,.T.);
#16851 = EDGE_CURVE('',#16852,#16852,#16854,.T.);
#16852 = VERTEX_POINT('',#16853);
#16853 = CARTESIAN_POINT('',(100.,-137.55,1.51));
#16854 = CIRCLE('',#16855,3.25);
#16855 = AXIS2_PLACEMENT_3D('',#16856,#16857,#16858);
#16856 = CARTESIAN_POINT('',(100.,-134.3,1.51));
#16857 = DIRECTION('',(-0.,0.,-1.));
#16858 = DIRECTION('',(-0.,-1.,0.));
#16859 = FACE_BOUND('',#16860,.T.);
#16860 = EDGE_LOOP('',(#16861));
#16861 = ORIENTED_EDGE('',*,*,#16862,.T.);
#16862 = EDGE_CURVE('',#16863,#16863,#16865,.T.);
#16863 = VERTEX_POINT('',#16864);
#16864 = CARTESIAN_POINT('',(112.7,-150.249999,1.51));
#16865 = CIRCLE('',#16866,3.25);
#16866 = AXIS2_PLACEMENT_3D('',#16867,#16868,#16869);
#16867 = CARTESIAN_POINT('',(112.7,-146.999999,1.51));
#16868 = DIRECTION('',(-0.,0.,-1.));
#16869 = DIRECTION('',(-0.,-1.,0.));
#16870 = FACE_BOUND('',#16871,.T.);
#16871 = EDGE_LOOP('',(#16872));
#16872 = ORIENTED_EDGE('',*,*,#16873,.T.);
#16873 = EDGE_CURVE('',#16874,#16874,#16876,.T.);
#16874 = VERTEX_POINT('',#16875);
#16875 = CARTESIAN_POINT('',(112.7,-137.55,1.51));
#16876 = CIRCLE('',#16877,3.25);
#16877 = AXIS2_PLACEMENT_3D('',#16878,#16879,#16880);
#16878 = CARTESIAN_POINT('',(112.7,-134.3,1.51));
#16879 = DIRECTION('',(-0.,0.,-1.));
#16880 = DIRECTION('',(-0.,-1.,0.));
#16881 = FACE_BOUND('',#16882,.T.);
#16882 = EDGE_LOOP('',(#16883,#16894,#16902,#16911));
#16883 = ORIENTED_EDGE('',*,*,#16884,.T.);
#16884 = EDGE_CURVE('',#16885,#16887,#16889,.T.);
#16885 = VERTEX_POINT('',#16886);
#16886 = CARTESIAN_POINT('',(124.125,-162.85,1.51));
#16887 = VERTEX_POINT('',#16888);
#16888 = CARTESIAN_POINT('',(124.125,-159.65,1.51));
#16889 = CIRCLE('',#16890,1.6);
#16890 = AXIS2_PLACEMENT_3D('',#16891,#16892,#16893);
#16891 = CARTESIAN_POINT('',(124.125,-161.25,1.51));
#16892 = DIRECTION('',(-0.,0.,-1.));
#16893 = DIRECTION('',(-8.881784197001E-15,1.,0.));
#16894 = ORIENTED_EDGE('',*,*,#16895,.T.);
#16895 = EDGE_CURVE('',#16887,#16896,#16898,.T.);
#16896 = VERTEX_POINT('',#16897);
#16897 = CARTESIAN_POINT('',(126.675,-159.65,1.51));
#16898 = LINE('',#16899,#16900);
#16899 = CARTESIAN_POINT('',(63.3375,-159.65,1.51));
#16900 = VECTOR('',#16901,1.);
#16901 = DIRECTION('',(1.,0.,-0.));
#16902 = ORIENTED_EDGE('',*,*,#16903,.T.);
#16903 = EDGE_CURVE('',#16896,#16904,#16906,.T.);
#16904 = VERTEX_POINT('',#16905);
#16905 = CARTESIAN_POINT('',(126.675,-162.85,1.51));
#16906 = CIRCLE('',#16907,1.6);
#16907 = AXIS2_PLACEMENT_3D('',#16908,#16909,#16910);
#16908 = CARTESIAN_POINT('',(126.675,-161.25,1.51));
#16909 = DIRECTION('',(-0.,0.,-1.));
#16910 = DIRECTION('',(8.881784197001E-15,-1.,-0.));
#16911 = ORIENTED_EDGE('',*,*,#16912,.T.);
#16912 = EDGE_CURVE('',#16904,#16885,#16913,.T.);
#16913 = LINE('',#16914,#16915);
#16914 = CARTESIAN_POINT('',(62.0625,-162.85,1.51));
#16915 = VECTOR('',#16916,1.);
#16916 = DIRECTION('',(-1.,0.,0.));
#16917 = FACE_BOUND('',#16918,.T.);
#16918 = EDGE_LOOP('',(#16919));
#16919 = ORIENTED_EDGE('',*,*,#16920,.T.);
#16920 = EDGE_CURVE('',#16921,#16921,#16923,.T.);
#16921 = VERTEX_POINT('',#16922);
#16922 = CARTESIAN_POINT('',(100.,-124.85,1.51));
#16923 = CIRCLE('',#16924,3.25);
#16924 = AXIS2_PLACEMENT_3D('',#16925,#16926,#16927);
#16925 = CARTESIAN_POINT('',(100.,-121.6,1.51));
#16926 = DIRECTION('',(-0.,0.,-1.));
#16927 = DIRECTION('',(-0.,-1.,0.));
#16928 = FACE_BOUND('',#16929,.T.);
#16929 = EDGE_LOOP('',(#16930));
#16930 = ORIENTED_EDGE('',*,*,#16931,.T.);
#16931 = EDGE_CURVE('',#16932,#16932,#16934,.T.);
#16932 = VERTEX_POINT('',#16933);
#16933 = CARTESIAN_POINT('',(112.7,-124.85,1.51));
#16934 = CIRCLE('',#16935,3.25);
#16935 = AXIS2_PLACEMENT_3D('',#16936,#16937,#16938);
#16936 = CARTESIAN_POINT('',(112.7,-121.6,1.51));
#16937 = DIRECTION('',(-0.,0.,-1.));
#16938 = DIRECTION('',(-0.,-1.,0.));
#16939 = FACE_BOUND('',#16940,.T.);
#16940 = EDGE_LOOP('',(#16941,#16952,#16960,#16969));
#16941 = ORIENTED_EDGE('',*,*,#16942,.T.);
#16942 = EDGE_CURVE('',#16943,#16945,#16947,.T.);
#16943 = VERTEX_POINT('',#16944);
#16944 = CARTESIAN_POINT('',(75.875,-37.15,1.51));
#16945 = VERTEX_POINT('',#16946);
#16946 = CARTESIAN_POINT('',(75.875,-40.35,1.51));
#16947 = CIRCLE('',#16948,1.6);
#16948 = AXIS2_PLACEMENT_3D('',#16949,#16950,#16951);
#16949 = CARTESIAN_POINT('',(75.875,-38.75,1.51));
#16950 = DIRECTION('',(-0.,0.,-1.));
#16951 = DIRECTION('',(-0.,-1.,0.));
#16952 = ORIENTED_EDGE('',*,*,#16953,.T.);
#16953 = EDGE_CURVE('',#16945,#16954,#16956,.T.);
#16954 = VERTEX_POINT('',#16955);
#16955 = CARTESIAN_POINT('',(73.325,-40.35,1.51));
#16956 = LINE('',#16957,#16958);
#16957 = CARTESIAN_POINT('',(36.6625,-40.35,1.51));
#16958 = VECTOR('',#16959,1.);
#16959 = DIRECTION('',(-1.,0.,0.));
#16960 = ORIENTED_EDGE('',*,*,#16961,.T.);
#16961 = EDGE_CURVE('',#16954,#16962,#16964,.T.);
#16962 = VERTEX_POINT('',#16963);
#16963 = CARTESIAN_POINT('',(73.325,-37.15,1.51));
#16964 = CIRCLE('',#16965,1.6);
#16965 = AXIS2_PLACEMENT_3D('',#16966,#16967,#16968);
#16966 = CARTESIAN_POINT('',(73.325,-38.75,1.51));
#16967 = DIRECTION('',(-0.,0.,-1.));
#16968 = DIRECTION('',(0.,1.,0.));
#16969 = ORIENTED_EDGE('',*,*,#16970,.T.);
#16970 = EDGE_CURVE('',#16962,#16943,#16971,.T.);
#16971 = LINE('',#16972,#16973);
#16972 = CARTESIAN_POINT('',(37.9375,-37.15,1.51));
#16973 = VECTOR('',#16974,1.);
#16974 = DIRECTION('',(1.,0.,-0.));
#16975 = FACE_BOUND('',#16976,.T.);
#16976 = EDGE_LOOP('',(#16977,#16987,#16995,#17003));
#16977 = ORIENTED_EDGE('',*,*,#16978,.F.);
#16978 = EDGE_CURVE('',#16979,#16981,#16983,.T.);
#16979 = VERTEX_POINT('',#16980);
#16980 = CARTESIAN_POINT('',(71.3,-69.07,1.51));
#16981 = VERTEX_POINT('',#16982);
#16982 = CARTESIAN_POINT('',(100.7,-69.07,1.51));
#16983 = LINE('',#16984,#16985);
#16984 = CARTESIAN_POINT('',(71.3,-69.07,1.51));
#16985 = VECTOR('',#16986,1.);
#16986 = DIRECTION('',(1.,0.,0.));
#16987 = ORIENTED_EDGE('',*,*,#16988,.F.);
#16988 = EDGE_CURVE('',#16989,#16979,#16991,.T.);
#16989 = VERTEX_POINT('',#16990);
#16990 = CARTESIAN_POINT('',(71.3,-54.37,1.51));
#16991 = LINE('',#16992,#16993);
#16992 = CARTESIAN_POINT('',(71.3,-54.37,1.51));
#16993 = VECTOR('',#16994,1.);
#16994 = DIRECTION('',(0.,-1.,0.));
#16995 = ORIENTED_EDGE('',*,*,#16996,.F.);
#16996 = EDGE_CURVE('',#16997,#16989,#16999,.T.);
#16997 = VERTEX_POINT('',#16998);
#16998 = CARTESIAN_POINT('',(100.7,-54.37,1.51));
#16999 = LINE('',#17000,#17001);
#17000 = CARTESIAN_POINT('',(100.7,-54.37,1.51));
#17001 = VECTOR('',#17002,1.);
#17002 = DIRECTION('',(-1.,0.,0.));
#17003 = ORIENTED_EDGE('',*,*,#17004,.F.);
#17004 = EDGE_CURVE('',#16981,#16997,#17005,.T.);
#17005 = LINE('',#17006,#17007);
#17006 = CARTESIAN_POINT('',(100.7,-69.07,1.51));
#17007 = VECTOR('',#17008,1.);
#17008 = DIRECTION('',(0.,1.,0.));
#17009 = FACE_BOUND('',#17010,.T.);
#17010 = EDGE_LOOP('',(#17011,#17022,#17030,#17039));
#17011 = ORIENTED_EDGE('',*,*,#17012,.T.);
#17012 = EDGE_CURVE('',#17013,#17015,#17017,.T.);
#17013 = VERTEX_POINT('',#17014);
#17014 = CARTESIAN_POINT('',(126.675,-37.15,1.51));
#17015 = VERTEX_POINT('',#17016);
#17016 = CARTESIAN_POINT('',(126.675,-40.35,1.51));
#17017 = CIRCLE('',#17018,1.6);
#17018 = AXIS2_PLACEMENT_3D('',#17019,#17020,#17021);
#17019 = CARTESIAN_POINT('',(126.675,-38.75,1.51));
#17020 = DIRECTION('',(-0.,0.,-1.));
#17021 = DIRECTION('',(-0.,-1.,0.));
#17022 = ORIENTED_EDGE('',*,*,#17023,.T.);
#17023 = EDGE_CURVE('',#17015,#17024,#17026,.T.);
#17024 = VERTEX_POINT('',#17025);
#17025 = CARTESIAN_POINT('',(124.125,-40.35,1.51));
#17026 = LINE('',#17027,#17028);
#17027 = CARTESIAN_POINT('',(62.0625,-40.35,1.51));
#17028 = VECTOR('',#17029,1.);
#17029 = DIRECTION('',(-1.,0.,0.));
#17030 = ORIENTED_EDGE('',*,*,#17031,.T.);
#17031 = EDGE_CURVE('',#17024,#17032,#17034,.T.);
#17032 = VERTEX_POINT('',#17033);
#17033 = CARTESIAN_POINT('',(124.125,-37.15,1.51));
#17034 = CIRCLE('',#17035,1.6);
#17035 = AXIS2_PLACEMENT_3D('',#17036,#17037,#17038);
#17036 = CARTESIAN_POINT('',(124.125,-38.75,1.51));
#17037 = DIRECTION('',(-0.,0.,-1.));
#17038 = DIRECTION('',(0.,1.,0.));
#17039 = ORIENTED_EDGE('',*,*,#17040,.T.);
#17040 = EDGE_CURVE('',#17032,#17013,#17041,.T.);
#17041 = LINE('',#17042,#17043);
#17042 = CARTESIAN_POINT('',(63.3375,-37.15,1.51));
#17043 = VECTOR('',#17044,1.);
#17044 = DIRECTION('',(1.,0.,-0.));
#17045 = PLANE('',#17046);
#17046 = AXIS2_PLACEMENT_3D('',#17047,#17048,#17049);
#17047 = CARTESIAN_POINT('',(0.,0.,1.51));
#17048 = DIRECTION('',(0.,0.,1.));
#17049 = DIRECTION('',(1.,0.,-0.));
#17050 = ADVANCED_FACE('',(#17051),#17057,.T.);
#17051 = FACE_BOUND('',#17052,.T.);
#17052 = EDGE_LOOP('',(#17053,#17054,#17055,#17056));
#17053 = ORIENTED_EDGE('',*,*,#16334,.T.);
#17054 = ORIENTED_EDGE('',*,*,#16707,.T.);
#17055 = ORIENTED_EDGE('',*,*,#16294,.F.);
#17056 = ORIENTED_EDGE('',*,*,#16358,.F.);
#17057 = PLANE('',#17058);
#17058 = AXIS2_PLACEMENT_3D('',#17059,#17060,#17061);
#17059 = CARTESIAN_POINT('',(64.6,-35.75,0.));
#17060 = DIRECTION('',(0.,1.,0.));
#17061 = DIRECTION('',(1.,0.,0.));
#17062 = ADVANCED_FACE('',(#17063),#17079,.F.);
#17063 = FACE_BOUND('',#17064,.T.);
#17064 = EDGE_LOOP('',(#17065,#17066,#17072,#17073));
#17065 = ORIENTED_EDGE('',*,*,#16367,.T.);
#17066 = ORIENTED_EDGE('',*,*,#17067,.T.);
#17067 = EDGE_CURVE('',#16370,#16719,#17068,.T.);
#17068 = LINE('',#17069,#17070);
#17069 = CARTESIAN_POINT('',(73.325,-159.65,-4.6E-02));
#17070 = VECTOR('',#17071,1.);
#17071 = DIRECTION('',(0.,0.,1.));
#17072 = ORIENTED_EDGE('',*,*,#16716,.F.);
#17073 = ORIENTED_EDGE('',*,*,#17074,.F.);
#17074 = EDGE_CURVE('',#16368,#16717,#17075,.T.);
#17075 = LINE('',#17076,#17077);
#17076 = CARTESIAN_POINT('',(73.325,-162.85,-4.6E-02));
#17077 = VECTOR('',#17078,1.);
#17078 = DIRECTION('',(0.,0.,1.));
#17079 = CYLINDRICAL_SURFACE('',#17080,1.6);
#17080 = AXIS2_PLACEMENT_3D('',#17081,#17082,#17083);
#17081 = CARTESIAN_POINT('',(73.325,-161.25,-4.6E-02));
#17082 = DIRECTION('',(-0.,-0.,-1.));
#17083 = DIRECTION('',(-8.881784197001E-15,1.,0.));
#17084 = ADVANCED_FACE('',(#17085),#17096,.T.);
#17085 = FACE_BOUND('',#17086,.T.);
#17086 = EDGE_LOOP('',(#17087,#17088,#17089,#17090));
#17087 = ORIENTED_EDGE('',*,*,#16395,.T.);
#17088 = ORIENTED_EDGE('',*,*,#17074,.T.);
#17089 = ORIENTED_EDGE('',*,*,#16744,.F.);
#17090 = ORIENTED_EDGE('',*,*,#17091,.F.);
#17091 = EDGE_CURVE('',#16387,#16736,#17092,.T.);
#17092 = LINE('',#17093,#17094);
#17093 = CARTESIAN_POINT('',(75.875,-162.85,-4.6E-02));
#17094 = VECTOR('',#17095,1.);
#17095 = DIRECTION('',(0.,0.,1.));
#17096 = PLANE('',#17097);
#17097 = AXIS2_PLACEMENT_3D('',#17098,#17099,#17100);
#17098 = CARTESIAN_POINT('',(73.325,-162.85,-4.6E-02));
#17099 = DIRECTION('',(0.,1.,0.));
#17100 = DIRECTION('',(1.,0.,0.));
#17101 = ADVANCED_FACE('',(#17102),#17113,.F.);
#17102 = FACE_BOUND('',#17103,.T.);
#17103 = EDGE_LOOP('',(#17104,#17105,#17106,#17107));
#17104 = ORIENTED_EDGE('',*,*,#16386,.T.);
#17105 = ORIENTED_EDGE('',*,*,#17091,.T.);
#17106 = ORIENTED_EDGE('',*,*,#16735,.F.);
#17107 = ORIENTED_EDGE('',*,*,#17108,.F.);
#17108 = EDGE_CURVE('',#16379,#16728,#17109,.T.);
#17109 = LINE('',#17110,#17111);
#17110 = CARTESIAN_POINT('',(75.875,-159.65,-4.6E-02));
#17111 = VECTOR('',#17112,1.);
#17112 = DIRECTION('',(0.,0.,1.));
#17113 = CYLINDRICAL_SURFACE('',#17114,1.6);
#17114 = AXIS2_PLACEMENT_3D('',#17115,#17116,#17117);
#17115 = CARTESIAN_POINT('',(75.875,-161.25,-4.6E-02));
#17116 = DIRECTION('',(-0.,0.,-1.));
#17117 = DIRECTION('',(8.881784197001E-15,-1.,-0.));
#17118 = ADVANCED_FACE('',(#17119),#17125,.T.);
#17119 = FACE_BOUND('',#17120,.T.);
#17120 = EDGE_LOOP('',(#17121,#17122,#17123,#17124));
#17121 = ORIENTED_EDGE('',*,*,#16378,.T.);
#17122 = ORIENTED_EDGE('',*,*,#17108,.T.);
#17123 = ORIENTED_EDGE('',*,*,#16727,.F.);
#17124 = ORIENTED_EDGE('',*,*,#17067,.F.);
#17125 = PLANE('',#17126);
#17126 = AXIS2_PLACEMENT_3D('',#17127,#17128,#17129);
#17127 = CARTESIAN_POINT('',(75.875,-159.65,-4.6E-02));
#17128 = DIRECTION('',(0.,-1.,0.));
#17129 = DIRECTION('',(-1.,0.,0.));
#17130 = ADVANCED_FACE('',(#17131),#17142,.F.);
#17131 = FACE_BOUND('',#17132,.T.);
#17132 = EDGE_LOOP('',(#17133,#17134,#17140,#17141));
#17133 = ORIENTED_EDGE('',*,*,#16403,.T.);
#17134 = ORIENTED_EDGE('',*,*,#17135,.T.);
#17135 = EDGE_CURVE('',#16404,#16753,#17136,.T.);
#17136 = LINE('',#17137,#17138);
#17137 = CARTESIAN_POINT('',(74.6,-150.25,-4.6E-02));
#17138 = VECTOR('',#17139,1.);
#17139 = DIRECTION('',(0.,0.,1.));
#17140 = ORIENTED_EDGE('',*,*,#16752,.F.);
#17141 = ORIENTED_EDGE('',*,*,#17135,.F.);
#17142 = CYLINDRICAL_SURFACE('',#17143,3.25);
#17143 = AXIS2_PLACEMENT_3D('',#17144,#17145,#17146);
#17144 = CARTESIAN_POINT('',(74.6,-147.,-4.6E-02));
#17145 = DIRECTION('',(-0.,-0.,-1.));
#17146 = DIRECTION('',(-0.,-1.,0.));
#17147 = ADVANCED_FACE('',(#17148),#17159,.F.);
#17148 = FACE_BOUND('',#17149,.T.);
#17149 = EDGE_LOOP('',(#17150,#17151,#17157,#17158));
#17150 = ORIENTED_EDGE('',*,*,#16414,.T.);
#17151 = ORIENTED_EDGE('',*,*,#17152,.T.);
#17152 = EDGE_CURVE('',#16415,#16764,#17153,.T.);
#17153 = LINE('',#17154,#17155);
#17154 = CARTESIAN_POINT('',(74.6,-137.55,-4.6E-02));
#17155 = VECTOR('',#17156,1.);
#17156 = DIRECTION('',(0.,0.,1.));
#17157 = ORIENTED_EDGE('',*,*,#16763,.F.);
#17158 = ORIENTED_EDGE('',*,*,#17152,.F.);
#17159 = CYLINDRICAL_SURFACE('',#17160,3.25);
#17160 = AXIS2_PLACEMENT_3D('',#17161,#17162,#17163);
#17161 = CARTESIAN_POINT('',(74.6,-134.3,-4.6E-02));
#17162 = DIRECTION('',(-0.,-0.,-1.));
#17163 = DIRECTION('',(-0.,-1.,0.));
#17164 = ADVANCED_FACE('',(#17165),#17176,.F.);
#17165 = FACE_BOUND('',#17166,.T.);
#17166 = EDGE_LOOP('',(#17167,#17168,#17174,#17175));
#17167 = ORIENTED_EDGE('',*,*,#16425,.T.);
#17168 = ORIENTED_EDGE('',*,*,#17169,.T.);
#17169 = EDGE_CURVE('',#16426,#16775,#17170,.T.);
#17170 = LINE('',#17171,#17172);
#17171 = CARTESIAN_POINT('',(87.3,-150.249999,-4.6E-02));
#17172 = VECTOR('',#17173,1.);
#17173 = DIRECTION('',(0.,0.,1.));
#17174 = ORIENTED_EDGE('',*,*,#16774,.F.);
#17175 = ORIENTED_EDGE('',*,*,#17169,.F.);
#17176 = CYLINDRICAL_SURFACE('',#17177,3.25);
#17177 = AXIS2_PLACEMENT_3D('',#17178,#17179,#17180);
#17178 = CARTESIAN_POINT('',(87.3,-146.999999,-4.6E-02));
#17179 = DIRECTION('',(-0.,-0.,-1.));
#17180 = DIRECTION('',(-0.,-1.,0.));
#17181 = ADVANCED_FACE('',(#17182),#17193,.F.);
#17182 = FACE_BOUND('',#17183,.T.);
#17183 = EDGE_LOOP('',(#17184,#17185,#17191,#17192));
#17184 = ORIENTED_EDGE('',*,*,#16436,.T.);
#17185 = ORIENTED_EDGE('',*,*,#17186,.T.);
#17186 = EDGE_CURVE('',#16437,#16786,#17187,.T.);
#17187 = LINE('',#17188,#17189);
#17188 = CARTESIAN_POINT('',(87.3,-137.55,-4.6E-02));
#17189 = VECTOR('',#17190,1.);
#17190 = DIRECTION('',(0.,0.,1.));
#17191 = ORIENTED_EDGE('',*,*,#16785,.F.);
#17192 = ORIENTED_EDGE('',*,*,#17186,.F.);
#17193 = CYLINDRICAL_SURFACE('',#17194,3.25);
#17194 = AXIS2_PLACEMENT_3D('',#17195,#17196,#17197);
#17195 = CARTESIAN_POINT('',(87.3,-134.3,-4.6E-02));
#17196 = DIRECTION('',(-0.,-0.,-1.));
#17197 = DIRECTION('',(-0.,-1.,0.));
#17198 = ADVANCED_FACE('',(#17199),#17210,.F.);
#17199 = FACE_BOUND('',#17200,.T.);
#17200 = EDGE_LOOP('',(#17201,#17202,#17208,#17209));
#17201 = ORIENTED_EDGE('',*,*,#16447,.T.);
#17202 = ORIENTED_EDGE('',*,*,#17203,.T.);
#17203 = EDGE_CURVE('',#16448,#16797,#17204,.T.);
#17204 = LINE('',#17205,#17206);
#17205 = CARTESIAN_POINT('',(74.6,-124.85,-4.6E-02));
#17206 = VECTOR('',#17207,1.);
#17207 = DIRECTION('',(0.,0.,1.));
#17208 = ORIENTED_EDGE('',*,*,#16796,.F.);
#17209 = ORIENTED_EDGE('',*,*,#17203,.F.);
#17210 = CYLINDRICAL_SURFACE('',#17211,3.25);
#17211 = AXIS2_PLACEMENT_3D('',#17212,#17213,#17214);
#17212 = CARTESIAN_POINT('',(74.6,-121.6,-4.6E-02));
#17213 = DIRECTION('',(-0.,-0.,-1.));
#17214 = DIRECTION('',(-0.,-1.,0.));
#17215 = ADVANCED_FACE('',(#17216),#17227,.F.);
#17216 = FACE_BOUND('',#17217,.T.);
#17217 = EDGE_LOOP('',(#17218,#17219,#17225,#17226));
#17218 = ORIENTED_EDGE('',*,*,#16458,.T.);
#17219 = ORIENTED_EDGE('',*,*,#17220,.T.);
#17220 = EDGE_CURVE('',#16459,#16808,#17221,.T.);
#17221 = LINE('',#17222,#17223);
#17222 = CARTESIAN_POINT('',(74.6,-111.25,-4.6E-02));
#17223 = VECTOR('',#17224,1.);
#17224 = DIRECTION('',(0.,0.,1.));
#17225 = ORIENTED_EDGE('',*,*,#16807,.F.);
#17226 = ORIENTED_EDGE('',*,*,#17220,.F.);
#17227 = CYLINDRICAL_SURFACE('',#17228,3.25);
#17228 = AXIS2_PLACEMENT_3D('',#17229,#17230,#17231);
#17229 = CARTESIAN_POINT('',(74.6,-108.,-4.6E-02));
#17230 = DIRECTION('',(-0.,-0.,-1.));
#17231 = DIRECTION('',(-0.,-1.,0.));
#17232 = ADVANCED_FACE('',(#17233),#17244,.F.);
#17233 = FACE_BOUND('',#17234,.T.);
#17234 = EDGE_LOOP('',(#17235,#17236,#17242,#17243));
#17235 = ORIENTED_EDGE('',*,*,#16469,.T.);
#17236 = ORIENTED_EDGE('',*,*,#17237,.T.);
#17237 = EDGE_CURVE('',#16470,#16819,#17238,.T.);
#17238 = LINE('',#17239,#17240);
#17239 = CARTESIAN_POINT('',(87.3,-124.85,-4.6E-02));
#17240 = VECTOR('',#17241,1.);
#17241 = DIRECTION('',(0.,0.,1.));
#17242 = ORIENTED_EDGE('',*,*,#16818,.F.);
#17243 = ORIENTED_EDGE('',*,*,#17237,.F.);
#17244 = CYLINDRICAL_SURFACE('',#17245,3.25);
#17245 = AXIS2_PLACEMENT_3D('',#17246,#17247,#17248);
#17246 = CARTESIAN_POINT('',(87.3,-121.6,-4.6E-02));
#17247 = DIRECTION('',(-0.,-0.,-1.));
#17248 = DIRECTION('',(-0.,-1.,0.));
#17249 = ADVANCED_FACE('',(#17250),#17261,.F.);
#17250 = FACE_BOUND('',#17251,.T.);
#17251 = EDGE_LOOP('',(#17252,#17253,#17259,#17260));
#17252 = ORIENTED_EDGE('',*,*,#16480,.T.);
#17253 = ORIENTED_EDGE('',*,*,#17254,.T.);
#17254 = EDGE_CURVE('',#16481,#16830,#17255,.T.);
#17255 = LINE('',#17256,#17257);
#17256 = CARTESIAN_POINT('',(87.3,-111.25,-4.6E-02));
#17257 = VECTOR('',#17258,1.);
#17258 = DIRECTION('',(0.,0.,1.));
#17259 = ORIENTED_EDGE('',*,*,#16829,.F.);
#17260 = ORIENTED_EDGE('',*,*,#17254,.F.);
#17261 = CYLINDRICAL_SURFACE('',#17262,3.25);
#17262 = AXIS2_PLACEMENT_3D('',#17263,#17264,#17265);
#17263 = CARTESIAN_POINT('',(87.3,-108.,-4.6E-02));
#17264 = DIRECTION('',(-0.,-0.,-1.));
#17265 = DIRECTION('',(-0.,-1.,0.));
#17266 = ADVANCED_FACE('',(#17267),#17278,.F.);
#17267 = FACE_BOUND('',#17268,.T.);
#17268 = EDGE_LOOP('',(#17269,#17270,#17276,#17277));
#17269 = ORIENTED_EDGE('',*,*,#16491,.T.);
#17270 = ORIENTED_EDGE('',*,*,#17271,.T.);
#17271 = EDGE_CURVE('',#16492,#16841,#17272,.T.);
#17272 = LINE('',#17273,#17274);
#17273 = CARTESIAN_POINT('',(100.,-150.249999,-4.6E-02));
#17274 = VECTOR('',#17275,1.);
#17275 = DIRECTION('',(0.,0.,1.));
#17276 = ORIENTED_EDGE('',*,*,#16840,.F.);
#17277 = ORIENTED_EDGE('',*,*,#17271,.F.);
#17278 = CYLINDRICAL_SURFACE('',#17279,3.25);
#17279 = AXIS2_PLACEMENT_3D('',#17280,#17281,#17282);
#17280 = CARTESIAN_POINT('',(100.,-146.999999,-4.6E-02));
#17281 = DIRECTION('',(-0.,-0.,-1.));
#17282 = DIRECTION('',(-0.,-1.,0.));
#17283 = ADVANCED_FACE('',(#17284),#17295,.F.);
#17284 = FACE_BOUND('',#17285,.T.);
#17285 = EDGE_LOOP('',(#17286,#17287,#17293,#17294));
#17286 = ORIENTED_EDGE('',*,*,#16502,.T.);
#17287 = ORIENTED_EDGE('',*,*,#17288,.T.);
#17288 = EDGE_CURVE('',#16503,#16852,#17289,.T.);
#17289 = LINE('',#17290,#17291);
#17290 = CARTESIAN_POINT('',(100.,-137.55,-4.6E-02));
#17291 = VECTOR('',#17292,1.);
#17292 = DIRECTION('',(0.,0.,1.));
#17293 = ORIENTED_EDGE('',*,*,#16851,.F.);
#17294 = ORIENTED_EDGE('',*,*,#17288,.F.);
#17295 = CYLINDRICAL_SURFACE('',#17296,3.25);
#17296 = AXIS2_PLACEMENT_3D('',#17297,#17298,#17299);
#17297 = CARTESIAN_POINT('',(100.,-134.3,-4.6E-02));
#17298 = DIRECTION('',(-0.,-0.,-1.));
#17299 = DIRECTION('',(-0.,-1.,0.));
#17300 = ADVANCED_FACE('',(#17301),#17312,.F.);
#17301 = FACE_BOUND('',#17302,.T.);
#17302 = EDGE_LOOP('',(#17303,#17304,#17310,#17311));
#17303 = ORIENTED_EDGE('',*,*,#16513,.T.);
#17304 = ORIENTED_EDGE('',*,*,#17305,.T.);
#17305 = EDGE_CURVE('',#16514,#16863,#17306,.T.);
#17306 = LINE('',#17307,#17308);
#17307 = CARTESIAN_POINT('',(112.7,-150.249999,-4.6E-02));
#17308 = VECTOR('',#17309,1.);
#17309 = DIRECTION('',(0.,0.,1.));
#17310 = ORIENTED_EDGE('',*,*,#16862,.F.);
#17311 = ORIENTED_EDGE('',*,*,#17305,.F.);
#17312 = CYLINDRICAL_SURFACE('',#17313,3.25);
#17313 = AXIS2_PLACEMENT_3D('',#17314,#17315,#17316);
#17314 = CARTESIAN_POINT('',(112.7,-146.999999,-4.6E-02));
#17315 = DIRECTION('',(-0.,-0.,-1.));
#17316 = DIRECTION('',(-0.,-1.,0.));
#17317 = ADVANCED_FACE('',(#17318),#17329,.F.);
#17318 = FACE_BOUND('',#17319,.T.);
#17319 = EDGE_LOOP('',(#17320,#17321,#17327,#17328));
#17320 = ORIENTED_EDGE('',*,*,#16524,.T.);
#17321 = ORIENTED_EDGE('',*,*,#17322,.T.);
#17322 = EDGE_CURVE('',#16525,#16874,#17323,.T.);
#17323 = LINE('',#17324,#17325);
#17324 = CARTESIAN_POINT('',(112.7,-137.55,-4.6E-02));
#17325 = VECTOR('',#17326,1.);
#17326 = DIRECTION('',(0.,0.,1.));
#17327 = ORIENTED_EDGE('',*,*,#16873,.F.);
#17328 = ORIENTED_EDGE('',*,*,#17322,.F.);
#17329 = CYLINDRICAL_SURFACE('',#17330,3.25);
#17330 = AXIS2_PLACEMENT_3D('',#17331,#17332,#17333);
#17331 = CARTESIAN_POINT('',(112.7,-134.3,-4.6E-02));
#17332 = DIRECTION('',(-0.,-0.,-1.));
#17333 = DIRECTION('',(-0.,-1.,0.));
#17334 = ADVANCED_FACE('',(#17335),#17351,.F.);
#17335 = FACE_BOUND('',#17336,.T.);
#17336 = EDGE_LOOP('',(#17337,#17338,#17344,#17345));
#17337 = ORIENTED_EDGE('',*,*,#16535,.T.);
#17338 = ORIENTED_EDGE('',*,*,#17339,.T.);
#17339 = EDGE_CURVE('',#16538,#16887,#17340,.T.);
#17340 = LINE('',#17341,#17342);
#17341 = CARTESIAN_POINT('',(124.125,-159.65,-4.6E-02));
#17342 = VECTOR('',#17343,1.);
#17343 = DIRECTION('',(0.,0.,1.));
#17344 = ORIENTED_EDGE('',*,*,#16884,.F.);
#17345 = ORIENTED_EDGE('',*,*,#17346,.F.);
#17346 = EDGE_CURVE('',#16536,#16885,#17347,.T.);
#17347 = LINE('',#17348,#17349);
#17348 = CARTESIAN_POINT('',(124.125,-162.85,-4.6E-02));
#17349 = VECTOR('',#17350,1.);
#17350 = DIRECTION('',(0.,0.,1.));
#17351 = CYLINDRICAL_SURFACE('',#17352,1.6);
#17352 = AXIS2_PLACEMENT_3D('',#17353,#17354,#17355);
#17353 = CARTESIAN_POINT('',(124.125,-161.25,-4.6E-02));
#17354 = DIRECTION('',(-0.,-0.,-1.));
#17355 = DIRECTION('',(-8.881784197001E-15,1.,0.));
#17356 = ADVANCED_FACE('',(#17357),#17368,.T.);
#17357 = FACE_BOUND('',#17358,.T.);
#17358 = EDGE_LOOP('',(#17359,#17360,#17361,#17362));
#17359 = ORIENTED_EDGE('',*,*,#16563,.T.);
#17360 = ORIENTED_EDGE('',*,*,#17346,.T.);
#17361 = ORIENTED_EDGE('',*,*,#16912,.F.);
#17362 = ORIENTED_EDGE('',*,*,#17363,.F.);
#17363 = EDGE_CURVE('',#16555,#16904,#17364,.T.);
#17364 = LINE('',#17365,#17366);
#17365 = CARTESIAN_POINT('',(126.675,-162.85,-4.6E-02));
#17366 = VECTOR('',#17367,1.);
#17367 = DIRECTION('',(0.,0.,1.));
#17368 = PLANE('',#17369);
#17369 = AXIS2_PLACEMENT_3D('',#17370,#17371,#17372);
#17370 = CARTESIAN_POINT('',(124.125,-162.85,-4.6E-02));
#17371 = DIRECTION('',(0.,1.,0.));
#17372 = DIRECTION('',(1.,0.,0.));
#17373 = ADVANCED_FACE('',(#17374),#17385,.F.);
#17374 = FACE_BOUND('',#17375,.T.);
#17375 = EDGE_LOOP('',(#17376,#17377,#17378,#17379));
#17376 = ORIENTED_EDGE('',*,*,#16554,.T.);
#17377 = ORIENTED_EDGE('',*,*,#17363,.T.);
#17378 = ORIENTED_EDGE('',*,*,#16903,.F.);
#17379 = ORIENTED_EDGE('',*,*,#17380,.F.);
#17380 = EDGE_CURVE('',#16547,#16896,#17381,.T.);
#17381 = LINE('',#17382,#17383);
#17382 = CARTESIAN_POINT('',(126.675,-159.65,-4.6E-02));
#17383 = VECTOR('',#17384,1.);
#17384 = DIRECTION('',(0.,0.,1.));
#17385 = CYLINDRICAL_SURFACE('',#17386,1.6);
#17386 = AXIS2_PLACEMENT_3D('',#17387,#17388,#17389);
#17387 = CARTESIAN_POINT('',(126.675,-161.25,-4.6E-02));
#17388 = DIRECTION('',(-0.,0.,-1.));
#17389 = DIRECTION('',(8.881784197001E-15,-1.,-0.));
#17390 = ADVANCED_FACE('',(#17391),#17397,.T.);
#17391 = FACE_BOUND('',#17392,.T.);
#17392 = EDGE_LOOP('',(#17393,#17394,#17395,#17396));
#17393 = ORIENTED_EDGE('',*,*,#16546,.T.);
#17394 = ORIENTED_EDGE('',*,*,#17380,.T.);
#17395 = ORIENTED_EDGE('',*,*,#16895,.F.);
#17396 = ORIENTED_EDGE('',*,*,#17339,.F.);
#17397 = PLANE('',#17398);
#17398 = AXIS2_PLACEMENT_3D('',#17399,#17400,#17401);
#17399 = CARTESIAN_POINT('',(126.675,-159.65,-4.6E-02));
#17400 = DIRECTION('',(0.,-1.,0.));
#17401 = DIRECTION('',(-1.,0.,0.));
#17402 = ADVANCED_FACE('',(#17403),#17414,.F.);
#17403 = FACE_BOUND('',#17404,.T.);
#17404 = EDGE_LOOP('',(#17405,#17406,#17412,#17413));
#17405 = ORIENTED_EDGE('',*,*,#16571,.T.);
#17406 = ORIENTED_EDGE('',*,*,#17407,.T.);
#17407 = EDGE_CURVE('',#16572,#16921,#17408,.T.);
#17408 = LINE('',#17409,#17410);
#17409 = CARTESIAN_POINT('',(100.,-124.85,-4.6E-02));
#17410 = VECTOR('',#17411,1.);
#17411 = DIRECTION('',(0.,0.,1.));
#17412 = ORIENTED_EDGE('',*,*,#16920,.F.);
#17413 = ORIENTED_EDGE('',*,*,#17407,.F.);
#17414 = CYLINDRICAL_SURFACE('',#17415,3.25);
#17415 = AXIS2_PLACEMENT_3D('',#17416,#17417,#17418);
#17416 = CARTESIAN_POINT('',(100.,-121.6,-4.6E-02));
#17417 = DIRECTION('',(-0.,-0.,-1.));
#17418 = DIRECTION('',(-0.,-1.,0.));
#17419 = ADVANCED_FACE('',(#17420),#17431,.F.);
#17420 = FACE_BOUND('',#17421,.T.);
#17421 = EDGE_LOOP('',(#17422,#17423,#17429,#17430));
#17422 = ORIENTED_EDGE('',*,*,#16582,.T.);
#17423 = ORIENTED_EDGE('',*,*,#17424,.T.);
#17424 = EDGE_CURVE('',#16583,#16932,#17425,.T.);
#17425 = LINE('',#17426,#17427);
#17426 = CARTESIAN_POINT('',(112.7,-124.85,-4.6E-02));
#17427 = VECTOR('',#17428,1.);
#17428 = DIRECTION('',(0.,0.,1.));
#17429 = ORIENTED_EDGE('',*,*,#16931,.F.);
#17430 = ORIENTED_EDGE('',*,*,#17424,.F.);
#17431 = CYLINDRICAL_SURFACE('',#17432,3.25);
#17432 = AXIS2_PLACEMENT_3D('',#17433,#17434,#17435);
#17433 = CARTESIAN_POINT('',(112.7,-121.6,-4.6E-02));
#17434 = DIRECTION('',(-0.,-0.,-1.));
#17435 = DIRECTION('',(-0.,-1.,0.));
#17436 = ADVANCED_FACE('',(#17437),#17453,.F.);
#17437 = FACE_BOUND('',#17438,.T.);
#17438 = EDGE_LOOP('',(#17439,#17440,#17446,#17447));
#17439 = ORIENTED_EDGE('',*,*,#16593,.T.);
#17440 = ORIENTED_EDGE('',*,*,#17441,.T.);
#17441 = EDGE_CURVE('',#16596,#16945,#17442,.T.);
#17442 = LINE('',#17443,#17444);
#17443 = CARTESIAN_POINT('',(75.875,-40.35,-4.6E-02));
#17444 = VECTOR('',#17445,1.);
#17445 = DIRECTION('',(0.,0.,1.));
#17446 = ORIENTED_EDGE('',*,*,#16942,.F.);
#17447 = ORIENTED_EDGE('',*,*,#17448,.F.);
#17448 = EDGE_CURVE('',#16594,#16943,#17449,.T.);
#17449 = LINE('',#17450,#17451);
#17450 = CARTESIAN_POINT('',(75.875,-37.15,-4.6E-02));
#17451 = VECTOR('',#17452,1.);
#17452 = DIRECTION('',(0.,0.,1.));
#17453 = CYLINDRICAL_SURFACE('',#17454,1.6);
#17454 = AXIS2_PLACEMENT_3D('',#17455,#17456,#17457);
#17455 = CARTESIAN_POINT('',(75.875,-38.75,-4.6E-02));
#17456 = DIRECTION('',(-0.,-0.,-1.));
#17457 = DIRECTION('',(-0.,-1.,0.));
#17458 = ADVANCED_FACE('',(#17459),#17470,.T.);
#17459 = FACE_BOUND('',#17460,.T.);
#17460 = EDGE_LOOP('',(#17461,#17462,#17463,#17464));
#17461 = ORIENTED_EDGE('',*,*,#16621,.T.);
#17462 = ORIENTED_EDGE('',*,*,#17448,.T.);
#17463 = ORIENTED_EDGE('',*,*,#16970,.F.);
#17464 = ORIENTED_EDGE('',*,*,#17465,.F.);
#17465 = EDGE_CURVE('',#16613,#16962,#17466,.T.);
#17466 = LINE('',#17467,#17468);
#17467 = CARTESIAN_POINT('',(73.325,-37.15,-4.6E-02));
#17468 = VECTOR('',#17469,1.);
#17469 = DIRECTION('',(0.,0.,1.));
#17470 = PLANE('',#17471);
#17471 = AXIS2_PLACEMENT_3D('',#17472,#17473,#17474);
#17472 = CARTESIAN_POINT('',(75.875,-37.15,-4.6E-02));
#17473 = DIRECTION('',(0.,-1.,0.));
#17474 = DIRECTION('',(-1.,0.,0.));
#17475 = ADVANCED_FACE('',(#17476),#17487,.F.);
#17476 = FACE_BOUND('',#17477,.T.);
#17477 = EDGE_LOOP('',(#17478,#17479,#17480,#17481));
#17478 = ORIENTED_EDGE('',*,*,#16612,.T.);
#17479 = ORIENTED_EDGE('',*,*,#17465,.T.);
#17480 = ORIENTED_EDGE('',*,*,#16961,.F.);
#17481 = ORIENTED_EDGE('',*,*,#17482,.F.);
#17482 = EDGE_CURVE('',#16605,#16954,#17483,.T.);
#17483 = LINE('',#17484,#17485);
#17484 = CARTESIAN_POINT('',(73.325,-40.35,-4.6E-02));
#17485 = VECTOR('',#17486,1.);
#17486 = DIRECTION('',(0.,0.,1.));
#17487 = CYLINDRICAL_SURFACE('',#17488,1.6);
#17488 = AXIS2_PLACEMENT_3D('',#17489,#17490,#17491);
#17489 = CARTESIAN_POINT('',(73.325,-38.75,-4.6E-02));
#17490 = DIRECTION('',(-0.,0.,-1.));
#17491 = DIRECTION('',(0.,1.,0.));
#17492 = ADVANCED_FACE('',(#17493),#17499,.T.);
#17493 = FACE_BOUND('',#17494,.T.);
#17494 = EDGE_LOOP('',(#17495,#17496,#17497,#17498));
#17495 = ORIENTED_EDGE('',*,*,#16604,.T.);
#17496 = ORIENTED_EDGE('',*,*,#17482,.T.);
#17497 = ORIENTED_EDGE('',*,*,#16953,.F.);
#17498 = ORIENTED_EDGE('',*,*,#17441,.F.);
#17499 = PLANE('',#17500);
#17500 = AXIS2_PLACEMENT_3D('',#17501,#17502,#17503);
#17501 = CARTESIAN_POINT('',(73.325,-40.35,-4.6E-02));
#17502 = DIRECTION('',(0.,1.,0.));
#17503 = DIRECTION('',(1.,0.,0.));
#17504 = ADVANCED_FACE('',(#17505),#17521,.T.);
#17505 = FACE_BOUND('',#17506,.T.);
#17506 = EDGE_LOOP('',(#17507,#17513,#17514,#17520));
#17507 = ORIENTED_EDGE('',*,*,#17508,.T.);
#17508 = EDGE_CURVE('',#16630,#16979,#17509,.T.);
#17509 = LINE('',#17510,#17511);
#17510 = CARTESIAN_POINT('',(71.3,-69.07,0.));
#17511 = VECTOR('',#17512,1.);
#17512 = DIRECTION('',(0.,0.,1.));
#17513 = ORIENTED_EDGE('',*,*,#16978,.T.);
#17514 = ORIENTED_EDGE('',*,*,#17515,.F.);
#17515 = EDGE_CURVE('',#16632,#16981,#17516,.T.);
#17516 = LINE('',#17517,#17518);
#17517 = CARTESIAN_POINT('',(100.7,-69.07,0.));
#17518 = VECTOR('',#17519,1.);
#17519 = DIRECTION('',(0.,0.,1.));
#17520 = ORIENTED_EDGE('',*,*,#16629,.F.);
#17521 = PLANE('',#17522);
#17522 = AXIS2_PLACEMENT_3D('',#17523,#17524,#17525);
#17523 = CARTESIAN_POINT('',(71.3,-69.07,0.));
#17524 = DIRECTION('',(0.,1.,0.));
#17525 = DIRECTION('',(1.,0.,0.));
#17526 = ADVANCED_FACE('',(#17527),#17538,.T.);
#17527 = FACE_BOUND('',#17528,.T.);
#17528 = EDGE_LOOP('',(#17529,#17535,#17536,#17537));
#17529 = ORIENTED_EDGE('',*,*,#17530,.T.);
#17530 = EDGE_CURVE('',#16640,#16989,#17531,.T.);
#17531 = LINE('',#17532,#17533);
#17532 = CARTESIAN_POINT('',(71.3,-54.37,0.));
#17533 = VECTOR('',#17534,1.);
#17534 = DIRECTION('',(0.,0.,1.));
#17535 = ORIENTED_EDGE('',*,*,#16988,.T.);
#17536 = ORIENTED_EDGE('',*,*,#17508,.F.);
#17537 = ORIENTED_EDGE('',*,*,#16639,.F.);
#17538 = PLANE('',#17539);
#17539 = AXIS2_PLACEMENT_3D('',#17540,#17541,#17542);
#17540 = CARTESIAN_POINT('',(71.3,-54.37,0.));
#17541 = DIRECTION('',(1.,0.,-0.));
#17542 = DIRECTION('',(0.,-1.,0.));
#17543 = ADVANCED_FACE('',(#17544),#17555,.T.);
#17544 = FACE_BOUND('',#17545,.T.);
#17545 = EDGE_LOOP('',(#17546,#17547,#17548,#17554));
#17546 = ORIENTED_EDGE('',*,*,#17515,.T.);
#17547 = ORIENTED_EDGE('',*,*,#17004,.T.);
#17548 = ORIENTED_EDGE('',*,*,#17549,.F.);
#17549 = EDGE_CURVE('',#16648,#16997,#17550,.T.);
#17550 = LINE('',#17551,#17552);
#17551 = CARTESIAN_POINT('',(100.7,-54.37,0.));
#17552 = VECTOR('',#17553,1.);
#17553 = DIRECTION('',(0.,0.,1.));
#17554 = ORIENTED_EDGE('',*,*,#16655,.F.);
#17555 = PLANE('',#17556);
#17556 = AXIS2_PLACEMENT_3D('',#17557,#17558,#17559);
#17557 = CARTESIAN_POINT('',(100.7,-69.07,0.));
#17558 = DIRECTION('',(-1.,0.,0.));
#17559 = DIRECTION('',(0.,1.,0.));
#17560 = ADVANCED_FACE('',(#17561),#17567,.T.);
#17561 = FACE_BOUND('',#17562,.T.);
#17562 = EDGE_LOOP('',(#17563,#17564,#17565,#17566));
#17563 = ORIENTED_EDGE('',*,*,#17549,.T.);
#17564 = ORIENTED_EDGE('',*,*,#16996,.T.);
#17565 = ORIENTED_EDGE('',*,*,#17530,.F.);
#17566 = ORIENTED_EDGE('',*,*,#16647,.F.);
#17567 = PLANE('',#17568);
#17568 = AXIS2_PLACEMENT_3D('',#17569,#17570,#17571);
#17569 = CARTESIAN_POINT('',(100.7,-54.37,0.));
#17570 = DIRECTION('',(0.,-1.,0.));
#17571 = DIRECTION('',(-1.,0.,0.));
#17572 = ADVANCED_FACE('',(#17573),#17589,.F.);
#17573 = FACE_BOUND('',#17574,.T.);
#17574 = EDGE_LOOP('',(#17575,#17576,#17582,#17583));
#17575 = ORIENTED_EDGE('',*,*,#16663,.T.);
#17576 = ORIENTED_EDGE('',*,*,#17577,.T.);
#17577 = EDGE_CURVE('',#16666,#17015,#17578,.T.);
#17578 = LINE('',#17579,#17580);
#17579 = CARTESIAN_POINT('',(126.675,-40.35,-4.6E-02));
#17580 = VECTOR('',#17581,1.);
#17581 = DIRECTION('',(0.,0.,1.));
#17582 = ORIENTED_EDGE('',*,*,#17012,.F.);
#17583 = ORIENTED_EDGE('',*,*,#17584,.F.);
#17584 = EDGE_CURVE('',#16664,#17013,#17585,.T.);
#17585 = LINE('',#17586,#17587);
#17586 = CARTESIAN_POINT('',(126.675,-37.15,-4.6E-02));
#17587 = VECTOR('',#17588,1.);
#17588 = DIRECTION('',(0.,0.,1.));
#17589 = CYLINDRICAL_SURFACE('',#17590,1.6);
#17590 = AXIS2_PLACEMENT_3D('',#17591,#17592,#17593);
#17591 = CARTESIAN_POINT('',(126.675,-38.75,-4.6E-02));
#17592 = DIRECTION('',(-0.,-0.,-1.));
#17593 = DIRECTION('',(-0.,-1.,0.));
#17594 = ADVANCED_FACE('',(#17595),#17606,.T.);
#17595 = FACE_BOUND('',#17596,.T.);
#17596 = EDGE_LOOP('',(#17597,#17598,#17599,#17600));
#17597 = ORIENTED_EDGE('',*,*,#16691,.T.);
#17598 = ORIENTED_EDGE('',*,*,#17584,.T.);
#17599 = ORIENTED_EDGE('',*,*,#17040,.F.);
#17600 = ORIENTED_EDGE('',*,*,#17601,.F.);
#17601 = EDGE_CURVE('',#16683,#17032,#17602,.T.);
#17602 = LINE('',#17603,#17604);
#17603 = CARTESIAN_POINT('',(124.125,-37.15,-4.6E-02));
#17604 = VECTOR('',#17605,1.);
#17605 = DIRECTION('',(0.,0.,1.));
#17606 = PLANE('',#17607);
#17607 = AXIS2_PLACEMENT_3D('',#17608,#17609,#17610);
#17608 = CARTESIAN_POINT('',(126.675,-37.15,-4.6E-02));
#17609 = DIRECTION('',(0.,-1.,0.));
#17610 = DIRECTION('',(-1.,0.,0.));
#17611 = ADVANCED_FACE('',(#17612),#17623,.F.);
#17612 = FACE_BOUND('',#17613,.T.);
#17613 = EDGE_LOOP('',(#17614,#17615,#17616,#17617));
#17614 = ORIENTED_EDGE('',*,*,#16682,.T.);
#17615 = ORIENTED_EDGE('',*,*,#17601,.T.);
#17616 = ORIENTED_EDGE('',*,*,#17031,.F.);
#17617 = ORIENTED_EDGE('',*,*,#17618,.F.);
#17618 = EDGE_CURVE('',#16675,#17024,#17619,.T.);
#17619 = LINE('',#17620,#17621);
#17620 = CARTESIAN_POINT('',(124.125,-40.35,-4.6E-02));
#17621 = VECTOR('',#17622,1.);
#17622 = DIRECTION('',(0.,0.,1.));
#17623 = CYLINDRICAL_SURFACE('',#17624,1.6);
#17624 = AXIS2_PLACEMENT_3D('',#17625,#17626,#17627);
#17625 = CARTESIAN_POINT('',(124.125,-38.75,-4.6E-02));
#17626 = DIRECTION('',(-0.,0.,-1.));
#17627 = DIRECTION('',(0.,1.,0.));
#17628 = ADVANCED_FACE('',(#17629),#17635,.T.);
#17629 = FACE_BOUND('',#17630,.T.);
#17630 = EDGE_LOOP('',(#17631,#17632,#17633,#17634));
#17631 = ORIENTED_EDGE('',*,*,#16674,.T.);
#17632 = ORIENTED_EDGE('',*,*,#17618,.T.);
#17633 = ORIENTED_EDGE('',*,*,#17023,.F.);
#17634 = ORIENTED_EDGE('',*,*,#17577,.F.);
#17635 = PLANE('',#17636);
#17636 = AXIS2_PLACEMENT_3D('',#17637,#17638,#17639);
#17637 = CARTESIAN_POINT('',(124.125,-40.35,-4.6E-02));
#17638 = DIRECTION('',(0.,1.,0.));
#17639 = DIRECTION('',(1.,0.,0.));
#17640 = ( GEOMETRIC_REPRESENTATION_CONTEXT(3) 
GLOBAL_UNCERTAINTY_ASSIGNED_CONTEXT((#17644)) 
GLOBAL_UNIT_ASSIGNED_CONTEXT((#17641,#17642,#17643)) 
REPRESENTATION_CONTEXT('Context #1',
  '3D Context with UNIT and UNCERTAINTY') );
#17641 = ( LENGTH_UNIT() NAMED_UNIT(*) SI_UNIT(.MILLI.,.METRE.) );
#17642 = ( NAMED_UNIT(*) PLANE_ANGLE_UNIT() SI_UNIT($,.RADIAN.) );
#17643 = ( NAMED_UNIT(*) SI_UNIT($,.STERADIAN.) SOLID_ANGLE_UNIT() );
#17644 = UNCERTAINTY_MEASURE_WITH_UNIT(LENGTH_MEASURE(1.E-07),#17641,
  'distance_accuracy_value','confusion accuracy');
#17645 = CONTEXT_DEPENDENT_SHAPE_REPRESENTATION(#17646,#17648);
#17646 = ( REPRESENTATION_RELATIONSHIP('','',#16247,#10) 
REPRESENTATION_RELATIONSHIP_WITH_TRANSFORMATION(#17647) 
SHAPE_REPRESENTATION_RELATIONSHIP() );
#17647 = ITEM_DEFINED_TRANSFORMATION('','',#11,#31);
#17648 = PRODUCT_DEFINITION_SHAPE('Placement','Placement of an item',
  #17649);
#17649 = NEXT_ASSEMBLY_USAGE_OCCURRENCE('5','=>[0:1:1:6]','',#5,#16242,$
  );
#17650 = PRODUCT_RELATED_PRODUCT_CATEGORY('part',$,(#16244));
#17651 = MECHANICAL_DESIGN_GEOMETRIC_PRESENTATION_REPRESENTATION('',(
    #17652),#16229);
#17652 = STYLED_ITEM('color',(#17653),#15789);
#17653 = PRESENTATION_STYLE_ASSIGNMENT((#17654));
#17654 = SURFACE_STYLE_USAGE(.BOTH.,#17655);
#17655 = SURFACE_SIDE_STYLE('',(#17656,#17660));
#17656 = SURFACE_STYLE_FILL_AREA(#17657);
#17657 = FILL_AREA_STYLE('',(#17658));
#17658 = FILL_AREA_STYLE_COLOUR('',#17659);
#17659 = COLOUR_RGB('',0.204454873135,0.204454873135,0.204454873135);
#17660 = SURFACE_STYLE_RENDERING_WITH_PROPERTIES(.NORMAL_SHADING.,#17659
  ,(#17661));
#17661 = SURFACE_STYLE_TRANSPARENT(0.170000016689);
#17662 = MECHANICAL_DESIGN_GEOMETRIC_PRESENTATION_REPRESENTATION('',(
    #17663,#17672,#17681,#17690,#17699,#17708),#15768);
#17663 = STYLED_ITEM('color',(#17664),#8837);
#17664 = PRESENTATION_STYLE_ASSIGNMENT((#17665));
#17665 = SURFACE_STYLE_USAGE(.BOTH.,#17666);
#17666 = SURFACE_SIDE_STYLE('',(#17667,#17670));
#17667 = SURFACE_STYLE_FILL_AREA(#17668);
#17668 = FILL_AREA_STYLE('',(#17669));
#17669 = FILL_AREA_STYLE_COLOUR('',#17659);
#17670 = SURFACE_STYLE_RENDERING_WITH_PROPERTIES(.NORMAL_SHADING.,#17659
  ,(#17671));
#17671 = SURFACE_STYLE_TRANSPARENT(0.170000016689);
#17672 = STYLED_ITEM('color',(#17673),#9025);
#17673 = PRESENTATION_STYLE_ASSIGNMENT((#17674));
#17674 = SURFACE_STYLE_USAGE(.BOTH.,#17675);
#17675 = SURFACE_SIDE_STYLE('',(#17676,#17679));
#17676 = SURFACE_STYLE_FILL_AREA(#17677);
#17677 = FILL_AREA_STYLE('',(#17678));
#17678 = FILL_AREA_STYLE_COLOUR('',#17659);
#17679 = SURFACE_STYLE_RENDERING_WITH_PROPERTIES(.NORMAL_SHADING.,#17659
  ,(#17680));
#17680 = SURFACE_STYLE_TRANSPARENT(0.170000016689);
#17681 = STYLED_ITEM('color',(#17682),#9212);
#17682 = PRESENTATION_STYLE_ASSIGNMENT((#17683));
#17683 = SURFACE_STYLE_USAGE(.BOTH.,#17684);
#17684 = SURFACE_SIDE_STYLE('',(#17685,#17688));
#17685 = SURFACE_STYLE_FILL_AREA(#17686);
#17686 = FILL_AREA_STYLE('',(#17687));
#17687 = FILL_AREA_STYLE_COLOUR('',#17659);
#17688 = SURFACE_STYLE_RENDERING_WITH_PROPERTIES(.NORMAL_SHADING.,#17659
  ,(#17689));
#17689 = SURFACE_STYLE_TRANSPARENT(0.170000016689);
#17690 = STYLED_ITEM('color',(#17691),#9407);
#17691 = PRESENTATION_STYLE_ASSIGNMENT((#17692));
#17692 = SURFACE_STYLE_USAGE(.BOTH.,#17693);
#17693 = SURFACE_SIDE_STYLE('',(#17694,#17697));
#17694 = SURFACE_STYLE_FILL_AREA(#17695);
#17695 = FILL_AREA_STYLE('',(#17696));
#17696 = FILL_AREA_STYLE_COLOUR('',#17659);
#17697 = SURFACE_STYLE_RENDERING_WITH_PROPERTIES(.NORMAL_SHADING.,#17659
  ,(#17698));
#17698 = SURFACE_STYLE_TRANSPARENT(0.170000016689);
#17699 = STYLED_ITEM('color',(#17700),#9602);
#17700 = PRESENTATION_STYLE_ASSIGNMENT((#17701));
#17701 = SURFACE_STYLE_USAGE(.BOTH.,#17702);
#17702 = SURFACE_SIDE_STYLE('',(#17703,#17706));
#17703 = SURFACE_STYLE_FILL_AREA(#17704);
#17704 = FILL_AREA_STYLE('',(#17705));
#17705 = FILL_AREA_STYLE_COLOUR('',#17659);
#17706 = SURFACE_STYLE_RENDERING_WITH_PROPERTIES(.NORMAL_SHADING.,#17659
  ,(#17707));
#17707 = SURFACE_STYLE_TRANSPARENT(0.170000016689);
#17708 = STYLED_ITEM('color',(#17709),#9708);
#17709 = PRESENTATION_STYLE_ASSIGNMENT((#17710));
#17710 = SURFACE_STYLE_USAGE(.BOTH.,#17711);
#17711 = SURFACE_SIDE_STYLE('',(#17712,#17715));
#17712 = SURFACE_STYLE_FILL_AREA(#17713);
#17713 = FILL_AREA_STYLE('',(#17714));
#17714 = FILL_AREA_STYLE_COLOUR('',#17659);
#17715 = SURFACE_STYLE_RENDERING_WITH_PROPERTIES(.NORMAL_SHADING.,#17659
  ,(#17716));
#17716 = SURFACE_STYLE_TRANSPARENT(0.170000016689);
#17717 = MECHANICAL_DESIGN_GEOMETRIC_PRESENTATION_REPRESENTATION('',(
    #17718),#17640);
#17718 = STYLED_ITEM('color',(#17719),#16248);
#17719 = PRESENTATION_STYLE_ASSIGNMENT((#17720));
#17720 = SURFACE_STYLE_USAGE(.BOTH.,#17721);
#17721 = SURFACE_SIDE_STYLE('',(#17722,#17726));
#17722 = SURFACE_STYLE_FILL_AREA(#17723);
#17723 = FILL_AREA_STYLE('',(#17724));
#17724 = FILL_AREA_STYLE_COLOUR('',#17725);
#17725 = COLOUR_RGB('',0.679975718802,0.701410709185,0.574871009914);
#17726 = SURFACE_STYLE_RENDERING_WITH_PROPERTIES(.NORMAL_SHADING.,#17725
  ,(#17727));
#17727 = SURFACE_STYLE_TRANSPARENT(1.999998092651E-02);
#17728 = MECHANICAL_DESIGN_GEOMETRIC_PRESENTATION_REPRESENTATION('',(
    #17729),#2249);
#17729 = STYLED_ITEM('color',(#17730),#49);
#17730 = PRESENTATION_STYLE_ASSIGNMENT((#17731));
#17731 = SURFACE_STYLE_USAGE(.BOTH.,#17732);
#17732 = SURFACE_SIDE_STYLE('',(#17733));
#17733 = SURFACE_STYLE_FILL_AREA(#17734);
#17734 = FILL_AREA_STYLE('',(#17735));
#17735 = FILL_AREA_STYLE_COLOUR('',#17736);
#17736 = COLOUR_RGB('',0.854305825093,0.803630995277,0.);
#17737 = MECHANICAL_DESIGN_GEOMETRIC_PRESENTATION_REPRESENTATION('',(
    #17738,#17746,#17753,#17760,#17767,#17774,#17781,#17788,#17795,
    #17802,#17809,#17816,#17823,#17830,#17837),#8816);
#17738 = STYLED_ITEM('color',(#17739),#2270);
#17739 = PRESENTATION_STYLE_ASSIGNMENT((#17740));
#17740 = SURFACE_STYLE_USAGE(.BOTH.,#17741);
#17741 = SURFACE_SIDE_STYLE('',(#17742));
#17742 = SURFACE_STYLE_FILL_AREA(#17743);
#17743 = FILL_AREA_STYLE('',(#17744));
#17744 = FILL_AREA_STYLE_COLOUR('',#17745);
#17745 = COLOUR_RGB('',0.982560078588,0.982560078588,0.982560078588);
#17746 = STYLED_ITEM('color',(#17747),#2896);
#17747 = PRESENTATION_STYLE_ASSIGNMENT((#17748));
#17748 = SURFACE_STYLE_USAGE(.BOTH.,#17749);
#17749 = SURFACE_SIDE_STYLE('',(#17750));
#17750 = SURFACE_STYLE_FILL_AREA(#17751);
#17751 = FILL_AREA_STYLE('',(#17752));
#17752 = FILL_AREA_STYLE_COLOUR('',#17745);
#17753 = STYLED_ITEM('color',(#17754),#3557);
#17754 = PRESENTATION_STYLE_ASSIGNMENT((#17755));
#17755 = SURFACE_STYLE_USAGE(.BOTH.,#17756);
#17756 = SURFACE_SIDE_STYLE('',(#17757));
#17757 = SURFACE_STYLE_FILL_AREA(#17758);
#17758 = FILL_AREA_STYLE('',(#17759));
#17759 = FILL_AREA_STYLE_COLOUR('',#17745);
#17760 = STYLED_ITEM('color',(#17761),#4218);
#17761 = PRESENTATION_STYLE_ASSIGNMENT((#17762));
#17762 = SURFACE_STYLE_USAGE(.BOTH.,#17763);
#17763 = SURFACE_SIDE_STYLE('',(#17764));
#17764 = SURFACE_STYLE_FILL_AREA(#17765);
#17765 = FILL_AREA_STYLE('',(#17766));
#17766 = FILL_AREA_STYLE_COLOUR('',#17745);
#17767 = STYLED_ITEM('color',(#17768),#4679);
#17768 = PRESENTATION_STYLE_ASSIGNMENT((#17769));
#17769 = SURFACE_STYLE_USAGE(.BOTH.,#17770);
#17770 = SURFACE_SIDE_STYLE('',(#17771));
#17771 = SURFACE_STYLE_FILL_AREA(#17772);
#17772 = FILL_AREA_STYLE('',(#17773));
#17773 = FILL_AREA_STYLE_COLOUR('',#17745);
#17774 = STYLED_ITEM('color',(#17775),#5042);
#17775 = PRESENTATION_STYLE_ASSIGNMENT((#17776));
#17776 = SURFACE_STYLE_USAGE(.BOTH.,#17777);
#17777 = SURFACE_SIDE_STYLE('',(#17778));
#17778 = SURFACE_STYLE_FILL_AREA(#17779);
#17779 = FILL_AREA_STYLE('',(#17780));
#17780 = FILL_AREA_STYLE_COLOUR('',#17745);
#17781 = STYLED_ITEM('color',(#17782),#5551);
#17782 = PRESENTATION_STYLE_ASSIGNMENT((#17783));
#17783 = SURFACE_STYLE_USAGE(.BOTH.,#17784);
#17784 = SURFACE_SIDE_STYLE('',(#17785));
#17785 = SURFACE_STYLE_FILL_AREA(#17786);
#17786 = FILL_AREA_STYLE('',(#17787));
#17787 = FILL_AREA_STYLE_COLOUR('',#17745);
#17788 = STYLED_ITEM('color',(#17789),#5891);
#17789 = PRESENTATION_STYLE_ASSIGNMENT((#17790));
#17790 = SURFACE_STYLE_USAGE(.BOTH.,#17791);
#17791 = SURFACE_SIDE_STYLE('',(#17792));
#17792 = SURFACE_STYLE_FILL_AREA(#17793);
#17793 = FILL_AREA_STYLE('',(#17794));
#17794 = FILL_AREA_STYLE_COLOUR('',#17745);
#17795 = STYLED_ITEM('color',(#17796),#6352);
#17796 = PRESENTATION_STYLE_ASSIGNMENT((#17797));
#17797 = SURFACE_STYLE_USAGE(.BOTH.,#17798);
#17798 = SURFACE_SIDE_STYLE('',(#17799));
#17799 = SURFACE_STYLE_FILL_AREA(#17800);
#17800 = FILL_AREA_STYLE('',(#17801));
#17801 = FILL_AREA_STYLE_COLOUR('',#17745);
#17802 = STYLED_ITEM('color',(#17803),#6848);
#17803 = PRESENTATION_STYLE_ASSIGNMENT((#17804));
#17804 = SURFACE_STYLE_USAGE(.BOTH.,#17805);
#17805 = SURFACE_SIDE_STYLE('',(#17806));
#17806 = SURFACE_STYLE_FILL_AREA(#17807);
#17807 = FILL_AREA_STYLE('',(#17808));
#17808 = FILL_AREA_STYLE_COLOUR('',#17745);
#17809 = STYLED_ITEM('color',(#17810),#7287);
#17810 = PRESENTATION_STYLE_ASSIGNMENT((#17811));
#17811 = SURFACE_STYLE_USAGE(.BOTH.,#17812);
#17812 = SURFACE_SIDE_STYLE('',(#17813));
#17813 = SURFACE_STYLE_FILL_AREA(#17814);
#17814 = FILL_AREA_STYLE('',(#17815));
#17815 = FILL_AREA_STYLE_COLOUR('',#17745);
#17816 = STYLED_ITEM('color',(#17817),#7457);
#17817 = PRESENTATION_STYLE_ASSIGNMENT((#17818));
#17818 = SURFACE_STYLE_USAGE(.BOTH.,#17819);
#17819 = SURFACE_SIDE_STYLE('',(#17820));
#17820 = SURFACE_STYLE_FILL_AREA(#17821);
#17821 = FILL_AREA_STYLE('',(#17822));
#17822 = FILL_AREA_STYLE_COLOUR('',#17745);
#17823 = STYLED_ITEM('color',(#17824),#8007);
#17824 = PRESENTATION_STYLE_ASSIGNMENT((#17825));
#17825 = SURFACE_STYLE_USAGE(.BOTH.,#17826);
#17826 = SURFACE_SIDE_STYLE('',(#17827));
#17827 = SURFACE_STYLE_FILL_AREA(#17828);
#17828 = FILL_AREA_STYLE('',(#17829));
#17829 = FILL_AREA_STYLE_COLOUR('',#17745);
#17830 = STYLED_ITEM('color',(#17831),#8548);
#17831 = PRESENTATION_STYLE_ASSIGNMENT((#17832));
#17832 = SURFACE_STYLE_USAGE(.BOTH.,#17833);
#17833 = SURFACE_SIDE_STYLE('',(#17834));
#17834 = SURFACE_STYLE_FILL_AREA(#17835);
#17835 = FILL_AREA_STYLE('',(#17836));
#17836 = FILL_AREA_STYLE_COLOUR('',#17745);
#17837 = STYLED_ITEM('color',(#17838),#8680);
#17838 = PRESENTATION_STYLE_ASSIGNMENT((#17839));
#17839 = SURFACE_STYLE_USAGE(.BOTH.,#17840);
#17840 = SURFACE_SIDE_STYLE('',(#17841));
#17841 = SURFACE_STYLE_FILL_AREA(#17842);
#17842 = FILL_AREA_STYLE('',(#17843));
#17843 = FILL_AREA_STYLE_COLOUR('',#17745);
ENDSEC;
END-ISO-10303-21;
